timestamp,organisation_id,region,service_id,requests_per_minute,concurrent_users,traffic_multiplier,normalised_load,event_type,event_severity,seasonal_factor,disaster_event,event_duration_minutes,available_instances,max_instances,instance_capacity_rpm,total_capacity_rpm,cpu_utilisation,memory_utilisation,queue_depth,queue_growth_rate,queue_wait_time,average_latency_ms,p95_latency_ms,p99_latency_ms,error_rate,scaling_action,scale_out_instances,scale_in_instances,scaling_delay_seconds,sla_target_latency_ms,sla_target_error_rate,sla_status,data_quality_flag
2025-01-01 00:00:00,GOV-EMERG-001,central,api-data,108.0,7,0.135,0.0216,seasonal,low,1.0,False,4320.0,10,50,500,5000,2.47,4.0,0.0,0.0,0.0,21.9,53.4,97.4,0.00103,none,0,0,0,500.0,0.01,met,VALID
2025-01-01 02:00:00,GOV-EMERG-001,central,portal-main,80.3,4,0.1,0.0161,seasonal,low,1.0436,False,4320.0,10,50,500,5000,1.0,4.0,0.0,0.0,0.0,20.1,51.4,104.5,0.00043,none,0,0,0,500.0,0.01,met,VALID
2025-01-01 04:00:00,GOV-EMERG-001,central,api-data,73.0,4,0.091,0.0146,seasonal,low,1.0868,False,4320.0,10,50,500,5000,1.0,4.0,0.0,0.0,0.0,26.7,66.6,155.6,0.00132,none,0,0,0,500.0,0.01,met,VALID
2025-01-01 06:00:00,GOV-EMERG-001,central,api-data,218.8,11,0.274,0.0438,seasonal,low,1.1294,False,4320.0,10,50,500,5000,1.0,4.0,0.0,0.0,0.0,27.1,58.9,109.0,0.0007650000000000001,none,0,0,0,500.0,0.01,met,IMPUTED_MISSING
2025-01-01 08:00:00,GOV-EMERG-001,central,portal-main,628.6,19,0.786,0.1257,seasonal,low,1.171,False,4320.0,10,50,500,5000,9.72,5.2,0.0,0.0,0.0,23.8,60.0,123.7,0.00021,none,0,0,0,500.0,0.01,met,VALID
2025-01-01 10:00:00,GOV-EMERG-001,central,status-page,1032.5,50,1.291,0.2065,seasonal,low,1.2113,False,4320.0,10,50,500,5000,20.2,16.98,0.0,0.0,0.0,31.4,73.1,126.0,0.00077,none,0,0,0,500.0,0.01,met,IMPUTED_MISSING
2025-01-01 12:00:00,GOV-EMERG-001,central,api-data,960.3,42,1.2,0.1921,seasonal,low,1.25,False,4320.0,10,50,500,5000,18.47,11.63,0.0,0.0,0.0,33.3,67.6,174.9,0.00089,none,0,0,0,500.0,0.01,met,VALID
2025-01-01 14:00:00,GOV-EMERG-001,central,api-data,1056.0,61,1.32,0.2112,seasonal,low,1.2868,False,4320.0,10,50,500,5000,21.24,13.35,0.0,0.0,0.0,26.8,64.4,129.1,0.00095,none,0,0,0,500.0,0.01,met,VALID
2025-01-01 16:00:00,GOV-EMERG-001,central,portal-main,878.1,51,1.098,0.1756,seasonal,low,1.3214,False,4320.0,10,50,500,5000,15.28,10.97,0.0,0.0,0.0,26.3,60.6,128.3,0.00157,none,0,0,0,500.0,0.01,met,VALID
2025-01-01 18:00:00,GOV-EMERG-001,central,portal-main,695.4,38,0.869,0.1391,seasonal,low,1.3536,False,4320.0,10,50,500,5000,7.55,5.2,0.0,0.0,0.0,26.5,61.4,157.1,0.00123,none,0,0,0,500.0,0.01,met,VALID
2025-01-01 20:00:00,GOV-EMERG-001,central,portal-main,477.9,25,0.597,0.0956,seasonal,low,1.383,False,4320.0,10,50,500,5000,5.05,4.0,0.0,0.0,0.0,26.8,60.2,143.7,0.00045,none,0,0,0,500.0,0.01,met,VALID
2025-01-01 22:00:00,GOV-EMERG-001,central,status-page,300.0,11,0.375,0.06,seasonal,low,1.4096,False,4320.0,10,50,500,5000,5.38,5.96,0.0,0.0,0.0,29.4,59.9,129.0,0.0004,none,0,0,0,500.0,0.01,met,VALID
2025-01-02 00:00:00,GOV-EMERG-001,central,portal-main,163.0,9,0.204,0.0326,seasonal,low,1.433,False,4320.0,10,50,500,5000,2.45,4.0,0.0,0.0,0.0,24.5,51.7,147.1,0.00089,none,0,0,0,500.0,0.01,met,VALID
2025-01-02 02:00:00,GOV-EMERG-001,central,api-data,112.7,6,0.141,0.0225,seasonal,low,1.4532,False,4320.0,10,50,500,5000,1.4,4.0,0.0,0.0,0.0,25.8,63.3,116.4,0.00105,none,0,0,0,500.0,0.01,met,VALID
2025-01-02 04:00:00,GOV-EMERG-001,central,portal-main,89.2,5,0.112,0.0178,seasonal,low,1.4698,False,4320.0,10,50,500,5000,1.0,4.0,0.0,0.0,0.0,34.4,73.7,185.0,0.0014,none,0,0,0,500.0,0.01,met,VALID
2025-01-02 06:00:00,GOV-EMERG-001,central,portal-main,273.4,18,0.342,0.0547,seasonal,low,1.483,False,4320.0,10,50,500,5000,2.84,4.0,0.0,0.0,0.0,22.6,53.8,121.3,0.00169,none,0,0,0,500.0,0.01,met,VALID
2025-01-02 08:00:00,GOV-EMERG-001,central,portal-main,844.9,30,1.056,0.169,seasonal,low,1.4924,False,4320.0,10,50,500,5000,15.44,10.17,0.0,0.0,0.0,29.150000000000002,63.9,156.6,0.00171,none,0,0,0,500.0,0.01,met,IMPUTED_MISSING
2025-01-02 10:00:00,GOV-EMERG-001,central,portal-main,1212.5,57,1.516,0.2425,seasonal,low,1.4981,False,4320.0,10,50,500,5000,19.33,9.11,0.0,0.0,0.0,35.7,76.2,171.4,0.00082,none,0,0,0,500.0,0.01,met,VALID
2025-01-02 12:00:00,GOV-EMERG-001,central,api-data,1171.8,51,1.465,0.2344,seasonal,low,1.5,False,4320.0,10,50,500,5000,17.78,8.15,0.0,0.0,0.0,36.6,79.4,197.4,0.00137,none,0,0,0,500.0,0.01,met,VALID
2025-01-02 14:00:00,GOV-EMERG-001,central,portal-main,1158.4,52,1.448,0.2317,seasonal,low,1.4981,False,4320.0,10,50,500,5000,20.32,12.76,0.0,0.0,0.0,34.2,76.3,179.6,0.00117,none,0,0,0,500.0,0.01,met,IMPUTED_MISSING
2025-01-02 16:00:00,GOV-EMERG-001,central,api-data,1029.9,52,1.287,0.206,seasonal,low,1.4924,False,4320.0,10,50,500,5000,20.08,8.77,0.0,0.0,0.0,38.7,97.9,188.7,0.00056,none,0,0,0,500.0,0.01,met,VALID
2025-01-02 18:00:00,GOV-EMERG-001,central,portal-main,783.2,38,0.979,0.1566,seasonal,low,1.483,False,4320.0,10,50,500,5000,14.46,7.42,0.0,0.0,0.0,30.9,79.3,180.3,0.00024,none,0,0,0,500.0,0.01,met,VALID
2025-01-02 20:00:00,GOV-EMERG-001,central,status-page,522.4,31,0.653,0.1045,seasonal,low,1.4698,False,4320.0,10,50,500,5000,9.39,11.18,0.0,0.0,0.0,20.0,44.7,90.1,0.00106,none,0,0,0,500.0,0.01,met,VALID
2025-01-02 22:00:00,GOV-EMERG-001,central,api-data,337.6,14,0.422,0.0675,seasonal,low,1.4532,False,4320.0,10,50,500,5000,6.82,4.0,0.0,0.0,0.0,27.2,55.1,121.0,0.0004,none,0,0,0,500.0,0.01,met,VALID
2025-01-03 00:00:00,GOV-EMERG-001,central,api-data,169.7,7,0.212,0.0339,seasonal,low,1.433,False,4320.0,10,50,500,5000,1.0,4.0,0.0,0.0,0.0,23.6,55.7,124.1,0.00066,none,0,0,0,500.0,0.01,met,VALID
2025-01-03 02:00:00,GOV-EMERG-001,central,portal-main,108.9,5,0.136,0.0218,seasonal,low,1.4096,False,4320.0,10,50,500,5000,1.0,4.46,0.0,0.0,0.0,31.1,70.0,136.2,0.00073,none,0,0,0,500.0,0.01,met,VALID
2025-01-03 04:00:00,GOV-EMERG-001,central,portal-main,83.0,4,0.104,0.0166,seasonal,low,1.383,False,4320.0,10,50,500,5000,1.29,4.0,0.0,0.0,0.0,29.3,67.2,165.7,0.00109,none,0,0,0,500.0,0.01,met,VALID
2025-01-03 06:00:00,GOV-EMERG-001,central,portal-main,252.6,10,0.316,0.0505,seasonal,low,1.3536,False,4320.0,10,50,500,5000,4.09,4.0,0.0,0.0,0.0,20.0,45.2,93.5,0.00151,none,0,0,0,500.0,0.01,met,VALID
2025-01-03 08:00:00,GOV-EMERG-001,central,portal-main,654.9,32,0.819,0.131,seasonal,low,1.3214,False,4320.0,10,50,500,5000,10.0,6.91,0.0,0.0,0.0,34.2,81.8,165.5,0.00101,none,0,0,0,500.0,0.01,met,VALID
2025-01-03 10:00:00,GOV-EMERG-001,central,api-data,938.6,46,1.173,0.1877,seasonal,low,1.2868,False,4320.0,10,50,500,5000,15.92,10.96,0.0,0.0,0.0,34.5,75.4,185.3,0.00078,none,0,0,0,500.0,0.01,met,VALID
2025-01-03 12:00:00,GOV-EMERG-001,central,api-data,828.4,36,1.035,0.1657,seasonal,low,1.25,False,4320.0,10,50,500,5000,13.59,6.9,0.0,0.0,0.0,28.7,72.7,165.4,0.00017,none,0,0,0,500.0,0.01,met,VALID
2025-01-03 14:00:00,GOV-EMERG-001,central,status-page,868.9,50,1.086,0.1738,seasonal,low,1.2113,False,4320.0,10,50,500,5000,15.06,10.21,0.0,0.0,0.0,29.9,67.5,161.1,0.00118,none,0,0,0,500.0,0.01,met,VALID
2025-01-03 16:00:00,GOV-EMERG-001,central,portal-main,773.1,38,0.966,0.1546,seasonal,low,1.171,False,4320.0,10,50,500,5000,12.51,11.73,0.0,0.0,0.0,35.1,77.5,147.2,0.00101,none,0,0,0,500.0,0.01,met,VALID
2025-01-03 18:00:00,GOV-EMERG-001,central,portal-main,591.3,35,0.739,0.1183,seasonal,low,1.1294,False,4320.0,10,50,500,5000,6.8,4.0,0.0,0.0,0.0,20.5,52.3,95.7,0.00078,none,0,0,0,500.0,0.01,met,VALID
2025-01-03 20:00:00,GOV-EMERG-001,central,portal-main,354.8,17,0.444,0.071,seasonal,low,1.0868,False,4320.0,10,50,500,5000,5.35,7.55,0.0,0.0,0.0,28.7,63.6,157.8,0.00147,none,0,0,0,500.0,0.01,met,VALID
2025-01-03 22:00:00,GOV-EMERG-001,central,portal-main,225.2,11,0.282,0.045,seasonal,low,1.0436,False,4320.0,10,50,500,5000,3.0,5.78,0.0,0.0,0.0,30.6,62.6,177.7,0.00052,none,0,0,0,500.0,0.01,met,VALID
2025-01-04 00:00:00,GOV-EMERG-001,central,portal-main,91.0,4,0.114,0.0182,normal,none,1.0,False,0.0,10,50,500,5000,1.0,4.0,0.0,0.0,0.0,25.1,52.6,132.3,0.00073,none,0,0,0,500.0,0.01,met,VALID
2025-01-04 02:00:00,GOV-EMERG-001,central,portal-main,63.0,3,0.079,0.0126,normal,none,1.0,False,0.0,10,50,500,5000,2.22,4.0,0.0,0.0,0.0,27.9,67.8,144.9,0.0009,none,0,0,0,500.0,0.01,met,VALID
2025-01-04 04:00:00,GOV-EMERG-001,central,portal-main,49.4,3,0.062,0.0099,normal,none,1.0,False,0.0,10,50,500,5000,1.0,4.0,0.0,0.0,0.0,25.7,60.0,122.1,0.00078,none,0,0,0,500.0,0.01,met,VALID
2025-01-04 06:00:00,GOV-EMERG-001,central,api-data,164.8,8,0.206,0.033,normal,none,1.0,False,0.0,10,50,500,5000,1.0,4.0,0.0,0.0,0.0,22.7,52.7,112.6,0.000985,none,0,0,0,500.0,0.01,met,IMPUTED_MISSING
2025-01-04 08:00:00,GOV-EMERG-001,central,portal-main,432.8,24,0.541,0.0866,normal,none,1.0,False,0.0,10,50,500,5000,6.38,6.72,0.0,0.0,0.0,24.1,49.5,117.4,0.00119,none,0,0,0,500.0,0.01,met,VALID
2025-01-04 10:00:00,GOV-EMERG-001,central,api-data,672.4,29,0.84,0.1345,normal,none,1.0,False,0.0,10,50,500,5000,13.71,14.36,0.0,0.0,0.0,31.7,66.6,130.4,0.00142,none,0,0,0,500.0,0.01,met,VALID
2025-01-04 12:00:00,GOV-EMERG-001,central,api-data,568.9,32,0.711,0.1138,normal,none,1.0,False,0.0,10,50,500,5000,11.7,4.51,0.0,0.0,0.0,25.7,57.4,103.8,0.0012,none,0,0,0,500.0,0.01,met,VALID
2025-01-04 14:00:00,GOV-EMERG-001,central,portal-main,619.2,28,0.774,0.1238,normal,none,1.0,False,0.0,10,50,500,5000,6.55,4.0,0.0,0.0,0.0,22.4,50.9,117.4,0.00095,none,0,0,0,500.0,0.01,met,VALID
2025-01-04 16:00:00,GOV-EMERG-001,central,api-data,509.9,29,0.637,0.102,normal,none,1.0,False,0.0,10,50,500,5000,11.36,5.18,0.0,0.0,0.0,28.3,63.1,142.2,0.00086,none,0,0,0,500.0,0.01,met,VALID
2025-01-04 18:00:00,GOV-EMERG-001,central,api-data,421.3,21,0.527,0.0843,normal,none,1.0,False,0.0,10,50,500,5000,7.49,4.79,0.0,0.0,0.0,25.2,58.1,113.4,0.00118,none,0,0,0,500.0,0.01,met,VALID
2025-01-04 20:00:00,GOV-EMERG-001,central,portal-main,300.9,19,0.376,0.0602,normal,none,1.0,False,0.0,10,50,500,5000,7.4,5.45,0.0,0.0,0.0,21.8,53.2,126.2,0.00092,none,0,0,0,500.0,0.01,met,VALID
2025-01-04 22:00:00,GOV-EMERG-001,central,portal-main,181.6,7,0.227,0.0363,normal,none,1.0,False,0.0,10,50,500,5000,3.49,4.0,0.0,0.0,0.0,26.2,62.5,115.8,0.00102,none,0,0,0,500.0,0.01,met,VALID
2025-01-05 00:00:00,GOV-EMERG-001,central,api-data,100.1,4,0.125,0.02,normal,none,1.0,False,0.0,10,50,500,5000,2.04,4.0,0.0,0.0,0.0,28.6,67.6,154.4,0.0012,none,0,0,0,500.0,0.01,met,VALID
2025-01-05 02:00:00,GOV-EMERG-001,central,portal-main,64.3,3,0.08,0.0129,normal,none,1.0,False,0.0,10,50,500,5000,1.0,4.0,0.0,0.0,0.0,25.4,59.3,141.7,0.00106,none,0,0,0,500.0,0.01,met,VALID
2025-01-05 04:00:00,GOV-EMERG-001,central,portal-main,47.3,2,0.059,0.0095,normal,none,1.0,False,0.0,10,50,500,5000,1.39,4.0,0.0,0.0,0.0,21.0,44.5,119.1,0.00112,none,0,0,0,500.0,0.01,met,VALID
2025-01-05 06:00:00,GOV-EMERG-001,central,portal-main,147.6,6,0.184,0.0295,normal,none,1.0,False,0.0,10,50,500,5000,1.48,7.05,0.0,0.0,0.0,27.7,65.4,157.2,0.00068,none,0,0,0,500.0,0.01,met,VALID
2025-01-05 08:00:00,GOV-EMERG-001,central,api-data,429.9,24,0.537,0.086,normal,none,1.0,False,0.0,10,50,500,5000,9.23,4.0,0.0,0.0,0.0,31.5,66.0,176.0,0.00154,none,0,0,0,500.0,0.01,met,VALID
2025-01-05 10:00:00,GOV-EMERG-001,central,api-data,574.9,29,0.719,0.115,normal,none,1.0,False,0.0,10,50,500,5000,5.87,4.0,0.0,0.0,0.0,37.1,90.1,182.4,0.00056,none,0,0,0,500.0,0.01,met,VALID
2025-01-05 12:00:00,GOV-EMERG-001,central,api-data,571.5,26,0.714,0.1143,normal,none,1.0,False,0.0,10,50,500,5000,8.88,8.51,0.0,0.0,0.0,34.0,77.2,178.4,0.00118,none,0,0,0,500.0,0.01,met,IMPUTED_MISSING
2025-01-05 14:00:00,GOV-EMERG-001,central,api-data,610.8,29,0.764,0.1222,normal,none,1.0,False,0.0,10,50,500,5000,15.4,13.02,0.0,0.0,0.0,24.5,57.5,139.8,0.00081,none,0,0,0,500.0,0.01,met,VALID
2025-01-05 16:00:00,GOV-EMERG-001,central,portal-main,516.5,23,0.646,0.1033,normal,none,1.0,False,0.0,10,50,500,5000,9.04,6.18,0.0,0.0,0.0,31.3,78.8,151.6,0.00143,none,0,0,0,500.0,0.01,met,VALID
2025-01-05 18:00:00,GOV-EMERG-001,central,portal-main,403.4,26,0.504,0.0807,normal,none,1.0,False,0.0,10,50,500,5000,11.88,5.79,0.0,0.0,0.0,28.2,62.8,150.7,0.00135,none,0,0,0,500.0,0.01,met,VALID
2025-01-05 20:00:00,GOV-EMERG-001,central,portal-main,293.3,13,0.367,0.0587,normal,none,1.0,False,0.0,10,50,500,5000,7.58,4.0,0.0,0.0,0.0,22.0,45.2,94.8,0.001,none,0,0,0,500.0,0.01,met,VALID
2025-01-05 22:00:00,GOV-EMERG-001,central,portal-main,169.4,7,0.212,0.0339,normal,none,1.0,False,0.0,10,50,500,5000,2.13,4.0,0.0,0.0,0.0,27.0,68.5,138.6,0.00162,none,0,0,0,500.0,0.01,met,VALID
2025-01-06 00:00:00,GOV-EMERG-001,central,api-data,119.3,7,0.149,0.0239,normal,none,1.0,False,0.0,10,50,500,5000,4.72,6.55,0.0,0.0,0.0,33.3,73.9,142.5,0.00093,none,0,0,0,500.0,0.01,met,VALID
2025-01-06 02:00:00,GOV-EMERG-001,central,portal-main,86.0,4,0.108,0.0172,normal,none,1.0,False,0.0,10,50,500,5000,1.67,4.0,0.0,0.0,0.0,30.2,67.8,160.8,0.00135,none,0,0,0,500.0,0.01,met,VALID
2025-01-06 04:00:00,GOV-EMERG-001,central,portal-main,67.1,4,0.084,0.0134,normal,none,1.0,False,0.0,10,50,500,5000,1.0,4.0,0.0,0.0,0.0,21.3,46.4,101.2,0.00071,none,0,0,0,500.0,0.01,met,VALID
2025-01-06 06:00:00,GOV-EMERG-001,central,api-data,196.8,9,0.246,0.0394,normal,none,1.0,False,0.0,10,50,500,5000,1.0,4.0,0.0,0.0,0.0,26.1,58.7,116.2,0.00116,none,0,0,0,500.0,0.01,met,VALID
2025-01-06 08:00:00,GOV-EMERG-001,central,portal-main,560.1,32,0.7,0.112,normal,none,1.0,False,0.0,10,50,500,5000,5.21,4.0,0.0,0.0,0.0,30.1,69.7,142.2,0.00063,none,0,0,0,500.0,0.01,met,VALID
2025-01-06 10:00:00,GOV-EMERG-001,central,portal-main,807.8,48,1.01,0.1616,normal,none,1.0,False,0.0,10,50,500,5000,12.38,7.43,0.0,0.0,0.0,22.9,57.4,123.7,0.00101,none,0,0,0,500.0,0.01,met,VALID
2025-01-06 12:00:00,GOV-EMERG-001,central,portal-main,733.0,33,0.916,0.1466,normal,none,1.0,False,0.0,10,50,500,5000,10.99,5.19,0.0,0.0,0.0,22.5,54.8,130.9,0.00098,none,0,0,0,500.0,0.01,met,VALID
2025-01-06 14:00:00,GOV-EMERG-001,central,portal-main,745.7,33,0.932,0.1491,normal,none,1.0,False,0.0,10,50,500,5000,12.26,5.43,0.0,0.0,0.0,30.0,69.2,120.7,0.00135,none,0,0,0,500.0,0.01,met,VALID
2025-01-06 16:00:00,GOV-EMERG-001,central,portal-main,627.6,35,0.784,0.1255,normal,none,1.0,False,0.0,10,50,500,5000,10.96,6.78,0.0,0.0,0.0,29.3,71.9,126.9,0.00073,none,0,0,0,500.0,0.01,met,VALID
2025-01-06 18:00:00,GOV-EMERG-001,central,portal-main,496.9,27,0.621,0.0994,normal,none,1.0,False,0.0,10,50,500,5000,14.2,7.83,0.0,0.0,0.0,20.4,51.2,110.4,0.00223,none,0,0,0,500.0,0.01,met,VALID
2025-01-06 20:00:00,GOV-EMERG-001,central,portal-main,342.6,13,0.428,0.0685,normal,none,1.0,False,0.0,10,50,500,5000,4.92,4.0,0.0,0.0,0.0,28.4,57.8,145.9,0.00045,none,0,0,0,500.0,0.01,met,VALID
2025-01-06 22:00:00,GOV-EMERG-001,central,portal-main,216.8,9,0.271,0.0434,normal,none,1.0,False,0.0,10,50,500,5000,5.27,4.0,0.0,0.0,0.0,30.5,71.8,141.4,0.00109,none,0,0,0,500.0,0.01,met,VALID
2025-01-07 00:00:00,GOV-EMERG-001,central,api-data,123.8,4,0.155,0.0248,normal,none,1.0,False,0.0,10,50,500,5000,1.0,4.0,0.0,0.0,0.0,24.8,50.2,131.3,0.00112,none,0,0,0,500.0,0.01,met,VALID
2025-01-07 02:00:00,GOV-EMERG-001,central,portal-main,79.3,4,0.099,0.0159,normal,none,1.0,False,0.0,10,50,500,5000,1.0,4.0,0.0,0.0,0.0,26.200000000000003,56.0,147.0,0.00122,none,0,0,0,500.0,0.01,met,IMPUTED_MISSING
2025-01-07 04:00:00,GOV-EMERG-001,central,portal-main,133.55,3,0.167,0.0267,normal,none,1.0,False,0.0,10,50,500,5000,4.96,4.95,0.0,0.0,0.0,27.6,67.9,124.7,0.00079,none,0,0,0,500.0,0.01,met,IMPUTED_MISSING
2025-01-07 06:00:00,GOV-EMERG-001,central,portal-main,187.8,9,0.235,0.0376,normal,none,1.0,False,0.0,10,50,500,5000,7.79,4.49,0.0,0.0,0.0,27.7,68.6,137.9,0.0011,none,0,0,0,500.0,0.01,met,VALID
2025-01-07 08:00:00,GOV-EMERG-001,central,portal-main,547.1,20,0.684,0.1094,normal,none,1.0,False,0.0,10,50,500,5000,8.94,5.91,0.0,0.0,0.0,21.4,54.1,86.5,0.00077,none,0,0,0,500.0,0.01,met,VALID
2025-01-07 10:00:00,GOV-EMERG-001,central,api-data,823.5,34,1.029,0.1647,normal,none,1.0,False,0.0,10,50,500,5000,11.88,4.46,0.0,0.0,0.0,26.3,60.5,155.0,0.00175,none,0,0,0,500.0,0.01,met,VALID
2025-01-07 12:00:00,GOV-EMERG-001,central,portal-main,741.4,34,0.927,0.1483,normal,none,1.0,False,0.0,10,50,500,5000,13.49,9.05,0.0,0.0,0.0,26.200000000000003,56.9,155.6,0.00075,none,0,0,0,500.0,0.01,met,IMPUTED_MISSING
2025-01-07 14:00:00,GOV-EMERG-001,central,api-data,771.0,34,0.964,0.1542,normal,none,1.0,False,0.0,10,50,500,5000,14.06,10.68,0.0,0.0,0.0,26.1,54.2,130.8,0.00094,none,0,0,0,500.0,0.01,met,VALID
2025-01-07 16:00:00,GOV-EMERG-001,central,api-data,685.5,35,0.857,0.1371,normal,none,1.0,False,0.0,10,50,500,5000,10.09,6.42,0.0,0.0,0.0,34.8,74.8,208.5,0.00073,none,0,0,0,500.0,0.01,met,IMPUTED_MISSING
2025-01-07 18:00:00,GOV-EMERG-001,central,portal-main,577.2,32,0.722,0.1154,normal,none,1.0,False,0.0,10,50,500,5000,7.97,9.54,0.0,0.0,0.0,30.8,68.5,136.8,0.00068,none,0,0,0,500.0,0.01,met,VALID
2025-01-07 20:00:00,GOV-EMERG-001,central,api-data,359.7,22,0.45,0.0719,normal,none,1.0,False,0.0,10,50,500,5000,5.02,4.4,0.0,0.0,0.0,22.5,52.1,123.5,0.00044,none,0,0,0,500.0,0.01,met,IMPUTED_MISSING
2025-01-07 22:00:00,GOV-EMERG-001,central,portal-main,216.2,11,0.27,0.0432,normal,none,1.0,False,0.0,10,50,500,5000,5.17,4.0,0.0,0.0,0.0,25.3,60.3,140.0,0.00127,none,0,0,0,500.0,0.01,met,IMPUTED_MISSING
2025-01-08 00:00:00,GOV-EMERG-001,central,portal-main,119.0,7,0.149,0.0238,normal,none,1.0,False,0.0,10,50,500,5000,2.35,4.0,0.0,0.0,0.0,30.1,63.2,170.6,0.00073,none,0,0,0,500.0,0.01,met,IMPUTED_MISSING
2025-01-08 02:00:00,GOV-EMERG-001,central,portal-main,80.4,3,0.1,0.0161,normal,none,1.0,False,0.0,10,50,500,5000,2.38,4.0,0.0,0.0,0.0,22.8,48.2,122.6,0.00068,none,0,0,0,500.0,0.01,met,VALID
2025-01-08 04:00:00,GOV-EMERG-001,central,api-data,63.5,2,0.079,0.0127,normal,none,1.0,False,0.0,10,50,500,5000,1.0,4.0,0.0,0.0,0.0,28.7,60.4,125.9,0.00061,none,0,0,0,500.0,0.01,met,VALID
2025-01-08 06:00:00,GOV-EMERG-001,central,portal-main,199.7,9,0.25,0.0399,normal,none,1.0,False,0.0,10,50,500,5000,1.0,4.0,0.0,0.0,0.0,31.6,77.4,132.1,0.00112,none,0,0,0,500.0,0.01,met,VALID
2025-01-08 08:00:00,GOV-EMERG-001,central,portal-main,519.6,19,0.65,0.1039,normal,none,1.0,False,0.0,10,50,500,5000,12.32,7.31,0.0,0.0,0.0,32.8,71.5,142.9,0.00101,none,0,0,0,500.0,0.01,met,VALID
2025-01-08 10:00:00,GOV-EMERG-001,central,portal-main,761.5,38,0.952,0.1523,normal,none,1.0,False,0.0,10,50,500,5000,11.49,7.33,0.0,0.0,0.0,30.2,63.4,172.7,0.00101,none,0,0,0,500.0,0.01,met,VALID
2025-01-08 12:00:00,GOV-EMERG-001,central,portal-main,714.6,31,0.893,0.1429,normal,none,1.0,False,0.0,10,50,500,5000,8.49,4.03,0.0,0.0,0.0,34.2,61.4,164.2,0.0007,none,0,0,0,500.0,0.01,met,IMPUTED_MISSING
2025-01-08 14:00:00,GOV-EMERG-001,central,api-data,793.4,27,0.992,0.1587,normal,none,1.0,False,0.0,10,50,500,5000,9.14,11.0,0.0,0.0,0.0,27.6,59.4,140.7,0.00117,none,0,0,0,500.0,0.01,met,IMPUTED_MISSING
2025-01-08 16:00:00,GOV-EMERG-001,central,portal-main,660.7,43,0.826,0.1321,normal,none,1.0,False,0.0,10,50,500,5000,9.79,7.4,0.0,0.0,0.0,38.7,86.1,157.0,0.00074,none,0,0,0,500.0,0.01,met,VALID
2025-01-08 18:00:00,GOV-EMERG-001,central,portal-main,515.4,23,0.644,0.1031,normal,none,1.0,False,0.0,10,50,500,5000,8.13,4.0,0.0,0.0,0.0,28.8,71.9,143.7,0.00103,none,0,0,0,500.0,0.01,met,VALID
2025-01-08 20:00:00,GOV-EMERG-001,central,portal-main,361.1,13,0.451,0.0722,normal,none,1.0,False,0.0,10,50,500,5000,2.43,4.0,0.0,0.0,0.0,31.5,69.4,151.9,0.00094,none,0,0,0,500.0,0.01,met,VALID
2025-01-08 22:00:00,GOV-EMERG-001,central,portal-main,234.0,13,0.292,0.0468,normal,none,1.0,False,0.0,10,50,500,5000,1.0,4.0,0.0,0.0,0.0,24.8,52.2,125.6,0.00032,none,0,0,0,500.0,0.01,met,REPAIRED_CAPACITY
2025-01-09 00:00:00,GOV-EMERG-001,central,portal-main,119.4,5,0.149,0.0239,normal,none,1.0,False,0.0,10,50,500,5000,1.0,4.0,0.0,0.0,0.0,27.6,59.1,131.2,0.00181,none,0,0,0,500.0,0.01,met,VALID
2025-01-09 02:00:00,GOV-EMERG-001,central,portal-main,81.6,5,0.102,0.0163,normal,none,1.0,False,0.0,10,50,500,5000,1.0,4.0,0.0,0.0,0.0,27.6,55.7,114.5,0.00123,none,0,0,0,500.0,0.01,met,VALID
2025-01-09 04:00:00,GOV-EMERG-001,central,portal-main,62.3,3,0.078,0.0125,normal,none,1.0,False,0.0,10,50,500,5000,1.76,4.0,0.0,0.0,0.0,21.6,54.9,88.3,0.0011849999999999999,none,0,0,0,500.0,0.01,met,IMPUTED_MISSING
2025-01-09 06:00:00,GOV-EMERG-001,central,status-page,205.7,9,0.257,0.0411,normal,none,1.0,False,0.0,10,50,500,5000,1.0,4.0,0.0,0.0,0.0,22.2,53.8,131.2,0.00114,none,0,0,0,500.0,0.01,met,VALID
2025-01-09 08:00:00,GOV-EMERG-001,central,status-page,570.5,30,0.713,0.1141,normal,none,1.0,False,0.0,10,50,500,5000,4.88,4.0,0.0,0.0,0.0,27.4,62.4,142.7,0.00182,none,0,0,0,500.0,0.01,met,VALID
2025-01-09 10:00:00,GOV-EMERG-001,central,api-data,834.6,46,1.043,0.1669,normal,none,1.0,False,0.0,10,50,500,5000,14.27,11.05,0.0,0.0,0.0,34.4,80.4,182.0,0.00145,none,0,0,0,500.0,0.01,met,VALID
2025-01-09 12:00:00,GOV-EMERG-001,central,portal-main,829.05,42,1.036,0.1658,normal,none,1.0,False,0.0,10,50,500,5000,14.9,12.53,0.0,0.0,0.0,22.1,47.5,128.6,0.00114,none,0,0,0,500.0,0.01,met,IMPUTED_MISSING
2025-01-09 14:00:00,GOV-EMERG-001,central,status-page,823.5,41,1.029,0.1647,normal,none,1.0,False,0.0,10,50,500,5000,12.63,9.7,0.0,0.0,0.0,28.5,63.9,145.3,0.00072,none,0,0,0,500.0,0.01,met,VALID
2025-01-09 16:00:00,GOV-EMERG-001,central,api-data,676.7,37,0.846,0.1353,normal,none,1.0,False,0.0,10,50,500,5000,8.05,8.11,0.0,0.0,0.0,34.2,74.9,178.6,0.00078,none,0,0,0,500.0,0.01,met,VALID
2025-01-09 18:00:00,GOV-EMERG-001,central,api-data,526.4,30,0.658,0.1053,normal,none,1.0,False,0.0,10,50,500,5000,10.51,8.82,0.0,0.0,0.0,23.0,57.4,116.1,0.00028,none,0,0,0,500.0,0.01,met,VALID
2025-01-09 20:00:00,GOV-EMERG-001,central,portal-main,379.1,20,0.474,0.0758,normal,none,1.0,False,0.0,10,50,500,5000,1.01,4.0,0.0,0.0,0.0,32.1,78.4,139.5,0.00085,none,0,0,0,500.0,0.01,met,VALID
2025-01-09 22:00:00,GOV-EMERG-001,central,portal-main,216.7,11,0.271,0.0433,normal,none,1.0,False,0.0,10,50,500,5000,6.67,4.87,0.0,0.0,0.0,21.6,46.9,100.0,0.00126,none,0,0,0,500.0,0.01,met,VALID
2025-01-10 00:00:00,GOV-EMERG-001,central,portal-main,110.4,4,0.138,0.0221,normal,none,1.0,False,0.0,10,50,500,5000,1.0,4.0,0.0,0.0,0.0,21.9,53.8,126.3,0.00125,none,0,0,0,500.0,0.01,met,VALID
2025-01-10 02:00:00,GOV-EMERG-001,central,status-page,76.7,4,0.096,0.0153,normal,none,1.0,False,0.0,10,50,500,5000,2.17,4.0,0.0,0.0,0.0,24.8,51.0,121.2,0.00125,none,0,0,0,500.0,0.01,met,VALID
2025-01-10 04:00:00,GOV-EMERG-001,central,portal-main,62.1,3,0.078,0.0124,normal,none,1.0,False,0.0,10,50,500,5000,1.0,4.0,0.0,0.0,0.0,32.8,69.6,144.6,0.00079,none,0,0,0,500.0,0.01,met,VALID
2025-01-10 06:00:00,GOV-EMERG-001,central,portal-main,182.2,8,0.228,0.0364,normal,none,1.0,False,0.0,10,50,500,5000,3.36,4.0,0.0,0.0,0.0,23.4,48.3,132.3,0.00122,none,0,0,0,500.0,0.01,met,IMPUTED_MISSING
2025-01-10 08:00:00,GOV-EMERG-001,central,portal-main,530.0,32,0.662,0.106,normal,none,1.0,False,0.0,10,50,500,5000,15.22,4.0,0.0,0.0,0.0,21.0,45.1,87.8,0.00133,none,0,0,0,500.0,0.01,met,VALID
2025-01-10 10:00:00,GOV-EMERG-001,central,portal-main,756.4,29,0.946,0.1513,normal,none,1.0,False,0.0,10,50,500,5000,12.56,8.17,0.0,0.0,0.0,23.8,50.9,125.9,0.00011,none,0,0,0,500.0,0.01,met,VALID
2025-01-10 12:00:00,GOV-EMERG-001,central,portal-main,608.2,39,0.76,0.1216,normal,none,1.0,False,0.0,10,50,500,5000,8.82,6.76,0.0,0.0,0.0,32.2,81.8,173.8,0.00112,none,0,0,0,500.0,0.01,met,VALID
2025-01-10 14:00:00,GOV-EMERG-001,central,api-data,751.7,37,0.94,0.1503,normal,none,1.0,False,0.0,10,50,500,5000,9.46,6.52,0.0,0.0,0.0,24.0,52.7,110.6,0.00183,none,0,0,0,500.0,0.01,met,VALID
2025-01-10 16:00:00,GOV-EMERG-001,central,api-data,640.9,34,0.801,0.1282,normal,none,1.0,False,0.0,10,50,500,5000,8.17,4.0,0.0,0.0,0.0,33.4,74.0,144.9,0.00088,none,0,0,0,500.0,0.01,met,VALID
2025-01-10 18:00:00,GOV-EMERG-001,central,api-data,490.0,23,0.612,0.098,normal,none,1.0,False,0.0,10,50,500,5000,6.65,11.21,0.0,0.0,0.0,28.0,57.7,137.1,0.0,none,0,0,0,500.0,0.01,met,VALID
2025-01-10 20:00:00,GOV-EMERG-001,central,portal-main,366.2,13,0.458,0.0732,normal,none,1.0,False,0.0,10,50,500,5000,4.29,4.0,0.0,0.0,0.0,26.8,54.8,147.9,0.00067,none,0,0,0,500.0,0.01,met,VALID
2025-01-10 22:00:00,GOV-EMERG-001,central,portal-main,199.9,10,0.25,0.04,normal,none,1.0,False,0.0,10,50,500,5000,4.42,9.4,0.0,0.0,0.0,27.2,58.0,157.2,0.00027,none,0,0,0,500.0,0.01,met,VALID
2025-01-11 00:00:00,GOV-EMERG-001,central,portal-main,92.0,5,0.115,0.0184,normal,none,1.0,False,0.0,10,50,500,5000,5.03,4.0,0.0,0.0,0.0,22.3,46.3,125.4,0.00075,none,0,0,0,500.0,0.01,met,VALID
2025-01-11 02:00:00,GOV-EMERG-001,central,portal-main,55.6,3,0.07,0.0111,normal,none,1.0,False,0.0,10,50,500,5000,4.97,4.0,0.0,0.0,0.0,25.8,57.0,109.0,0.00051,none,0,0,0,500.0,0.01,met,VALID
2025-01-11 04:00:00,GOV-EMERG-001,central,portal-main,50.0,4,0.062,0.01,normal,none,1.0,False,0.0,10,50,500,5000,1.0,4.0,0.0,0.0,0.0,20.5,43.2,91.0,0.00137,none,0,0,0,500.0,0.01,met,IMPUTED_MISSING
2025-01-11 06:00:00,GOV-EMERG-001,central,portal-main,156.8,5,0.196,0.0314,normal,none,1.0,False,0.0,10,50,500,5000,1.99,4.0,0.0,0.0,0.0,31.2,65.7,163.3,0.00131,none,0,0,0,500.0,0.01,met,VALID
2025-01-11 08:00:00,GOV-EMERG-001,central,portal-main,436.6,16,0.546,0.0873,normal,none,1.0,False,0.0,10,50,500,5000,3.99,4.0,0.0,0.0,0.0,23.3,55.6,126.2,0.00114,none,0,0,0,500.0,0.01,met,VALID
2025-01-11 10:00:00,GOV-EMERG-001,central,portal-main,675.4,45,0.844,0.1351,normal,none,1.0,False,0.0,10,50,500,5000,11.26,6.38,0.0,0.0,0.0,30.7,78.7,123.2,0.00149,none,0,0,0,500.0,0.01,met,VALID
2025-01-11 12:00:00,GOV-EMERG-001,central,portal-main,600.8,25,0.751,0.1202,normal,none,1.0,False,0.0,10,50,500,5000,10.82,4.24,0.0,0.0,0.0,24.3,48.7,104.0,0.00077,none,0,0,0,500.0,0.01,met,VALID
2025-01-11 14:00:00,GOV-EMERG-001,central,portal-main,642.5,40,0.803,0.1285,normal,none,1.0,False,0.0,10,50,500,5000,10.76,4.0,0.0,0.0,0.0,26.6,64.3,111.2,0.00103,none,0,0,0,500.0,0.01,met,VALID
2025-01-11 16:00:00,GOV-EMERG-001,central,portal-main,533.9,23,0.667,0.1068,normal,none,1.0,False,0.0,10,50,500,5000,8.72,4.0,0.0,0.0,0.0,26.5,63.5,124.1,0.00188,none,0,0,0,500.0,0.01,met,VALID
2025-01-11 18:00:00,GOV-EMERG-001,central,portal-main,437.3,21,0.547,0.0875,normal,none,1.0,False,0.0,10,50,500,5000,7.59,6.89,0.0,0.0,0.0,39.3,92.4,210.8,0.00123,none,0,0,0,500.0,0.01,met,VALID
2025-01-11 20:00:00,GOV-EMERG-001,central,portal-main,287.7,16,0.36,0.0575,normal,none,1.0,False,0.0,10,50,500,5000,1.75,5.23,0.0,0.0,0.0,26.5,63.9,155.8,0.00123,none,0,0,0,500.0,0.01,met,VALID
2025-01-11 22:00:00,GOV-EMERG-001,central,status-page,171.9,7,0.215,0.0344,normal,none,1.0,False,0.0,10,50,500,5000,8.01,4.0,0.0,0.0,0.0,22.6,52.1,94.5,0.00069,none,0,0,0,500.0,0.01,met,VALID
2025-01-12 00:00:00,GOV-EMERG-001,central,portal-main,82.3,5,0.103,0.0165,normal,none,1.0,False,0.0,10,50,500,5000,2.48,4.0,0.0,0.0,0.0,23.6,60.4,118.5,0.00083,none,0,0,0,500.0,0.01,met,VALID
2025-01-12 02:00:00,GOV-EMERG-001,central,portal-main,58.7,3,0.073,0.0117,normal,none,1.0,False,0.0,10,50,500,5000,1.0,4.0,0.0,0.0,0.0,19.3,40.4,91.5,0.0006,none,0,0,0,500.0,0.01,met,VALID
2025-01-12 04:00:00,GOV-EMERG-001,central,portal-main,49.8,3,0.062,0.01,normal,none,1.0,False,0.0,10,50,500,5000,2.62,4.0,0.0,0.0,0.0,24.6,56.2,118.0,0.00167,none,0,0,0,500.0,0.01,met,VALID
2025-01-12 06:00:00,GOV-EMERG-001,central,portal-main,167.1,8,0.209,0.0334,normal,none,1.0,False,0.0,10,50,500,5000,3.28,4.0,0.0,0.0,0.0,33.3,79.6,137.6,0.00038,none,0,0,0,500.0,0.01,met,VALID
2025-01-12 08:00:00,GOV-EMERG-001,central,status-page,372.04999999999995,23,0.465,0.0744,normal,none,1.0,False,0.0,10,50,500,5000,6.22,9.36,0.0,0.0,0.0,28.6,72.9,131.1,0.00137,none,0,0,0,500.0,0.01,met,IMPUTED_MISSING
2025-01-12 10:00:00,GOV-EMERG-001,central,portal-main,577.0,36,0.721,0.1154,normal,none,1.0,False,0.0,10,50,500,5000,9.82,5.71,0.0,0.0,0.0,31.9,73.1,143.6,0.00123,none,0,0,0,500.0,0.01,met,VALID
2025-01-12 12:00:00,GOV-EMERG-001,central,api-data,508.0,25,0.635,0.1016,normal,none,1.0,False,0.0,10,50,500,5000,7.79,5.32,0.0,0.0,0.0,24.2,62.6,131.5,0.00036,none,0,0,0,500.0,0.01,met,VALID
2025-01-12 14:00:00,GOV-EMERG-001,central,portal-main,616.6,40,0.771,0.1233,normal,none,1.0,False,0.0,10,50,500,5000,8.85,4.0,0.0,0.0,0.0,27.7,66.3,146.4,0.00146,none,0,0,0,500.0,0.01,met,VALID
2025-01-12 16:00:00,GOV-EMERG-001,central,portal-main,465.0,21,0.581,0.093,normal,none,1.0,False,0.0,10,50,500,5000,7.9,4.63,0.0,0.0,0.0,28.4,68.7,149.6,0.0009,none,0,0,0,500.0,0.01,met,VALID
2025-01-12 18:00:00,GOV-EMERG-001,central,portal-main,400.7,23,0.501,0.0801,normal,none,1.0,False,0.0,10,50,500,5000,1.55,4.0,0.0,0.0,0.0,24.3,60.5,122.3,0.00047,none,0,0,0,500.0,0.01,met,VALID
2025-01-12 20:00:00,GOV-EMERG-001,central,status-page,281.0,15,0.351,0.0562,normal,none,1.0,False,0.0,10,50,500,5000,2.13,4.0,0.0,0.0,0.0,28.1,68.5,131.6,0.00115,none,0,0,0,500.0,0.01,met,VALID
2025-01-12 22:00:00,GOV-EMERG-001,central,portal-main,171.7,7,0.215,0.0343,normal,none,1.0,False,0.0,10,50,500,5000,5.43,4.0,0.0,0.0,0.0,28.3,65.6,127.2,0.00067,none,0,0,0,500.0,0.01,met,VALID
2025-01-13 00:00:00,GOV-EMERG-001,central,portal-main,118.7,6,0.148,0.0237,normal,none,1.0,False,0.0,10,50,500,5000,2.39,4.0,0.0,0.0,0.0,27.8,68.4,111.7,0.00092,none,0,0,0,500.0,0.01,met,VALID
2025-01-13 02:00:00,GOV-EMERG-001,central,portal-main,82.3,4,0.103,0.0165,normal,none,1.0,False,0.0,10,50,500,5000,1.0,4.0,0.0,0.0,0.0,24.8,50.2,106.6,0.0008,none,0,0,0,500.0,0.01,met,VALID
2025-01-13 04:00:00,GOV-EMERG-001,central,portal-main,64.5,3,0.081,0.0129,normal,none,1.0,False,0.0,10,50,500,5000,1.0,4.0,0.0,0.0,0.0,29.7,76.0,131.8,0.00065,none,0,0,0,500.0,0.01,met,VALID
2025-01-13 06:00:00,GOV-EMERG-001,central,portal-main,192.2,10,0.24,0.0384,normal,none,1.0,False,0.0,10,50,500,5000,1.32,4.0,0.0,0.0,0.0,25.0,62.3,148.6,0.000985,none,0,0,0,500.0,0.01,met,IMPUTED_MISSING
2025-01-13 08:00:00,GOV-EMERG-001,central,portal-main,611.8,31,0.765,0.1224,normal,none,1.0,False,0.0,10,50,500,5000,6.79,4.0,0.0,0.0,0.0,27.1,64.5,160.9,0.00132,none,0,0,0,500.0,0.01,met,VALID
2025-01-13 10:00:00,GOV-EMERG-001,central,portal-main,785.9,39,0.982,0.1572,normal,none,1.0,False,0.0,10,50,500,5000,11.58,5.98,0.0,0.0,0.0,35.4,72.3,196.1,0.00113,none,0,0,0,500.0,0.01,met,VALID
2025-01-13 12:00:00,GOV-EMERG-001,central,api-data,747.9,37,0.935,0.1496,normal,none,1.0,False,0.0,10,50,500,5000,12.29,8.86,0.0,0.0,0.0,25.0,54.4,130.4,0.0011,none,0,0,0,500.0,0.01,met,VALID
2025-01-13 14:00:00,GOV-EMERG-001,central,api-data,703.3,35,0.879,0.1407,normal,none,1.0,False,0.0,10,50,500,5000,9.57,8.16,0.0,0.0,0.0,22.3,48.0,118.9,0.00085,none,0,0,0,500.0,0.01,met,VALID
2025-01-13 16:00:00,GOV-EMERG-001,central,portal-main,630.75,34,0.788,0.1262,normal,none,1.0,False,0.0,10,50,500,5000,7.71,4.0,0.0,0.0,0.0,25.8,55.5,134.0,0.00102,none,0,0,0,500.0,0.01,met,IMPUTED_MISSING
2025-01-13 18:00:00,GOV-EMERG-001,central,portal-main,558.2,29,0.698,0.1116,normal,none,1.0,False,0.0,10,50,500,5000,6.52,4.0,0.0,0.0,0.0,29.7,71.4,157.2,0.00071,none,0,0,0,500.0,0.01,met,VALID
2025-01-13 20:00:00,GOV-EMERG-001,central,portal-main,360.5,16,0.451,0.0721,normal,none,1.0,False,0.0,10,50,500,5000,2.87,4.47,0.0,0.0,0.0,32.1,81.0,142.4,0.0007,none,0,0,0,500.0,0.01,met,VALID
2025-01-13 22:00:00,GOV-EMERG-001,central,api-data,230.3,17,0.288,0.0461,normal,none,1.0,False,0.0,10,50,500,5000,1.0,4.0,0.0,0.0,0.0,23.6,56.8,140.3,0.00168,none,0,0,0,500.0,0.01,met,VALID
2025-01-14 00:00:00,GOV-EMERG-001,central,portal-main,123.4,10,0.154,0.0247,normal,none,1.0,False,0.0,10,50,500,5000,1.31,4.0,0.0,0.0,0.0,32.9,73.5,181.3,0.00135,none,0,0,0,500.0,0.01,met,IMPUTED_MISSING
2025-01-14 02:00:00,GOV-EMERG-001,central,api-data,77.4,3,0.097,0.0155,normal,none,1.0,False,0.0,10,50,500,5000,2.02,4.0,0.0,0.0,0.0,25.5,65.8,114.0,0.00078,none,0,0,0,500.0,0.01,met,VALID
2025-01-14 04:00:00,GOV-EMERG-001,central,api-data,65.8,3,0.082,0.0132,normal,none,1.0,False,0.0,10,50,500,5000,1.0,4.0,0.0,0.0,0.0,24.9,62.6,125.0,0.0004,none,0,0,0,500.0,0.01,met,VALID
2025-01-14 06:00:00,GOV-EMERG-001,central,api-data,191.9,13,0.24,0.0384,normal,none,1.0,False,0.0,10,50,500,5000,1.09,7.48,0.0,0.0,0.0,22.6,54.5,126.1,0.00032,none,0,0,0,500.0,0.01,met,VALID
2025-01-14 08:00:00,GOV-EMERG-001,central,portal-main,543.0,21,0.679,0.1086,normal,none,1.0,False,0.0,10,50,500,5000,8.36,4.0,0.0,0.0,0.0,35.9,80.3,208.7,0.00075,none,0,0,0,500.0,0.01,met,VALID
2025-01-14 10:00:00,GOV-EMERG-001,central,status-page,845.1,45,1.056,0.169,normal,none,1.0,False,0.0,10,50,500,5000,14.07,8.28,0.0,0.0,0.0,29.5,71.1,140.6,0.00104,none,0,0,0,500.0,0.01,met,VALID
2025-01-14 12:00:00,GOV-EMERG-001,central,portal-main,755.1,39,0.944,0.151,normal,none,1.0,False,0.0,10,50,500,5000,12.49,4.0,0.0,0.0,0.0,24.1,54.1,119.8,0.00105,none,0,0,0,500.0,0.01,met,VALID
2025-01-14 14:00:00,GOV-EMERG-001,central,portal-main,771.7,41,0.965,0.1543,normal,none,1.0,False,0.0,10,50,500,5000,11.95,7.83,0.0,0.0,0.0,39.4,82.5,182.0,0.00106,none,0,0,0,500.0,0.01,met,VALID
2025-01-14 16:00:00,GOV-EMERG-001,central,portal-main,655.1,40,0.819,0.131,normal,none,1.0,False,0.0,10,50,500,5000,10.31,4.0,0.0,0.0,0.0,30.3,72.0,144.2,0.00113,none,0,0,0,500.0,0.01,met,VALID
2025-01-14 18:00:00,GOV-EMERG-001,central,portal-main,503.2,30,0.629,0.1006,normal,none,1.0,False,0.0,10,50,500,5000,3.69,4.0,0.0,0.0,0.0,31.0,75.0,138.1,0.00058,none,0,0,0,500.0,0.01,met,VALID
2025-01-14 20:00:00,GOV-EMERG-001,central,api-data,373.2,17,0.466,0.0746,normal,none,1.0,False,0.0,10,50,500,5000,6.42,4.0,0.0,0.0,0.0,33.7,74.6,137.0,0.0016,none,0,0,0,500.0,0.01,met,VALID
2025-01-14 22:00:00,GOV-EMERG-001,central,api-data,212.8,11,0.266,0.0426,normal,none,1.0,False,0.0,10,50,500,5000,2.36,4.0,0.0,0.0,0.0,28.6,73.1,138.1,0.00092,none,0,0,0,500.0,0.01,met,VALID
2025-01-15 00:00:00,GOV-EMERG-001,central,portal-main,122.1,4,0.153,0.0244,normal,none,1.0,False,0.0,10,50,500,5000,1.0,4.0,0.0,0.0,0.0,29.5,74.2,145.9,0.00112,none,0,0,0,500.0,0.01,met,VALID
2025-01-15 02:00:00,GOV-EMERG-001,central,status-page,83.0,4,0.104,0.0166,normal,none,1.0,False,0.0,10,50,500,5000,1.68,4.0,0.0,0.0,0.0,25.6,60.2,142.5,0.00074,none,0,0,0,500.0,0.01,met,VALID
2025-01-15 04:00:00,GOV-EMERG-001,central,portal-main,63.7,3,0.08,0.0127,normal,none,1.0,False,0.0,10,50,500,5000,1.0,4.0,0.0,0.0,0.0,28.3,57.5,142.6,0.00112,none,0,0,0,500.0,0.01,met,VALID
2025-01-15 06:00:00,GOV-EMERG-001,central,portal-main,210.1,10,0.263,0.042,normal,none,1.0,False,0.0,10,50,500,5000,1.11,4.0,0.0,0.0,0.0,26.0,52.2,120.8,0.00183,none,0,0,0,500.0,0.01,met,VALID
2025-01-15 08:00:00,GOV-EMERG-001,central,portal-main,368.3333333333333,20,0.46,0.0737,normal,none,1.0,False,0.0,10,50,500,5000,11.53,5.5,0.0,0.0,0.0,28.0,66.8,138.0,0.0006,none,0,0,0,500.0,0.01,met,IMPUTED_MISSING
2025-01-15 10:00:00,GOV-EMERG-001,central,status-page,526.5666666666666,42,0.658,0.1053,normal,none,1.0,False,0.0,10,50,500,5000,11.68,9.18,0.0,0.0,0.0,30.2,75.1,168.8,0.00055,none,0,0,0,500.0,0.01,met,IMPUTED_MISSING
2025-01-15 12:00:00,GOV-EMERG-001,central,portal-main,684.8,25,0.856,0.137,normal,none,1.0,False,0.0,10,50,500,5000,11.59,9.35,0.0,0.0,0.0,27.4,63.0,135.9,0.00065,none,0,0,0,500.0,0.01,met,VALID
2025-01-15 14:00:00,GOV-EMERG-001,central,portal-main,840.7,43,1.051,0.1681,normal,none,1.0,False,0.0,10,50,500,5000,12.3,7.99,0.0,0.0,0.0,32.1,64.6,163.9,0.00087,none,0,0,0,500.0,0.01,met,VALID
2025-01-15 16:00:00,GOV-EMERG-001,central,portal-main,653.9,26,0.817,0.1308,normal,none,1.0,False,0.0,10,50,500,5000,8.58,8.89,0.0,0.0,0.0,30.8,64.2,133.7,0.00079,none,0,0,0,500.0,0.01,met,VALID
2025-01-15 18:00:00,GOV-EMERG-001,central,status-page,529.1,23,0.661,0.1058,normal,none,1.0,False,0.0,10,50,500,5000,7.61,4.0,0.0,0.0,0.0,31.2,66.4,125.4,0.00058,none,0,0,0,500.0,0.01,met,VALID
2025-01-15 20:00:00,GOV-EMERG-001,central,api-data,358.7,21,0.448,0.0717,normal,none,1.0,False,0.0,10,50,500,5000,3.97,4.0,0.0,0.0,0.0,29.5,70.1,172.8,0.00098,none,0,0,0,500.0,0.01,met,VALID
2025-01-15 22:00:00,GOV-EMERG-001,central,api-data,212.2,12,0.265,0.0424,normal,none,1.0,False,0.0,10,50,500,5000,5.54,4.0,0.0,0.0,0.0,34.1,78.2,154.7,0.00162,none,0,0,0,500.0,0.01,met,VALID
2025-01-16 00:00:00,GOV-EMERG-001,central,api-data,116.3,7,0.145,0.0233,normal,none,1.0,False,0.0,10,50,500,5000,1.73,4.0,0.0,0.0,0.0,29.8,61.4,139.9,0.00094,none,0,0,0,500.0,0.01,met,VALID
2025-01-16 02:00:00,GOV-EMERG-001,central,api-data,85.5,5,0.107,0.0171,normal,none,1.0,False,0.0,10,50,500,5000,6.12,5.4,0.0,0.0,0.0,24.6,56.6,104.1,0.00096,none,0,0,0,500.0,0.01,met,VALID
2025-01-16 04:00:00,GOV-EMERG-001,central,portal-main,64.6,3,0.081,0.0129,normal,none,1.0,False,0.0,10,50,500,5000,1.12,4.0,0.0,0.0,0.0,27.1,68.4,136.4,0.00114,none,0,0,0,500.0,0.01,met,VALID
2025-01-16 06:00:00,GOV-EMERG-001,central,portal-main,189.9,12,0.237,0.038,normal,none,1.0,False,0.0,10,50,500,5000,1.0,4.0,0.0,0.0,0.0,31.6,71.6,173.2,0.00126,none,0,0,0,500.0,0.01,met,VALID
2025-01-16 08:00:00,GOV-EMERG-001,central,api-data,568.5,21,0.711,0.1137,normal,none,1.0,False,0.0,10,50,500,5000,7.06,4.95,0.0,0.0,0.0,24.4,51.0,131.1,0.00155,none,0,0,0,500.0,0.01,met,VALID
2025-01-16 10:00:00,GOV-EMERG-001,central,api-data,794.2,45,0.993,0.1588,normal,none,1.0,False,0.0,10,50,500,5000,12.45,4.0,0.0,0.0,0.0,37.8,88.7,215.7,0.0011,none,0,0,0,500.0,0.01,met,VALID
2025-01-16 12:00:00,GOV-EMERG-001,central,portal-main,828.0,38,1.035,0.1656,normal,none,1.0,False,0.0,10,50,500,5000,16.76,10.91,0.0,0.0,0.0,26.9,68.7,122.8,0.001,none,0,0,0,500.0,0.01,met,VALID
2025-01-16 14:00:00,GOV-EMERG-001,central,portal-main,811.4,34,1.014,0.1623,normal,none,1.0,False,0.0,10,50,500,5000,11.84,11.2,0.0,0.0,0.0,33.4,69.2,154.8,0.0006,none,0,0,0,500.0,0.01,met,VALID
2025-01-16 16:00:00,GOV-EMERG-001,central,api-data,667.1,37,0.834,0.1334,normal,none,1.0,False,0.0,10,50,500,5000,15.58,11.48,0.0,0.0,0.0,28.9,60.5,171.3,0.0013,none,0,0,0,500.0,0.01,met,VALID
2025-01-16 18:00:00,GOV-EMERG-001,central,portal-main,556.9,32,0.696,0.1114,normal,none,1.0,False,0.0,10,50,500,5000,9.28,4.0,0.0,0.0,0.0,27.9,65.4,137.2,0.00066,none,0,0,0,500.0,0.01,met,VALID
2025-01-16 20:00:00,GOV-EMERG-001,central,status-page,326.9,19,0.409,0.0654,normal,none,1.0,False,0.0,10,50,500,5000,6.3,4.0,0.0,0.0,0.0,21.5,47.5,122.1,0.00065,none,0,0,0,500.0,0.01,met,VALID
2025-01-16 22:00:00,GOV-EMERG-001,central,portal-main,225.1,12,0.281,0.045,normal,none,1.0,False,0.0,10,50,500,5000,2.79,4.0,0.0,0.0,0.0,29.8,75.6,155.7,0.00108,none,0,0,0,500.0,0.01,met,VALID
2025-01-17 00:00:00,GOV-EMERG-001,central,portal-main,125.4,6,0.157,0.0251,normal,none,1.0,False,0.0,10,50,500,5000,4.03,4.0,0.0,0.0,0.0,20.5,49.7,89.4,0.00162,none,0,0,0,500.0,0.01,met,VALID
2025-01-17 02:00:00,GOV-EMERG-001,central,api-data,75.6,4,0.094,0.0151,normal,none,1.0,False,0.0,10,50,500,5000,3.816666666666667,4.0,0.0,0.0,0.0,19.6,41.0,116.0,0.00129,none,0,0,0,500.0,0.01,met,IMPUTED_MISSING
2025-01-17 04:00:00,GOV-EMERG-001,central,portal-main,55.5,3,0.069,0.0111,normal,none,1.0,False,0.0,10,50,500,5000,3.6033333333333335,4.0,0.0,0.0,0.0,29.9,75.5,139.1,0.00098,none,0,0,0,500.0,0.01,met,IMPUTED_MISSING
2025-01-17 06:00:00,GOV-EMERG-001,central,portal-main,186.2,10,0.233,0.0372,normal,none,1.0,False,0.0,10,50,500,5000,3.39,4.0,0.0,0.0,0.0,33.1,79.0,175.0,0.00061,none,0,0,0,500.0,0.01,met,VALID
2025-01-17 08:00:00,GOV-EMERG-001,central,portal-main,570.7,30,0.713,0.1141,normal,none,1.0,False,0.0,10,50,500,5000,13.37,13.96,0.0,0.0,0.0,25.6,58.7,115.2,0.00161,none,0,0,0,500.0,0.01,met,VALID
2025-01-17 10:00:00,GOV-EMERG-001,central,api-data,774.3,44,0.968,0.1549,normal,none,1.0,False,0.0,10,50,500,5000,9.64,4.85,0.0,0.0,0.0,33.6,72.4,173.1,0.00098,none,0,0,0,500.0,0.01,met,VALID
2025-01-17 12:00:00,GOV-EMERG-001,central,portal-main,655.3,24,0.819,0.1311,normal,none,1.0,False,0.0,10,50,500,5000,11.1,8.71,0.0,0.0,0.0,32.0,76.4,162.4,0.00088,none,0,0,0,500.0,0.01,met,VALID
2025-01-17 14:00:00,GOV-EMERG-001,central,portal-main,734.0,36,0.918,0.1468,normal,none,1.0,False,0.0,10,50,500,5000,15.09,6.26,0.0,0.0,0.0,28.9,73.5,130.8,0.00122,none,0,0,0,500.0,0.01,met,VALID
2025-01-17 16:00:00,GOV-EMERG-001,central,api-data,627.9,24,0.785,0.1256,normal,none,1.0,False,0.0,10,50,500,5000,10.34,6.3,0.0,0.0,0.0,33.9,68.7,202.8,0.00082,none,0,0,0,500.0,0.01,met,VALID
2025-01-17 18:00:00,GOV-EMERG-001,central,status-page,502.9,26,0.629,0.1006,normal,none,1.0,False,0.0,10,50,500,5000,5.85,4.0,0.0,0.0,0.0,27.1,60.4,116.2,0.0007,none,0,0,0,500.0,0.01,met,VALID
2025-01-17 20:00:00,GOV-EMERG-001,central,portal-main,364.9,23,0.456,0.073,normal,none,1.0,False,0.0,10,50,500,5000,9.55,7.41,0.0,0.0,0.0,29.0,74.4,141.9,0.00074,none,0,0,0,500.0,0.01,met,VALID
2025-01-17 22:00:00,GOV-EMERG-001,central,portal-main,224.0,10,0.28,0.0448,normal,none,1.0,False,0.0,10,50,500,5000,5.07,4.61,0.0,0.0,0.0,21.2,47.2,86.0,0.000645,none,0,0,0,500.0,0.01,met,IMPUTED_MISSING
2025-01-18 00:00:00,GOV-EMERG-001,central,portal-main,98.2,5,0.123,0.0196,normal,none,1.0,False,0.0,10,50,500,5000,6.43,6.56,0.0,0.0,0.0,20.7,41.8,110.8,0.00055,none,0,0,0,500.0,0.01,met,VALID
2025-01-18 02:00:00,GOV-EMERG-001,central,portal-main,59.7,3,0.075,0.0119,normal,none,1.0,False,0.0,10,50,500,5000,2.71,4.0,0.0,0.0,0.0,30.0,61.8,147.6,0.0005,none,0,0,0,500.0,0.01,met,VALID
2025-01-18 04:00:00,GOV-EMERG-001,central,portal-main,47.8,2,0.06,0.0096,normal,none,1.0,False,0.0,10,50,500,5000,2.15,4.0,0.0,0.0,0.0,27.4,66.3,140.5,0.00139,none,0,0,0,500.0,0.01,met,VALID
2025-01-18 06:00:00,GOV-EMERG-001,central,api-data,164.3,7,0.205,0.0329,normal,none,1.0,False,0.0,10,50,500,5000,3.31,4.0,0.0,0.0,0.0,25.3,61.2,136.4,0.00127,none,0,0,0,500.0,0.01,met,VALID
2025-01-18 08:00:00,GOV-EMERG-001,central,portal-main,417.9,22,0.522,0.0836,normal,none,1.0,False,0.0,10,50,500,5000,10.09,4.0,0.0,0.0,0.0,34.9,72.2,193.0,0.00067,none,0,0,0,500.0,0.01,met,VALID
2025-01-18 10:00:00,GOV-EMERG-001,central,portal-main,632.8,16,0.791,0.1266,normal,none,1.0,False,0.0,10,50,500,5000,12.37,4.0,0.0,0.0,0.0,36.2,77.2,214.8,0.00136,none,0,0,0,500.0,0.01,met,VALID
2025-01-18 12:00:00,GOV-EMERG-001,central,api-data,584.8,24,0.731,0.117,normal,none,1.0,False,0.0,10,50,500,5000,11.86,7.96,0.0,0.0,0.0,30.1,70.3,172.2,0.00112,none,0,0,0,500.0,0.01,met,VALID
2025-01-18 14:00:00,GOV-EMERG-001,central,portal-main,603.6,36,0.755,0.1207,normal,none,1.0,False,0.0,10,50,500,5000,8.79,4.0,0.0,0.0,0.0,22.6,54.5,105.1,0.00087,none,0,0,0,500.0,0.01,met,VALID
2025-01-18 16:00:00,GOV-EMERG-001,central,portal-main,516.1,30,0.645,0.1032,normal,none,1.0,False,0.0,10,50,500,5000,7.78,5.66,0.0,0.0,0.0,27.4,57.4,149.6,0.00051,none,0,0,0,500.0,0.01,met,VALID
2025-01-18 18:00:00,GOV-EMERG-001,central,api-data,414.0,22,0.518,0.0828,normal,none,1.0,False,0.0,10,50,500,5000,6.795,4.47,0.0,0.0,0.0,23.9,54.4,99.3,0.00114,none,0,0,0,500.0,0.01,met,IMPUTED_MISSING
2025-01-18 20:00:00,GOV-EMERG-001,central,api-data,295.3,17,0.369,0.0591,normal,none,1.0,False,0.0,10,50,500,5000,5.81,4.0,0.0,0.0,0.0,26.9,62.9,115.0,0.00175,none,0,0,0,500.0,0.01,met,VALID
2025-01-18 22:00:00,GOV-EMERG-001,central,api-data,188.7,10,0.236,0.0377,normal,none,1.0,False,0.0,10,50,500,5000,3.55,4.0,0.0,0.0,0.0,22.2,45.1,109.4,0.00101,none,0,0,0,500.0,0.01,met,VALID
2025-01-19 00:00:00,GOV-EMERG-001,central,portal-main,92.7,5,0.116,0.0185,normal,none,1.0,False,0.0,10,50,500,5000,3.14,4.0,0.0,0.0,0.0,20.7,44.1,101.8,0.0014,none,0,0,0,500.0,0.01,met,VALID
2025-01-19 02:00:00,GOV-EMERG-001,central,portal-main,60.2,3,0.075,0.012,normal,none,1.0,False,0.0,10,50,500,5000,1.0,4.0,0.0,0.0,0.0,16.3,41.5,81.5,0.00092,none,0,0,0,500.0,0.01,met,VALID
2025-01-19 04:00:00,GOV-EMERG-001,central,status-page,46.2,2,0.058,0.0092,normal,none,1.0,False,0.0,10,50,500,5000,2.62,4.0,0.0,0.0,0.0,25.9,65.5,128.2,0.00137,none,0,0,0,500.0,0.01,met,VALID
2025-01-19 06:00:00,GOV-EMERG-001,central,portal-main,142.0,14,0.178,0.0284,normal,none,1.0,False,0.0,10,50,500,5000,3.66,4.0,0.0,0.0,0.0,16.5,36.3,87.4,0.00094,none,0,0,0,500.0,0.01,met,IMPUTED_MISSING
2025-01-19 08:00:00,GOV-EMERG-001,central,portal-main,409.3,25,0.512,0.0819,normal,none,1.0,False,0.0,10,50,500,5000,8.98,7.21,0.0,0.0,0.0,25.9,65.4,153.3,4e-05,none,0,0,0,500.0,0.01,met,VALID
2025-01-19 10:00:00,GOV-EMERG-001,central,portal-main,612.3,38,0.765,0.1225,normal,none,1.0,False,0.0,10,50,500,5000,12.16,8.03,0.0,0.0,0.0,31.3,74.4,135.9,0.00071,none,0,0,0,500.0,0.01,met,VALID
2025-01-19 12:00:00,GOV-EMERG-001,central,api-data,549.1,34,0.686,0.1098,normal,none,1.0,False,0.0,10,50,500,5000,7.38,4.0,0.0,0.0,0.0,25.2,65.2,118.8,0.00105,none,0,0,0,500.0,0.01,met,VALID
2025-01-19 14:00:00,GOV-EMERG-001,central,status-page,537.0,25,0.671,0.1074,normal,none,1.0,False,0.0,10,50,500,5000,7.72,8.05,0.0,0.0,0.0,23.7,61.1,98.2,0.00143,none,0,0,0,500.0,0.01,met,VALID
2025-01-19 16:00:00,GOV-EMERG-001,central,portal-main,490.0,21,0.612,0.098,normal,none,1.0,False,0.0,10,50,500,5000,9.03,4.0,0.0,0.0,0.0,27.4,65.0,120.8,0.00094,none,0,0,0,500.0,0.01,met,VALID
2025-01-19 18:00:00,GOV-EMERG-001,central,status-page,413.5,25,0.517,0.0827,normal,none,1.0,False,0.0,10,50,500,5000,2.19,4.0,0.0,0.0,0.0,27.299999999999997,54.6,143.0,0.00101,none,0,0,0,500.0,0.01,met,IMPUTED_MISSING
2025-01-19 20:00:00,GOV-EMERG-001,central,portal-main,271.1,15,0.339,0.0542,normal,none,1.0,False,0.0,10,50,500,5000,3.76,4.0,0.0,0.0,0.0,27.2,56.7,110.9,0.00077,none,0,0,0,500.0,0.01,met,VALID
2025-01-19 22:00:00,GOV-EMERG-001,central,portal-main,156.1,8,0.195,0.0312,normal,none,1.0,False,0.0,10,50,500,5000,1.0,4.0,0.0,0.0,0.0,21.7,50.2,96.0,0.00162,none,0,0,0,500.0,0.01,met,VALID
2025-01-20 00:00:00,GOV-EMERG-001,central,portal-main,134.1,6,0.168,0.0268,normal,none,1.0,False,0.0,10,50,500,5000,2.42,4.0,0.0,0.0,0.0,25.3,56.6,122.6,0.0016,none,0,0,0,500.0,0.01,met,VALID
2025-01-20 02:00:00,GOV-EMERG-001,central,portal-main,79.9,4,0.1,0.016,normal,none,1.0,False,0.0,10,50,500,5000,1.0,4.0,0.0,0.0,0.0,24.0,57.3,110.1,0.00073,none,0,0,0,500.0,0.01,met,VALID
2025-01-20 04:00:00,GOV-EMERG-001,central,portal-main,65.2,3,0.082,0.013,normal,none,1.0,False,0.0,10,50,500,5000,1.0,4.0,0.0,0.0,0.0,25.3,51.9,128.7,0.00039,none,0,0,0,500.0,0.01,met,VALID
2025-01-20 06:00:00,GOV-EMERG-001,central,portal-main,204.0,18,0.255,0.0408,normal,none,1.0,False,0.0,10,50,500,5000,1.62,4.6,0.0,0.0,0.0,32.6,81.5,195.0,0.00028,none,0,0,0,500.0,0.01,met,IMPUTED_MISSING
2025-01-20 08:00:00,GOV-EMERG-001,central,status-page,549.7,34,0.687,0.1099,normal,none,1.0,False,0.0,10,50,500,5000,7.26,4.68,0.0,0.0,0.0,28.9,74.5,156.2,0.00124,none,0,0,0,500.0,0.01,met,VALID
2025-01-20 10:00:00,GOV-EMERG-001,central,portal-main,770.9,49,0.964,0.1542,normal,none,1.0,False,0.0,10,50,500,5000,9.82,4.78,0.0,0.0,0.0,31.6,67.1,151.9,0.00105,none,0,0,0,500.0,0.01,met,VALID
2025-01-20 12:00:00,GOV-EMERG-001,central,status-page,796.4,45,0.995,0.1593,normal,none,1.0,False,0.0,10,50,500,5000,16.68,10.47,0.0,0.0,0.0,27.2,64.8,146.2,0.00069,none,0,0,0,500.0,0.01,met,VALID
2025-01-20 14:00:00,GOV-EMERG-001,central,api-data,840.1,32,1.05,0.168,normal,none,1.0,False,0.0,10,50,500,5000,8.45,5.93,0.0,0.0,0.0,30.9,76.8,177.7,0.00111,none,0,0,0,500.0,0.01,met,VALID
2025-01-20 16:00:00,GOV-EMERG-001,central,portal-main,707.9,37,0.885,0.1416,normal,none,1.0,False,0.0,10,50,500,5000,9.95,6.44,0.0,0.0,0.0,28.0,65.4,124.9,0.00051,none,0,0,0,500.0,0.01,met,VALID
2025-01-20 18:00:00,GOV-EMERG-001,central,api-data,535.0,36,0.669,0.107,normal,none,1.0,False,0.0,10,50,500,5000,6.13,7.4,0.0,0.0,0.0,28.1,72.0,152.8,0.00132,none,0,0,0,500.0,0.01,met,VALID
2025-01-20 20:00:00,GOV-EMERG-001,central,portal-main,341.9,15,0.427,0.0684,normal,none,1.0,False,0.0,10,50,500,5000,5.04,4.0,0.0,0.0,0.0,29.4,67.9,153.9,0.00085,none,0,0,0,500.0,0.01,met,VALID
2025-01-20 22:00:00,GOV-EMERG-001,central,portal-main,238.3,12,0.298,0.0477,normal,none,1.0,False,0.0,10,50,500,5000,6.04,5.17,0.0,0.0,0.0,24.3,52.4,132.6,0.00057,none,0,0,0,500.0,0.01,met,VALID
2025-01-21 00:00:00,GOV-EMERG-001,central,api-data,114.9,7,0.144,0.023,normal,none,1.0,False,0.0,10,50,500,5000,1.0,4.0,0.0,0.0,0.0,23.9,54.8,100.0,0.00085,none,0,0,0,500.0,0.01,met,IMPUTED_MISSING
2025-01-21 02:00:00,GOV-EMERG-001,central,api-data,81.1,4,0.101,0.0162,normal,none,1.0,False,0.0,10,50,500,5000,1.0,4.0,0.0,0.0,0.0,23.5,53.8,128.3,0.00084,none,0,0,0,500.0,0.01,met,VALID
2025-01-21 04:00:00,GOV-EMERG-001,central,portal-main,58.8,4,0.074,0.0118,normal,none,1.0,False,0.0,10,50,500,5000,2.18,4.0,0.0,0.0,0.0,23.3,50.1,129.8,0.00115,none,0,0,0,500.0,0.01,met,VALID
2025-01-21 06:00:00,GOV-EMERG-001,central,portal-main,179.6,8,0.224,0.0359,normal,none,1.0,False,0.0,10,50,500,5000,1.0,4.0,0.0,0.0,0.0,26.6,65.8,143.1,0.00147,none,0,0,0,500.0,0.01,met,VALID
2025-01-21 08:00:00,GOV-EMERG-001,central,portal-main,568.9,24,0.711,0.1138,normal,none,1.0,False,0.0,10,50,500,5000,9.72,4.0,0.0,0.0,0.0,26.8,63.4,117.6,0.00145,none,0,0,0,500.0,0.01,met,IMPUTED_MISSING
2025-01-21 10:00:00,GOV-EMERG-001,central,api-data,767.6,46,0.96,0.1535,normal,none,1.0,False,0.0,10,50,500,5000,10.41,6.76,0.0,0.0,0.0,35.5,78.9,153.6,0.00106,none,0,0,0,500.0,0.01,met,VALID
2025-01-21 12:00:00,GOV-EMERG-001,central,portal-main,648.4,43,0.81,0.1297,normal,none,1.0,False,0.0,10,50,500,5000,15.6,6.61,0.0,0.0,0.0,39.4,88.9,216.0,0.00093,none,0,0,0,500.0,0.01,met,IMPUTED_MISSING
2025-01-21 14:00:00,GOV-EMERG-001,central,portal-main,821.6,40,1.027,0.1643,normal,none,1.0,False,0.0,10,50,500,5000,10.64,7.47,0.0,0.0,0.0,27.6,61.5,146.4,0.00077,none,0,0,0,500.0,0.01,met,VALID
2025-01-21 16:00:00,GOV-EMERG-001,central,portal-main,752.1,37,0.94,0.1504,normal,none,1.0,False,0.0,10,50,500,5000,10.09,4.0,0.0,0.0,0.0,30.6,69.4,182.6,0.00029,none,0,0,0,500.0,0.01,met,IMPUTED_MISSING
2025-01-21 18:00:00,GOV-EMERG-001,central,portal-main,556.1,33,0.695,0.1112,normal,none,1.0,False,0.0,10,50,500,5000,9.86,7.49,0.0,0.0,0.0,32.3,74.8,158.5,0.00099,none,0,0,0,500.0,0.01,met,VALID
2025-01-21 20:00:00,GOV-EMERG-001,central,api-data,355.4,22,0.444,0.0711,normal,none,1.0,False,0.0,10,50,500,5000,5.6,4.0,0.0,0.0,0.0,25.9,56.8,115.3,0.00066,none,0,0,0,500.0,0.01,met,IMPUTED_MISSING
2025-01-21 22:00:00,GOV-EMERG-001,central,api-data,224.1,12,0.28,0.0448,normal,none,1.0,False,0.0,10,50,500,5000,5.51,4.0,0.0,0.0,0.0,22.2,55.3,122.9,0.00149,none,0,0,0,500.0,0.01,met,VALID
2025-01-22 00:00:00,GOV-EMERG-001,central,portal-main,125.3,6,0.157,0.0251,normal,none,1.0,False,0.0,10,50,500,5000,5.09,5.24,0.0,0.0,0.0,32.6,83.3,179.2,0.00092,none,0,0,0,500.0,0.01,met,VALID
2025-01-22 02:00:00,GOV-EMERG-001,central,portal-main,84.5,5,0.106,0.0169,normal,none,1.0,False,0.0,10,50,500,5000,2.13,4.0,0.0,0.0,0.0,28.2,65.2,142.2,0.0013,none,0,0,0,500.0,0.01,met,VALID
2025-01-22 04:00:00,GOV-EMERG-001,central,portal-main,62.9,5,0.079,0.0126,normal,none,1.0,False,0.0,10,50,500,5000,1.0,4.0,0.0,0.0,0.0,26.6,64.5,146.1,0.00081,none,0,0,0,500.0,0.01,met,VALID
2025-01-22 06:00:00,GOV-EMERG-001,central,api-data,200.3,11,0.25,0.0401,normal,none,1.0,False,0.0,10,50,500,5000,2.02,4.0,0.0,0.0,0.0,31.8,65.35,147.2,0.00073,none,0,0,0,500.0,0.01,met,IMPUTED_MISSING
2025-01-22 08:00:00,GOV-EMERG-001,central,api-data,568.4,29,0.71,0.1137,normal,none,1.0,False,0.0,10,50,500,5000,11.27,4.0,0.0,0.0,0.0,31.3,66.2,138.7,0.00124,none,0,0,0,500.0,0.01,met,VALID
2025-01-22 10:00:00,GOV-EMERG-001,central,portal-main,822.2,32,1.028,0.1644,normal,none,1.0,False,0.0,10,50,500,5000,12.92,4.0,0.0,0.0,0.0,29.7,62.8,126.4,0.00111,none,0,0,0,500.0,0.01,met,VALID
2025-01-22 12:00:00,GOV-EMERG-001,central,portal-main,715.2,32,0.894,0.143,normal,none,1.0,False,0.0,10,50,500,5000,9.05,12.2,0.0,0.0,0.0,25.3,51.6,115.7,0.00113,none,0,0,0,500.0,0.01,met,VALID
2025-01-22 14:00:00,GOV-EMERG-001,central,portal-main,795.2,38,0.994,0.159,normal,none,1.0,False,0.0,10,50,500,5000,11.36,8.48,0.0,0.0,0.0,27.8,62.9,147.3,0.00096,none,0,0,0,500.0,0.01,met,VALID
2025-01-22 16:00:00,GOV-EMERG-001,central,portal-main,726.9,33,0.909,0.1454,normal,none,1.0,False,0.0,10,50,500,5000,10.45,4.91,0.0,0.0,0.0,34.1,74.9,153.9,0.00132,none,0,0,0,500.0,0.01,met,VALID
2025-01-22 18:00:00,GOV-EMERG-001,central,api-data,551.4,27,0.689,0.1103,normal,none,1.0,False,0.0,10,50,500,5000,8.15,5.14,0.0,0.0,0.0,30.8,72.0,177.8,0.00126,none,0,0,0,500.0,0.01,met,VALID
2025-01-22 20:00:00,GOV-EMERG-001,central,portal-main,368.6,24,0.461,0.0737,normal,none,1.0,False,0.0,10,50,500,5000,8.29,8.78,0.0,0.0,0.0,26.2,59.6,118.1,0.00013,none,0,0,0,500.0,0.01,met,VALID
2025-01-22 22:00:00,GOV-EMERG-001,central,portal-main,243.3,15,0.304,0.0487,normal,none,1.0,False,0.0,10,50,500,5000,5.44,4.0,0.0,0.0,0.0,33.3,70.5,179.0,0.0009,none,0,0,0,500.0,0.01,met,VALID
2025-01-23 00:00:00,GOV-EMERG-001,central,status-page,117.7,6,0.147,0.0235,normal,none,1.0,False,0.0,10,50,500,5000,1.0,4.0,0.0,0.0,0.0,25.0,55.8,126.2,0.00141,none,0,0,0,500.0,0.01,met,VALID
2025-01-23 02:00:00,GOV-EMERG-001,central,portal-main,86.5,3,0.108,0.0173,normal,none,1.0,False,0.0,10,50,500,5000,1.78,4.0,0.0,0.0,0.0,29.4,59.3,130.0,0.00059,none,0,0,0,500.0,0.01,met,VALID
2025-01-23 04:00:00,GOV-EMERG-001,central,portal-main,65.7,4,0.082,0.0131,normal,none,1.0,False,0.0,10,50,500,5000,1.0,4.0,0.0,0.0,0.0,26.2,60.9,134.0,0.00032,none,0,0,0,500.0,0.01,met,VALID
2025-01-23 06:00:00,GOV-EMERG-001,central,portal-main,230.0,11,0.288,0.046,normal,none,1.0,False,0.0,10,50,500,5000,5.8,5.51,0.0,0.0,0.0,33.9,73.4,200.6,0.00094,none,0,0,0,500.0,0.01,met,VALID
2025-01-23 08:00:00,GOV-EMERG-001,central,portal-main,526.6,19,0.658,0.1053,normal,none,1.0,False,0.0,10,50,500,5000,8.18,4.0,0.0,0.0,0.0,31.0,67.05000000000001,182.3,0.00121,none,0,0,0,500.0,0.01,met,IMPUTED_MISSING
2025-01-23 10:00:00,GOV-EMERG-001,central,portal-main,772.4,43,0.966,0.1545,normal,none,1.0,False,0.0,10,50,500,5000,16.68,14.09,0.0,0.0,0.0,29.8,60.7,136.4,0.00082,none,0,0,0,500.0,0.01,met,VALID
2025-01-23 12:00:00,GOV-EMERG-001,central,portal-main,735.1,43,0.919,0.147,normal,none,1.0,False,0.0,10,50,500,5000,11.37,5.05,0.0,0.0,0.0,28.6,69.4,145.1,0.0012799999999999999,none,0,0,0,500.0,0.01,met,IMPUTED_MISSING
2025-01-23 14:00:00,GOV-EMERG-001,central,portal-main,815.9,24,1.02,0.1632,normal,none,1.0,False,0.0,10,50,500,5000,12.78,9.88,0.0,0.0,0.0,29.8,64.1,128.3,0.00174,none,0,0,0,500.0,0.01,met,VALID
2025-01-23 16:00:00,GOV-EMERG-001,central,portal-main,746.3,32,0.933,0.1493,normal,none,1.0,False,0.0,10,50,500,5000,14.89,11.52,0.0,0.0,0.0,26.5,63.4,130.8,0.00023,none,0,0,0,500.0,0.01,met,VALID
2025-01-23 18:00:00,GOV-EMERG-001,central,portal-main,502.6,25,0.628,0.1005,normal,none,1.0,False,0.0,10,50,500,5000,12.53,10.43,0.0,0.0,0.0,22.3,55.6,103.7,0.00085,none,0,0,0,500.0,0.01,met,VALID
2025-01-23 20:00:00,GOV-EMERG-001,central,api-data,376.3,21,0.47,0.0753,normal,none,1.0,False,0.0,10,50,500,5000,7.24,4.59,0.0,0.0,0.0,28.3,65.0,165.6,9e-05,none,0,0,0,500.0,0.01,met,VALID
2025-01-23 22:00:00,GOV-EMERG-001,central,portal-main,237.0,11,0.296,0.0474,normal,none,1.0,False,0.0,10,50,500,5000,5.15,4.19,0.0,0.0,0.0,24.1,50.1,126.9,0.00126,none,0,0,0,500.0,0.01,met,VALID
2025-01-24 00:00:00,GOV-EMERG-001,central,portal-main,118.0,5,0.148,0.0236,normal,none,1.0,False,0.0,10,50,500,5000,4.1,4.0,0.0,0.0,0.0,23.5,55.6,102.5,0.00073,none,0,0,0,500.0,0.01,met,VALID
2025-01-24 02:00:00,GOV-EMERG-001,central,portal-main,72.3,4,0.09,0.0145,normal,none,1.0,False,0.0,10,50,500,5000,5.38,4.0,0.0,0.0,0.0,25.0,51.1,149.7,0.00081,none,0,0,0,500.0,0.01,met,VALID
2025-01-24 04:00:00,GOV-EMERG-001,central,api-data,65.1,3,0.081,0.013,normal,none,1.0,False,0.0,10,50,500,5000,1.0,4.0,0.0,0.0,0.0,25.5,63.6,137.6,0.00146,none,0,0,0,500.0,0.01,met,VALID
2025-01-24 06:00:00,GOV-EMERG-001,central,api-data,201.7,11,0.252,0.0403,normal,none,1.0,False,0.0,10,50,500,5000,1.47,4.0,0.0,0.0,0.0,26.1,64.1,111.3,0.00047,none,0,0,0,500.0,0.01,met,VALID
2025-01-24 08:00:00,GOV-EMERG-001,central,portal-main,547.9,22,0.685,0.1096,normal,none,1.0,False,0.0,10,50,500,5000,14.06,12.9,0.0,0.0,0.0,35.0,78.5,196.1,0.00037,none,0,0,0,500.0,0.01,met,VALID
2025-01-24 10:00:00,GOV-EMERG-001,central,portal-main,767.8,30,0.96,0.1536,normal,none,1.0,False,0.0,10,50,500,5000,11.65,6.53,0.0,0.0,0.0,32.2,69.6,164.6,9e-05,none,0,0,0,500.0,0.01,met,VALID
2025-01-24 12:00:00,GOV-EMERG-001,central,portal-main,691.7,39,0.865,0.1383,normal,none,1.0,False,0.0,10,50,500,5000,11.61,4.48,0.0,0.0,0.0,37.4,90.8,179.7,0.00151,none,0,0,0,500.0,0.01,met,VALID
2025-01-24 14:00:00,GOV-EMERG-001,central,portal-main,757.0,39,0.946,0.1514,normal,none,1.0,False,0.0,10,50,500,5000,11.35,10.67,0.0,0.0,0.0,27.7,64.8,121.7,0.00142,none,0,0,0,500.0,0.01,met,VALID
2025-01-24 16:00:00,GOV-EMERG-001,central,portal-main,666.7,38,0.833,0.1333,normal,none,1.0,False,0.0,10,50,500,5000,11.1,5.7,0.0,0.0,0.0,32.0,66.7,145.7,0.00088,none,0,0,0,500.0,0.01,met,VALID
2025-01-24 18:00:00,GOV-EMERG-001,central,portal-main,494.8,23,0.618,0.099,normal,none,1.0,False,0.0,10,50,500,5000,4.51,4.0,0.0,0.0,0.0,26.2,64.4,113.6,0.00049,none,0,0,0,500.0,0.01,met,VALID
2025-01-24 20:00:00,GOV-EMERG-001,central,portal-main,327.5,14,0.409,0.0655,normal,none,1.0,False,0.0,10,50,500,5000,4.69,4.0,0.0,0.0,0.0,24.5,53.9,137.4,0.00133,none,0,0,0,500.0,0.01,met,VALID
2025-01-24 22:00:00,GOV-EMERG-001,central,portal-main,201.6,12,0.252,0.0403,normal,none,1.0,False,0.0,10,50,500,5000,3.95,4.0,0.0,0.0,0.0,34.6,87.8,157.4,0.0021,none,0,0,0,500.0,0.01,met,VALID
2025-01-25 00:00:00,GOV-EMERG-001,central,portal-main,92.4,3,0.116,0.0185,normal,none,1.0,False,0.0,10,50,500,5000,2.54,4.0,0.0,0.0,0.0,22.4,55.9,110.6,0.00091,none,0,0,0,500.0,0.01,met,VALID
2025-01-25 02:00:00,GOV-EMERG-001,central,portal-main,64.7,4,0.081,0.0129,normal,none,1.0,False,0.0,10,50,500,5000,2.44,4.0,0.0,0.0,0.0,16.4,35.5,97.3,0.00052,none,0,0,0,500.0,0.01,met,VALID
2025-01-25 04:00:00,GOV-EMERG-001,central,api-data,51.1,3,0.064,0.0102,normal,none,1.0,False,0.0,10,50,500,5000,3.71,6.25,0.0,0.0,0.0,22.4,48.3,134.3,0.0015,none,0,0,0,500.0,0.01,met,VALID
2025-01-25 06:00:00,GOV-EMERG-001,central,portal-main,161.7,9,0.202,0.0323,normal,none,1.0,False,0.0,10,50,500,5000,3.8,4.0,0.0,0.0,0.0,17.8,39.9,99.4,0.00055,none,0,0,0,500.0,0.01,met,VALID
2025-01-25 08:00:00,GOV-EMERG-001,central,status-page,459.2,20,0.574,0.0918,normal,none,1.0,False,0.0,10,50,500,5000,6.584999999999999,11.83,0.0,0.0,0.0,23.7,58.9,132.8,0.00085,none,0,0,0,500.0,0.01,met,IMPUTED_MISSING
2025-01-25 10:00:00,GOV-EMERG-001,central,portal-main,619.9,27,0.775,0.124,normal,none,1.0,False,0.0,10,50,500,5000,9.37,10.2,0.0,0.0,0.0,25.1,52.2,147.9,0.0,none,0,0,0,500.0,0.01,met,VALID
2025-01-25 12:00:00,GOV-EMERG-001,central,api-data,618.2,30,0.773,0.1236,normal,none,1.0,False,0.0,10,50,500,5000,7.42,4.0,0.0,0.0,0.0,28.7,62.8,160.4,0.00088,none,0,0,0,500.0,0.01,met,VALID
2025-01-25 14:00:00,GOV-EMERG-001,central,status-page,631.4,25,0.789,0.1263,normal,none,1.0,False,0.0,10,50,500,5000,9.91,5.84,0.0,0.0,0.0,20.4,48.9,100.1,0.00049,none,0,0,0,500.0,0.01,met,VALID
2025-01-25 16:00:00,GOV-EMERG-001,central,status-page,532.2,22,0.665,0.1064,normal,none,1.0,False,0.0,10,50,500,5000,16.04,5.2,0.0,0.0,0.0,32.8,66.2,135.0,0.0015,none,0,0,0,500.0,0.01,met,VALID
2025-01-25 18:00:00,GOV-EMERG-001,central,api-data,426.0,24,0.532,0.0852,normal,none,1.0,False,0.0,10,50,500,5000,8.38,5.03,0.0,0.0,0.0,19.8,40.3,87.6,0.00061,none,0,0,0,500.0,0.01,met,VALID
2025-01-25 20:00:00,GOV-EMERG-001,central,api-data,261.6,14,0.327,0.0523,normal,none,1.0,False,0.0,10,50,500,5000,4.74,4.0,0.0,0.0,0.0,25.9,63.6,126.5,0.00131,none,0,0,0,500.0,0.01,met,VALID
2025-01-25 22:00:00,GOV-EMERG-001,central,portal-main,172.1,7,0.215,0.0344,normal,none,1.0,False,0.0,10,50,500,5000,1.0,4.0,0.0,0.0,0.0,24.6,56.9,111.4,0.00096,none,0,0,0,500.0,0.01,met,VALID
2025-01-26 00:00:00,GOV-EMERG-001,central,api-data,94.4,5,0.118,0.0189,normal,none,1.0,False,0.0,10,50,500,5000,1.0,4.0,0.0,0.0,0.0,28.8,67.2,134.1,0.00105,none,0,0,0,500.0,0.01,met,VALID
2025-01-26 02:00:00,GOV-EMERG-001,central,portal-main,54.8,3,0.068,0.011,normal,none,1.0,False,0.0,10,50,500,5000,3.11,6.86,0.0,0.0,0.0,26.7,57.4,109.9,0.00121,none,0,0,0,500.0,0.01,met,VALID
2025-01-26 04:00:00,GOV-EMERG-001,central,portal-main,50.7,3,0.063,0.0101,normal,none,1.0,False,0.0,10,50,500,5000,1.0,4.0,0.0,0.0,0.0,30.0,69.6,153.1,0.00098,none,0,0,0,500.0,0.01,met,VALID
2025-01-26 06:00:00,GOV-EMERG-001,central,portal-main,161.3,9,0.202,0.0323,normal,none,1.0,False,0.0,10,50,500,5000,4.12,8.18,0.0,0.0,0.0,24.4,56.8,114.7,0.00074,none,0,0,0,500.0,0.01,met,VALID
2025-01-26 08:00:00,GOV-EMERG-001,central,api-data,412.2,24,0.515,0.0824,normal,none,1.0,False,0.0,10,50,500,5000,2.53,4.0,0.0,0.0,0.0,25.4,57.1,114.7,0.00068,none,0,0,0,500.0,0.01,met,VALID
2025-01-26 10:00:00,GOV-EMERG-001,central,portal-main,608.8,33,0.761,0.1218,normal,none,1.0,False,0.0,10,50,500,5000,11.36,8.98,0.0,0.0,0.0,30.1,77.7,157.2,0.0012,none,0,0,0,500.0,0.01,met,VALID
2025-01-26 12:00:00,GOV-EMERG-001,central,portal-main,570.2,33,0.713,0.114,normal,none,1.0,False,0.0,10,50,500,5000,7.53,10.52,0.0,0.0,0.0,32.3,65.6,147.2,0.00024,none,0,0,0,500.0,0.01,met,VALID
2025-01-26 14:00:00,GOV-EMERG-001,central,portal-main,586.0,23,0.732,0.1172,normal,none,1.0,False,0.0,10,50,500,5000,7.39,6.54,0.0,0.0,0.0,31.6,71.1,156.6,0.00167,none,0,0,0,500.0,0.01,met,VALID
2025-01-26 16:00:00,GOV-EMERG-001,central,portal-main,532.1,26,0.665,0.1064,normal,none,1.0,False,0.0,10,50,500,5000,7.64,4.0,0.0,0.0,0.0,29.3,73.6,131.5,0.00105,none,0,0,0,500.0,0.01,met,VALID
2025-01-26 18:00:00,GOV-EMERG-001,central,portal-main,376.9,19,0.471,0.0754,normal,none,1.0,False,0.0,10,50,500,5000,4.64,4.0,0.0,0.0,0.0,28.0,59.4,149.9,0.00087,none,0,0,0,500.0,0.01,met,IMPUTED_MISSING
2025-01-26 20:00:00,GOV-EMERG-001,central,portal-main,263.6,13,0.33,0.0527,normal,none,1.0,False,0.0,10,50,500,5000,1.64,4.0,0.0,0.0,0.0,26.2,67.2,149.8,0.00111,none,0,0,0,500.0,0.01,met,VALID
2025-01-26 22:00:00,GOV-EMERG-001,central,portal-main,161.3,9,0.202,0.0323,normal,none,1.0,False,0.0,10,50,500,5000,1.06,4.0,23.0,0.0,0.0,27.5,62.0,114.4,0.00076,none,0,0,0,500.0,0.01,met,REPAIRED_NEGATIVE
2025-01-27 00:00:00,GOV-EMERG-001,central,portal-main,122.1,7,0.153,0.0244,normal,none,1.0,False,0.0,10,50,500,5000,2.18,4.0,0.0,0.0,0.0,33.8,70.7,190.4,0.00093,none,0,0,0,500.0,0.01,met,VALID
2025-01-27 02:00:00,GOV-EMERG-001,central,portal-main,84.6,5,0.106,0.0169,normal,none,1.0,False,0.0,10,50,500,5000,1.26,4.0,0.0,0.0,0.0,24.5,50.3,139.5,0.00055,none,0,0,0,500.0,0.01,met,VALID
2025-01-27 04:00:00,GOV-EMERG-001,central,portal-main,63.4,3,0.079,0.0127,normal,none,1.0,False,0.0,10,50,500,5000,2.49,4.0,0.0,0.0,0.0,23.9,52.4,141.5,0.00115,none,0,0,0,500.0,0.01,met,VALID
2025-01-27 06:00:00,GOV-EMERG-001,central,portal-main,187.3,8,0.234,0.0375,normal,none,1.0,False,0.0,10,50,500,5000,4.76,4.904999999999999,0.0,0.0,0.0,24.2,61.8,136.9,0.00097,none,0,0,0,500.0,0.01,met,IMPUTED_MISSING
2025-01-27 08:00:00,GOV-EMERG-001,central,portal-main,529.7,31,0.662,0.1059,normal,none,1.0,False,0.0,10,50,500,5000,8.06,5.81,0.0,0.0,0.0,29.5,75.7,150.7,0.00107,none,0,0,0,500.0,0.01,met,VALID
2025-01-27 10:00:00,GOV-EMERG-001,central,api-data,815.8,43,1.02,0.1632,normal,none,1.0,False,0.0,10,50,500,5000,12.69,7.24,0.0,0.0,0.0,21.4,50.0,88.6,0.00159,none,0,0,0,500.0,0.01,met,VALID
2025-01-27 12:00:00,GOV-EMERG-001,central,portal-main,786.4,33,0.983,0.1573,normal,none,1.0,False,0.0,10,50,500,5000,18.48,7.32,0.0,0.0,0.0,29.1,60.3,120.8,0.00068,none,0,0,0,500.0,0.01,met,IMPUTED_MISSING
2025-01-27 14:00:00,GOV-EMERG-001,central,status-page,815.7,39,1.02,0.1631,normal,none,1.0,False,0.0,10,50,500,5000,12.96,5.63,0.0,0.0,0.0,33.4,75.9,146.7,0.00095,none,0,0,0,500.0,0.01,met,VALID
2025-01-27 16:00:00,GOV-EMERG-001,central,status-page,666.8,24,0.833,0.1334,normal,none,1.0,False,0.0,10,50,500,5000,17.44,11.09,0.0,0.0,0.0,26.7,60.2,130.9,0.00034,none,0,0,0,500.0,0.01,met,VALID
2025-01-27 18:00:00,GOV-EMERG-001,central,portal-main,539.9,27,0.675,0.108,normal,none,1.0,False,0.0,10,50,500,5000,7.7,4.33,0.0,0.0,0.0,28.8,61.5,170.1,0.00122,none,0,0,0,500.0,0.01,met,VALID
2025-01-27 20:00:00,GOV-EMERG-001,central,portal-main,355.7,17,0.445,0.0711,normal,none,1.0,False,0.0,10,50,500,5000,4.39,4.0,0.0,0.0,0.0,35.4,72.3,153.8,0.00099,none,0,0,0,500.0,0.01,met,VALID
2025-01-27 22:00:00,GOV-EMERG-001,central,portal-main,219.8,10,0.275,0.044,normal,none,1.0,False,0.0,10,50,500,5000,1.0,4.67,0.0,0.0,0.0,27.5,61.2,139.5,0.00101,none,0,0,0,500.0,0.01,met,VALID
2025-01-28 00:00:00,GOV-EMERG-001,central,api-data,114.2,7,0.143,0.0228,normal,none,1.0,False,0.0,10,50,500,5000,1.0,4.0,0.0,0.0,0.0,16.6,37.0,99.7,0.00094,none,0,0,0,500.0,0.01,met,VALID
2025-01-28 02:00:00,GOV-EMERG-001,central,api-data,85.6,3,0.107,0.0171,normal,none,1.0,False,0.0,10,50,500,5000,4.65,5.16,0.0,0.0,0.0,19.8,48.0,79.7,0.00077,none,0,0,0,500.0,0.01,met,VALID
2025-01-28 04:00:00,GOV-EMERG-001,central,api-data,55.9,3,0.07,0.0112,normal,none,1.0,False,0.0,10,50,500,5000,1.0,4.0,0.0,0.0,0.0,24.3,54.3,99.4,0.002,none,0,0,0,500.0,0.01,met,VALID
2025-01-28 06:00:00,GOV-EMERG-001,central,portal-main,208.0,14,0.26,0.0416,normal,none,1.0,False,0.0,10,50,500,5000,3.47,4.0,0.0,0.0,0.0,26.4,45.9,103.8,0.00102,none,0,0,0,500.0,0.01,met,IMPUTED_MISSING
2025-01-28 08:00:00,GOV-EMERG-001,central,portal-main,547.0,32,0.684,0.1094,normal,none,1.0,False,0.0,10,50,500,5000,5.77,4.13,0.0,0.0,0.0,28.5,57.3,126.8,0.00112,none,0,0,0,500.0,0.01,met,VALID
2025-01-28 10:00:00,GOV-EMERG-001,central,portal-main,783.6,39,0.98,0.1567,normal,none,1.0,False,0.0,10,50,500,5000,10.96,4.0,0.0,0.0,0.0,28.5,68.7,142.3,0.00054,none,0,0,0,500.0,0.01,met,VALID
2025-01-28 12:00:00,GOV-EMERG-001,central,api-data,780.9,32,0.976,0.1562,normal,none,1.0,False,0.0,10,50,500,5000,11.88,4.625,0.0,0.0,0.0,34.3,82.2,166.0,0.00135,none,0,0,0,500.0,0.01,met,IMPUTED_MISSING
2025-01-28 14:00:00,GOV-EMERG-001,central,portal-main,771.4,30,0.964,0.1543,normal,none,1.0,False,0.0,10,50,500,5000,12.43,5.25,0.0,0.0,0.0,25.2,52.8,130.2,0.00095,none,0,0,0,500.0,0.01,met,VALID
2025-01-28 16:00:00,GOV-EMERG-001,central,api-data,656.9,31,0.821,0.1314,normal,none,1.0,False,0.0,10,50,500,5000,14.83,11.29,0.0,0.0,0.0,28.0,70.4,120.0,0.00118,none,0,0,0,500.0,0.01,met,VALID
2025-01-28 18:00:00,GOV-EMERG-001,central,api-data,516.6,23,0.646,0.1033,normal,none,1.0,False,0.0,10,50,500,5000,14.95,4.94,0.0,0.0,0.0,28.7,68.9,154.4,0.00136,none,0,0,0,500.0,0.01,met,VALID
2025-01-28 20:00:00,GOV-EMERG-001,central,portal-main,367.4,16,0.459,0.0735,normal,none,1.0,False,0.0,10,50,500,5000,4.25,9.57,0.0,0.0,0.0,28.3,59.3,125.6,0.00096,none,0,0,0,500.0,0.01,met,VALID
2025-01-28 22:00:00,GOV-EMERG-001,central,portal-main,219.1,10,0.274,0.0438,normal,none,1.0,False,0.0,10,50,500,5000,2.89,4.0,0.0,0.0,0.0,26.7,58.1,131.1,0.00073,none,0,0,0,500.0,0.01,met,VALID
2025-01-29 00:00:00,GOV-EMERG-001,northeast,portal-main,110.6,5,0.138,0.0221,breaking_news,medium,1.0,False,360.0,10,50,500,5000,4.66,4.0,0.0,0.0,0.0,15.9,41.1,64.7,7e-05,none,0,0,0,500.0,0.01,met,VALID
2025-01-29 02:00:00,GOV-EMERG-001,northeast,api-data,332.7,18,0.416,0.0665,breaking_news,medium,1.0,False,360.0,10,50,500,5000,1.0,5.8,0.0,0.0,0.0,27.1,60.9,151.7,0.00085,none,0,0,0,500.0,0.01,met,VALID
2025-01-29 04:00:00,GOV-EMERG-001,northeast,portal-main,224.1,9,0.28,0.0448,breaking_news,medium,1.0,False,360.0,10,50,500,5000,5.4,8.58,0.0,0.0,0.0,25.6,54.8,134.3,0.00073,none,0,0,0,500.0,0.01,met,VALID
2025-01-29 06:00:00,GOV-EMERG-001,central,status-page,200.7,9,0.251,0.0401,normal,none,1.0,False,0.0,10,50,500,5000,8.19,4.64,0.0,0.0,0.0,29.5,68.3,130.3,0.00054,none,0,0,0,500.0,0.01,met,VALID
2025-01-29 08:00:00,GOV-EMERG-001,central,portal-main,572.6,28,0.716,0.1145,normal,none,1.0,False,0.0,10,50,500,5000,7.94,4.0,0.0,0.0,0.0,31.1,66.1,162.0,0.00158,none,0,0,0,500.0,0.01,met,VALID
2025-01-29 10:00:00,GOV-EMERG-001,central,status-page,789.5,38,0.987,0.1579,normal,none,1.0,False,0.0,10,50,500,5000,9.22,9.97,0.0,0.0,0.0,30.7,75.9,149.4,0.00139,none,0,0,0,500.0,0.01,met,VALID
2025-01-29 12:00:00,GOV-EMERG-001,central,api-data,696.3,45,0.87,0.1393,normal,none,1.0,False,0.0,10,50,500,5000,7.52,4.0,0.0,0.0,0.0,30.3,75.0,171.3,0.00027,none,0,0,0,500.0,0.01,met,VALID
2025-01-29 14:00:00,GOV-EMERG-001,central,portal-main,867.1,45,1.084,0.1734,normal,none,1.0,False,0.0,10,50,500,5000,18.56,8.11,0.0,0.0,0.0,35.7,88.4,212.8,0.00106,none,0,0,0,500.0,0.01,met,VALID
2025-01-29 16:00:00,GOV-EMERG-001,central,api-data,673.6,25,0.842,0.1347,normal,none,1.0,False,0.0,10,50,500,5000,13.035,7.63,0.0,0.0,0.0,33.5,79.4,142.3,0.00067,none,0,0,0,500.0,0.01,met,IMPUTED_MISSING
2025-01-29 18:00:00,GOV-EMERG-001,central,api-data,508.5,27,0.636,0.1017,normal,none,1.0,False,0.0,10,50,500,5000,7.51,4.89,0.0,0.0,0.0,28.9,69.9,144.1,0.00115,none,0,0,0,500.0,0.01,met,VALID
2025-01-29 20:00:00,GOV-EMERG-001,central,status-page,379.7,21,0.475,0.0759,normal,none,1.0,False,0.0,10,50,500,5000,6.5,4.0,0.0,0.0,0.0,26.25,78.1,160.9,0.00068,none,0,0,0,500.0,0.01,met,IMPUTED_MISSING
2025-01-29 22:00:00,GOV-EMERG-001,central,portal-main,215.9,11,0.27,0.0432,normal,none,1.0,False,0.0,10,50,500,5000,2.09,4.0,0.0,0.0,0.0,23.6,59.7,129.9,0.00078,none,0,0,0,500.0,0.01,met,VALID
2025-01-30 00:00:00,GOV-EMERG-001,central,portal-main,116.4,5,0.146,0.0233,normal,none,1.0,False,0.0,10,50,500,5000,1.09,4.0,0.0,0.0,0.0,20.9,43.5,84.9,0.00139,none,0,0,0,500.0,0.01,met,VALID
2025-01-30 02:00:00,GOV-EMERG-001,central,portal-main,80.0,5,0.1,0.016,normal,none,1.0,False,0.0,10,50,500,5000,4.84,5.66,0.0,0.0,0.0,25.4,54.6,129.1,0.00133,none,0,0,0,500.0,0.01,met,VALID
2025-01-30 04:00:00,GOV-EMERG-001,central,portal-main,64.0,3,0.08,0.0128,normal,none,1.0,False,0.0,10,50,500,5000,1.17,4.0,0.0,0.0,0.0,23.8,61.9,136.2,0.0016,none,0,0,0,500.0,0.01,met,VALID
2025-01-30 06:00:00,GOV-EMERG-001,central,portal-main,202.6,11,0.253,0.0405,normal,none,1.0,False,0.0,10,50,500,5000,2.44,4.0,0.0,0.0,0.0,16.2,41.7,77.4,0.00091,none,0,0,0,500.0,0.01,met,VALID
2025-01-30 08:00:00,GOV-EMERG-001,central,portal-main,618.6,32,0.773,0.1237,normal,none,1.0,False,0.0,10,50,500,5000,10.97,13.64,0.0,0.0,0.0,25.9,59.7,147.1,0.00042,none,0,0,0,500.0,0.01,met,VALID
2025-01-30 10:00:00,GOV-EMERG-001,central,portal-main,813.4,45,1.017,0.1627,normal,none,1.0,False,0.0,10,50,500,5000,14.04,13.4,0.0,0.0,0.0,31.2,71.8,134.1,0.00137,none,0,0,0,500.0,0.01,met,VALID
2025-01-30 12:00:00,GOV-EMERG-001,central,portal-main,634.4,41,0.793,0.1269,normal,none,1.0,False,0.0,10,50,500,5000,9.89,11.14,0.0,0.0,0.0,28.4,58.8,165.8,0.00137,none,0,0,0,500.0,0.01,met,VALID
2025-01-30 14:00:00,GOV-EMERG-001,central,portal-main,813.1,44,1.016,0.1626,normal,none,1.0,False,0.0,10,50,500,5000,12.07,5.79,0.0,0.0,0.0,26.7,64.1,149.3,0.00125,none,0,0,0,500.0,0.01,met,VALID
2025-01-30 16:00:00,GOV-EMERG-001,central,api-data,681.3,31,0.852,0.1363,normal,none,1.0,False,0.0,10,50,500,5000,11.18,10.47,0.0,0.0,0.0,29.1,58.8,139.2,0.0007,none,0,0,0,500.0,0.01,met,VALID
2025-01-30 18:00:00,GOV-EMERG-001,central,api-data,521.1,31,0.651,0.1042,normal,none,1.0,False,0.0,10,50,500,5000,10.78,13.64,0.0,0.0,0.0,28.4,62.2,121.0,0.00057,none,0,0,0,500.0,0.01,met,VALID
2025-01-30 20:00:00,GOV-EMERG-001,central,portal-main,364.4,16,0.455,0.0729,normal,none,1.0,False,0.0,10,50,500,5000,5.06,4.0,0.0,0.0,0.0,29.8,67.1,150.3,0.00121,none,0,0,0,500.0,0.01,met,VALID
2025-01-30 22:00:00,GOV-EMERG-001,central,portal-main,223.7,11,0.28,0.0447,normal,none,1.0,False,0.0,10,50,500,5000,7.35,5.53,0.0,0.0,0.0,23.6,59.9,126.1,0.00065,none,0,0,0,500.0,0.01,met,VALID
2025-01-31 00:00:00,GOV-EMERG-001,central,status-page,113.7,4,0.142,0.0227,normal,none,1.0,False,0.0,10,50,500,5000,1.0,4.0,0.0,0.0,0.0,29.1,75.0,123.8,0.00088,none,0,0,0,500.0,0.01,met,VALID
2025-01-31 02:00:00,GOV-EMERG-001,central,portal-main,78.3,3,0.098,0.0157,normal,none,1.0,False,0.0,10,50,500,5000,2.46,4.0,0.0,0.0,0.0,21.0,54.4,123.4,0.00216,none,0,0,0,500.0,0.01,met,VALID
2025-01-31 04:00:00,GOV-EMERG-001,central,portal-main,59.2,3,0.074,0.0118,normal,none,1.0,False,0.0,10,50,500,5000,1.82,4.0,0.0,0.0,0.0,23.3,57.7,128.7,0.00185,none,0,0,0,500.0,0.01,met,VALID
2025-01-31 06:00:00,GOV-EMERG-001,central,portal-main,181.0,10,0.226,0.0362,normal,none,1.0,False,0.0,10,50,500,5000,1.0,5.12,0.0,0.0,0.0,32.7,71.2,193.2,0.00132,none,0,0,0,500.0,0.01,met,VALID
2025-01-31 08:00:00,GOV-EMERG-001,central,api-data,611.8,25,0.765,0.1224,normal,none,1.0,False,0.0,10,50,500,5000,5.49,9.32,0.0,0.0,0.0,24.4,49.4,112.2,0.00074,none,0,0,0,500.0,0.01,met,IMPUTED_MISSING
2025-01-31 10:00:00,GOV-EMERG-001,central,portal-main,732.8,40,0.916,0.1466,normal,none,1.0,False,0.0,10,50,500,5000,9.98,4.0,0.0,0.0,0.0,26.7,60.1,129.7,0.00071,none,0,0,0,500.0,0.01,met,VALID
2025-01-31 12:00:00,GOV-EMERG-001,central,api-data,687.4,30,0.859,0.1375,normal,none,1.0,False,0.0,10,50,500,5000,14.59,5.39,0.0,0.0,0.0,24.0,60.900000000000006,107.4,0.00129,none,0,0,0,500.0,0.01,met,IMPUTED_MISSING
2025-01-31 14:00:00,GOV-EMERG-001,central,api-data,703.2,43,0.879,0.1406,normal,none,1.0,False,0.0,10,50,500,5000,10.74,6.445,0.0,0.0,0.0,25.8,61.7,117.2,0.0016,none,0,0,0,500.0,0.01,met,IMPUTED_MISSING
2025-01-31 16:00:00,GOV-EMERG-001,central,portal-main,649.8,31,0.812,0.13,normal,none,1.0,False,0.0,10,50,500,5000,10.86,7.5,0.0,0.0,0.0,29.3,65.1,125.7,0.0008,none,0,0,0,500.0,0.01,met,VALID
2025-01-31 18:00:00,GOV-EMERG-001,central,api-data,492.09999999999997,19,0.615,0.0984,normal,none,1.0,False,0.0,10,50,500,5000,8.36,4.35,0.0,0.0,0.0,30.4,77.1,129.3,0.00082,none,0,0,0,500.0,0.01,met,IMPUTED_MISSING
2025-01-31 20:00:00,GOV-EMERG-001,central,api-data,334.4,17,0.418,0.0669,normal,none,1.0,False,0.0,10,50,500,5000,2.65,4.0,0.0,0.0,0.0,26.7,59.4,142.7,0.00104,none,0,0,0,500.0,0.01,met,VALID
2025-01-31 22:00:00,GOV-EMERG-001,central,portal-main,223.9,9,0.28,0.0448,normal,none,1.0,False,0.0,10,50,500,5000,5.71,4.09,0.0,0.0,0.0,24.9,55.4,107.3,0.00044,none,0,0,0,500.0,0.01,met,REPAIRED_CAPACITY
2025-02-01 00:00:00,GOV-EMERG-001,central,portal-main,98.3,6,0.123,0.0197,normal,none,1.0,False,0.0,10,50,500,5000,3.57,4.0,0.0,0.0,0.0,20.5,50.4,87.6,0.00046,none,0,0,0,500.0,0.01,met,VALID
2025-02-01 02:00:00,GOV-EMERG-001,central,portal-main,65.8,3,0.082,0.0132,normal,none,1.0,False,0.0,10,50,500,5000,5.19,4.0,0.0,0.0,0.0,22.4,52.8,113.7,0.00053,none,0,0,0,500.0,0.01,met,VALID
2025-02-01 04:00:00,GOV-EMERG-001,central,portal-main,46.7,2,0.058,0.0093,normal,none,1.0,False,0.0,10,50,500,5000,2.41,4.0,0.0,0.0,0.0,19.1,41.0,103.0,0.00122,none,0,0,0,500.0,0.01,met,VALID
2025-02-01 06:00:00,GOV-EMERG-001,central,portal-main,174.7,10,0.218,0.0349,normal,none,1.0,False,0.0,10,50,500,5000,1.14,4.0,0.0,0.0,0.0,28.9,69.4,160.3,0.00111,none,0,0,0,500.0,0.01,met,VALID
2025-02-01 08:00:00,GOV-EMERG-001,central,status-page,421.3,18,0.527,0.0843,normal,none,1.0,False,0.0,10,50,500,5000,6.92,4.0,0.0,0.0,0.0,30.5,71.4,157.5,0.00145,none,0,0,0,500.0,0.01,met,VALID
2025-02-01 10:00:00,GOV-EMERG-001,central,portal-main,688.9,27,0.861,0.1378,normal,none,1.0,False,0.0,10,50,500,5000,8.36,5.35,0.0,0.0,0.0,28.8,59.5,127.0,0.00031,none,0,0,0,500.0,0.01,met,VALID
2025-02-01 12:00:00,GOV-EMERG-001,central,portal-main,605.4,32,0.757,0.1211,normal,none,1.0,False,0.0,10,50,500,5000,5.89,4.0,0.0,0.0,0.0,30.2,68.9,155.5,0.00039,none,0,0,0,500.0,0.01,met,VALID
2025-02-01 14:00:00,GOV-EMERG-001,central,api-data,658.5,27,0.823,0.1317,normal,none,1.0,False,0.0,10,50,500,5000,11.2,8.47,0.0,0.0,0.0,32.3,64.55000000000001,169.6,0.00118,none,0,0,0,500.0,0.01,met,IMPUTED_MISSING
2025-02-01 16:00:00,GOV-EMERG-001,central,portal-main,520.7,21,0.651,0.1041,normal,none,1.0,False,0.0,10,50,500,5000,9.19,10.26,0.0,0.0,0.0,28.3,60.2,127.9,0.00065,none,0,0,0,500.0,0.01,met,IMPUTED_MISSING
2025-02-01 18:00:00,GOV-EMERG-001,central,status-page,419.2,24,0.524,0.0838,normal,none,1.0,False,0.0,10,50,500,5000,7.18,5.21,0.0,0.0,0.0,32.9,73.9,140.9,0.00068,none,0,0,0,500.0,0.01,met,VALID
2025-02-01 20:00:00,GOV-EMERG-001,central,api-data,281.2,15,0.352,0.0562,normal,none,1.0,False,0.0,10,50,500,5000,7.71,4.06,0.0,0.0,0.0,22.4,48.5,131.0,0.00141,none,0,0,0,500.0,0.01,met,VALID
2025-02-01 22:00:00,GOV-EMERG-001,central,portal-main,179.5,7,0.224,0.0359,normal,none,1.0,False,0.0,10,50,500,5000,1.34,4.0,0.0,0.0,0.0,24.5,57.0,102.9,0.00078,none,0,0,0,500.0,0.01,met,VALID
2025-02-02 00:00:00,GOV-EMERG-001,central,portal-main,88.9,4,0.111,0.0178,normal,none,1.0,False,0.0,10,50,500,5000,1.0,4.0,0.0,0.0,0.0,23.6,61.0,107.4,0.00083,none,0,0,0,500.0,0.01,met,VALID
2025-02-02 02:00:00,GOV-EMERG-001,central,status-page,53.9,2,0.067,0.0108,normal,none,1.0,False,0.0,10,50,500,5000,100.0,9.1,0.0,0.0,0.0,27.9,60.9,124.3,0.0009,none,0,0,0,500.0,0.01,met,REPAIRED_UTILISATION
2025-02-02 04:00:00,GOV-EMERG-001,central,api-data,50.7,3,0.063,0.0101,normal,none,1.0,False,0.0,10,50,500,5000,1.84,4.0,0.0,0.0,0.0,19.5,48.8,112.9,0.00092,none,0,0,0,500.0,0.01,met,VALID
2025-02-02 06:00:00,GOV-EMERG-001,central,status-page,149.4,9,0.187,0.0299,normal,none,1.0,False,0.0,10,50,500,5000,2.46,6.18,0.0,0.0,0.0,31.6,79.0,157.9,0.00127,none,0,0,0,500.0,0.01,met,VALID
2025-02-02 08:00:00,GOV-EMERG-001,central,portal-main,409.8,19,0.512,0.082,normal,none,1.0,False,0.0,10,50,500,5000,7.41,4.0,0.0,0.0,0.0,29.5,63.5,174.3,0.00052,none,0,0,0,500.0,0.01,met,VALID
2025-02-02 10:00:00,GOV-EMERG-001,central,api-data,583.2,32,0.729,0.1166,normal,none,1.0,False,0.0,10,50,500,5000,7.43,9.23,0.0,0.0,0.0,35.3,87.0,199.7,0.00092,none,0,0,0,500.0,0.01,met,VALID
2025-02-02 12:00:00,GOV-EMERG-001,central,portal-main,578.2,21,0.723,0.1156,normal,none,1.0,False,0.0,10,50,500,5000,9.5,10.19,0.0,0.0,0.0,27.9,72.4,153.9,0.00146,none,0,0,0,500.0,0.01,met,IMPUTED_MISSING
2025-02-02 14:00:00,GOV-EMERG-001,central,portal-main,573.2,25,0.716,0.1146,normal,none,1.0,False,0.0,10,50,500,5000,6.95,7.095,0.0,0.0,0.0,26.0,67.0,113.3,0.00185,none,0,0,0,500.0,0.01,met,IMPUTED_MISSING
2025-02-02 16:00:00,GOV-EMERG-001,central,portal-main,452.5,23,0.566,0.0905,normal,none,1.0,False,0.0,10,50,500,5000,5.26,4.0,0.0,0.0,0.0,30.1,71.2,141.2,0.00046,none,0,0,0,500.0,0.01,met,VALID
2025-02-02 18:00:00,GOV-EMERG-001,central,api-data,397.9,21,0.497,0.0796,normal,none,1.0,False,0.0,10,50,500,5000,10.07,7.39,0.0,0.0,0.0,31.3,65.4,176.5,0.00113,none,0,0,0,500.0,0.01,met,VALID
2025-02-02 20:00:00,GOV-EMERG-001,central,portal-main,277.0,14,0.346,0.0554,normal,none,1.0,False,0.0,10,50,500,5000,3.87,4.0,0.0,0.0,0.0,23.6,48.9,140.9,0.00092,none,0,0,0,500.0,0.01,met,VALID
2025-02-02 22:00:00,GOV-EMERG-001,central,portal-main,166.3,9,0.208,0.0333,normal,none,1.0,False,0.0,10,50,500,5000,1.35,4.0,0.0,0.0,0.0,17.9,38.6,102.9,0.00096,none,0,0,0,500.0,0.01,met,VALID
2025-02-03 00:00:00,GOV-EMERG-001,central,api-data,113.1,6,0.141,0.0226,normal,none,1.0,False,0.0,10,50,500,5000,1.0,4.0,0.0,0.0,0.0,18.3,43.1,107.8,0.00068,none,0,0,0,500.0,0.01,met,VALID
2025-02-03 02:00:00,GOV-EMERG-001,central,portal-main,80.4,4,0.1,0.0161,normal,none,1.0,False,0.0,10,50,500,5000,1.0,4.0,0.0,0.0,0.0,26.5,59.0,139.8,0.0013,none,0,0,0,500.0,0.01,met,VALID
2025-02-03 04:00:00,GOV-EMERG-001,central,portal-main,59.3,3,0.074,0.0119,normal,none,1.0,False,0.0,10,50,500,5000,1.0,4.0,0.0,0.0,0.0,31.5,76.1,156.2,0.00128,none,0,0,0,500.0,0.01,met,VALID
2025-02-03 06:00:00,GOV-EMERG-001,central,portal-main,189.7,9,0.237,0.0379,normal,none,1.0,False,0.0,10,50,500,5000,4.64,4.0,0.0,0.0,0.0,20.8,51.4,104.5,0.00201,none,0,0,0,500.0,0.01,met,VALID
2025-02-03 08:00:00,GOV-EMERG-001,central,portal-main,539.0,28,0.674,0.1078,normal,none,1.0,False,0.0,10,50,500,5000,6.55,4.0,0.0,0.0,0.0,26.9,56.8,132.4,0.00047,none,0,0,0,500.0,0.01,met,VALID
2025-02-03 10:00:00,GOV-EMERG-001,central,status-page,833.8,45,1.042,0.1668,normal,none,1.0,False,0.0,10,50,500,5000,15.42,12.16,0.0,0.0,0.0,28.6,72.8,123.3,0.0003,none,0,0,0,500.0,0.01,met,VALID
2025-02-03 12:00:00,GOV-EMERG-001,central,api-data,706.9,37,0.884,0.1414,normal,none,1.0,False,0.0,10,50,500,5000,5.67,7.22,0.0,0.0,0.0,36.8,74.9,169.7,0.00182,none,0,0,0,500.0,0.01,met,VALID
2025-02-03 14:00:00,GOV-EMERG-001,central,portal-main,782.1,31,0.978,0.1564,normal,none,1.0,False,0.0,10,50,500,5000,12.4,6.07,0.0,0.0,0.0,33.95,83.5,161.7,0.00098,none,0,0,0,500.0,0.01,met,IMPUTED_MISSING
2025-02-03 16:00:00,GOV-EMERG-001,central,status-page,746.5,31,0.933,0.1493,normal,none,1.0,False,0.0,10,50,500,5000,4.67,6.13,0.0,0.0,0.0,31.1,77.4,129.8,0.00082,none,0,0,0,500.0,0.01,met,VALID
2025-02-03 18:00:00,GOV-EMERG-001,central,api-data,529.2,28,0.662,0.1058,normal,none,1.0,False,0.0,10,50,500,5000,7.22,4.0,0.0,0.0,0.0,31.5,66.6,145.9,0.00108,none,0,0,0,500.0,0.01,met,VALID
2025-02-03 20:00:00,GOV-EMERG-001,central,portal-main,366.1,23,0.458,0.0732,normal,none,1.0,False,0.0,10,50,500,5000,1.93,4.0,0.0,0.0,0.0,30.5,64.9,162.4,0.00044,none,0,0,0,500.0,0.01,met,VALID
2025-02-03 22:00:00,GOV-EMERG-001,central,api-data,219.9,11,0.275,0.044,normal,none,1.0,False,0.0,10,50,500,5000,1.0,4.0,0.0,0.0,0.0,21.0,54.4,109.9,0.00115,none,0,0,0,500.0,0.01,met,VALID
2025-02-04 00:00:00,GOV-EMERG-001,central,portal-main,116.4,5,0.146,0.0233,normal,none,1.0,False,0.0,10,50,500,5000,1.0,4.0,0.0,0.0,0.0,28.4,72.3,145.3,0.00097,none,0,0,0,500.0,0.01,met,VALID
2025-02-04 02:00:00,GOV-EMERG-001,central,status-page,71.3,4,0.089,0.0143,normal,none,1.0,False,0.0,10,50,500,5000,2.6,4.49,0.0,0.0,0.0,21.3,52.9,117.0,0.00143,none,0,0,0,500.0,0.01,met,VALID
2025-02-04 04:00:00,GOV-EMERG-001,central,api-data,67.1,3,0.084,0.0134,normal,none,1.0,False,0.0,10,50,500,5000,1.0,4.0,0.0,0.0,0.0,24.7,51.9,119.5,0.00134,none,0,0,0,500.0,0.01,met,VALID
2025-02-04 06:00:00,GOV-EMERG-001,central,api-data,204.5,12,0.256,0.0409,normal,none,1.0,False,0.0,10,50,500,5000,3.14,4.0,0.0,0.0,0.0,30.6,65.9,149.6,0.00138,none,0,0,0,500.0,0.01,met,VALID
2025-02-04 08:00:00,GOV-EMERG-001,central,portal-main,555.0,29,0.694,0.111,normal,none,1.0,False,0.0,10,50,500,5000,1.56,4.0,0.0,0.0,0.0,28.4,60.9,143.3,0.00108,none,0,0,0,500.0,0.01,met,VALID
2025-02-04 10:00:00,GOV-EMERG-001,central,api-data,794.5,35,0.993,0.1589,normal,none,1.0,False,0.0,10,50,500,5000,9.32,4.95,0.0,0.0,0.0,34.1,72.1,141.1,0.00164,none,0,0,0,500.0,0.01,met,VALID
2025-02-04 12:00:00,GOV-EMERG-001,central,portal-main,746.5,36,0.933,0.1493,normal,none,1.0,False,0.0,10,50,500,5000,11.2,8.5,0.0,0.0,0.0,34.6,89.3,178.6,0.00123,none,0,0,0,500.0,0.01,met,VALID
2025-02-04 14:00:00,GOV-EMERG-001,central,portal-main,737.8,34,0.922,0.1476,normal,none,1.0,False,0.0,10,50,500,5000,10.1,9.57,0.0,0.0,0.0,22.3,46.8,122.7,0.00079,none,0,0,0,500.0,0.01,met,VALID
2025-02-04 16:00:00,GOV-EMERG-001,central,portal-main,659.9,40,0.825,0.132,normal,none,1.0,False,0.0,10,50,500,5000,10.38,8.97,0.0,0.0,0.0,20.1,49.2,91.0,0.00068,none,0,0,0,500.0,0.01,met,VALID
2025-02-04 18:00:00,GOV-EMERG-001,central,api-data,490.5,24,0.613,0.0981,normal,none,1.0,False,0.0,10,50,500,5000,6.37,5.32,0.0,0.0,0.0,32.4,65.7,184.8,0.00072,none,0,0,0,500.0,0.01,met,VALID
2025-02-04 20:00:00,GOV-EMERG-001,central,portal-main,391.9,20,0.49,0.0784,normal,none,1.0,False,0.0,10,50,500,5000,2.57,4.0,0.0,0.0,0.0,31.9,74.3,144.7,0.00124,none,0,0,0,500.0,0.01,met,VALID
2025-02-04 22:00:00,GOV-EMERG-001,central,status-page,233.8,13,0.292,0.0468,normal,none,1.0,False,0.0,10,50,500,5000,5.97,5.55,0.0,0.0,0.0,27.3,55.7,137.0,0.00047,none,0,0,0,500.0,0.01,met,VALID
2025-02-05 00:00:00,GOV-EMERG-001,central,api-data,106.8,5,0.134,0.0214,normal,none,1.0,False,0.0,10,50,500,5000,1.0,4.0,0.0,0.0,0.0,27.1,55.2,155.9,0.00106,none,0,0,0,500.0,0.01,met,VALID
2025-02-05 02:00:00,GOV-EMERG-001,central,portal-main,73.9,4,0.092,0.0148,normal,none,1.0,False,0.0,10,50,500,5000,1.0,4.0,0.0,0.0,0.0,28.9,61.9,158.5,0.00067,none,0,0,0,500.0,0.01,met,VALID
2025-02-05 04:00:00,GOV-EMERG-001,central,portal-main,63.6,3,0.08,0.0127,normal,none,1.0,False,0.0,10,50,500,5000,1.0,4.0,0.0,0.0,0.0,28.8,73.6,148.5,0.0005,none,0,0,0,500.0,0.01,met,VALID
2025-02-05 06:00:00,GOV-EMERG-001,central,portal-main,195.3,7,0.244,0.0391,normal,none,1.0,False,0.0,10,50,500,5000,2.32,4.0,0.0,0.0,0.0,24.8,59.1,130.1,0.00056,none,0,0,0,500.0,0.01,met,VALID
2025-02-05 08:00:00,GOV-EMERG-001,central,portal-main,522.9,27,0.654,0.1046,normal,none,1.0,False,0.0,10,50,500,5000,9.08,10.7,0.0,0.0,0.0,31.7,75.9,133.9,0.00099,none,0,0,0,500.0,0.01,met,VALID
2025-02-05 10:00:00,GOV-EMERG-001,central,api-data,877.8,44,1.097,0.1756,normal,none,1.0,False,0.0,10,50,500,5000,13.93,4.14,0.0,0.0,0.0,28.9,63.0,156.2,0.00131,none,0,0,0,500.0,0.01,met,VALID
2025-02-05 12:00:00,GOV-EMERG-001,central,portal-main,731.3,37,0.914,0.1463,normal,none,1.0,False,0.0,10,50,500,5000,11.09,6.01,0.0,0.0,0.0,30.3,73.7,158.1,0.00073,none,0,0,0,500.0,0.01,met,VALID
2025-02-05 14:00:00,GOV-EMERG-001,central,api-data,819.0,41,1.024,0.1638,normal,none,1.0,False,0.0,10,50,500,5000,12.22,13.23,0.0,0.0,0.0,30.7,73.9,128.0,0.00017,none,0,0,0,500.0,0.01,met,VALID
2025-02-05 16:00:00,GOV-EMERG-001,central,portal-main,656.5,34,0.821,0.1313,normal,none,1.0,False,0.0,10,50,500,5000,11.13,9.23,0.0,0.0,0.0,25.3,57.7,107.7,0.00226,none,0,0,0,500.0,0.01,met,VALID
2025-02-05 18:00:00,GOV-EMERG-001,central,api-data,538.8,33,0.674,0.1078,normal,none,1.0,False,0.0,10,50,500,5000,11.55,6.09,0.0,0.0,0.0,25.0,60.4,148.8,0.00145,none,0,0,0,500.0,0.01,met,VALID
2025-02-05 20:00:00,GOV-EMERG-001,central,status-page,353.2,14,0.442,0.0706,normal,none,1.0,False,0.0,10,50,500,5000,5.28,5.045,0.0,0.0,0.0,35.8,90.3,156.1,0.00137,none,0,0,0,500.0,0.01,met,IMPUTED_MISSING
2025-02-05 22:00:00,GOV-EMERG-001,central,api-data,220.8,10,0.276,0.0442,normal,none,1.0,False,0.0,10,50,500,5000,3.93,4.0,0.0,0.0,0.0,22.6,58.2,130.8,0.00165,none,0,0,0,500.0,0.01,met,VALID
2025-02-06 00:00:00,GOV-EMERG-001,central,api-data,123.7,7,0.155,0.0247,normal,none,1.0,False,0.0,10,50,500,5000,4.24,4.0,0.0,0.0,0.0,27.1,70.4,123.4,0.00104,none,0,0,0,500.0,0.01,met,IMPUTED_MISSING
2025-02-06 02:00:00,GOV-EMERG-001,central,api-data,73.5,4,0.092,0.0147,normal,none,1.0,False,0.0,10,50,500,5000,1.54,4.0,0.0,0.0,0.0,27.7,63.5,132.7,0.00095,none,0,0,0,500.0,0.01,met,VALID
2025-02-06 04:00:00,GOV-EMERG-001,central,portal-main,69.1,4,0.086,0.0138,normal,none,1.0,False,0.0,10,50,500,5000,1.63,4.0,0.0,0.0,0.0,25.1,50.8,128.5,0.00154,none,0,0,0,500.0,0.01,met,VALID
2025-02-06 06:00:00,GOV-EMERG-001,central,portal-main,201.8,15,0.252,0.0404,normal,none,1.0,False,0.0,10,50,500,5000,4.5,4.0,0.0,0.0,0.0,28.7,61.4,150.9,0.00154,none,0,0,0,500.0,0.01,met,VALID
2025-02-06 08:00:00,GOV-EMERG-001,central,portal-main,595.9,33,0.745,0.1192,normal,none,1.0,False,0.0,10,50,500,5000,9.87,5.8,0.0,0.0,0.0,29.7,62.9,148.4,0.00125,none,0,0,0,500.0,0.01,met,VALID
2025-02-06 10:00:00,GOV-EMERG-001,central,portal-main,757.0,45,0.946,0.1514,normal,none,1.0,False,0.0,10,50,500,5000,12.58,9.64,0.0,0.0,0.0,26.0,56.6,122.0,0.00135,none,0,0,0,500.0,0.01,met,IMPUTED_MISSING
2025-02-06 12:00:00,GOV-EMERG-001,central,api-data,686.8,33,0.858,0.1374,normal,none,1.0,False,0.0,10,50,500,5000,9.35,5.63,0.0,0.0,0.0,31.1,61.05,155.6,0.0005,none,0,0,0,500.0,0.01,met,IMPUTED_MISSING
2025-02-06 14:00:00,GOV-EMERG-001,central,portal-main,753.5,31,0.942,0.1507,normal,none,1.0,False,0.0,10,50,500,5000,9.43,8.7,0.0,0.0,0.0,27.3,65.5,147.2,0.00109,none,0,0,0,500.0,0.01,met,IMPUTED_MISSING
2025-02-06 16:00:00,GOV-EMERG-001,central,api-data,688.5,33,0.861,0.1377,normal,none,1.0,False,0.0,10,50,500,5000,10.27,8.32,0.0,0.0,0.0,36.0,83.3,172.3,0.00168,none,0,0,0,500.0,0.01,met,VALID
2025-02-06 18:00:00,GOV-EMERG-001,central,portal-main,521.7,29,0.652,0.1043,normal,none,1.0,False,0.0,10,50,500,5000,7.52,8.09,0.0,0.0,0.0,29.6,70.8,150.8,0.00132,none,0,0,0,500.0,0.01,met,VALID
2025-02-06 20:00:00,GOV-EMERG-001,central,api-data,351.6,19,0.44,0.0703,normal,none,1.0,False,0.0,10,50,500,5000,6.45,4.0,0.0,0.0,0.0,24.1,62.2,114.6,0.00042,none,0,0,0,500.0,0.01,met,VALID
2025-02-06 22:00:00,GOV-EMERG-001,central,portal-main,212.6,11,0.266,0.0425,normal,none,1.0,False,0.0,10,50,500,5000,1.44,7.81,0.0,0.0,0.0,27.5,55.8,128.0,0.00079,none,0,0,0,500.0,0.01,met,VALID
2025-02-07 00:00:00,GOV-EMERG-001,central,portal-main,106.8,5,0.134,0.0214,normal,none,1.0,False,0.0,10,50,500,5000,6.25,4.0,0.0,0.0,0.0,21.8,43.9,100.4,0.00162,none,0,0,0,500.0,0.01,met,VALID
2025-02-07 02:00:00,GOV-EMERG-001,central,api-data,75.8,4,0.095,0.0152,normal,none,1.0,False,0.0,10,50,500,5000,1.0,4.0,0.0,0.0,0.0,26.4,63.4,117.5,0.00118,none,0,0,0,500.0,0.01,met,VALID
2025-02-07 04:00:00,GOV-EMERG-001,central,status-page,59.4,3,0.074,0.0119,normal,none,1.0,False,0.0,10,50,500,5000,4.71,4.0,0.0,0.0,0.0,24.4,56.8,134.7,0.00107,none,0,0,0,500.0,0.01,met,VALID
2025-02-07 06:00:00,GOV-EMERG-001,central,portal-main,183.5,10,0.229,0.0367,normal,none,1.0,False,0.0,10,50,500,5000,4.95,4.0,0.0,0.0,0.0,22.6,51.8,135.1,0.00108,none,0,0,0,500.0,0.01,met,VALID
2025-02-07 08:00:00,GOV-EMERG-001,central,portal-main,573.2,33,0.716,0.1146,normal,none,1.0,False,0.0,10,50,500,5000,6.66,4.0,0.0,0.0,0.0,24.9,62.5,101.0,0.00097,none,0,0,0,500.0,0.01,met,VALID
2025-02-07 10:00:00,GOV-EMERG-001,central,portal-main,756.9,31,0.946,0.1514,normal,none,1.0,False,0.0,10,50,500,5000,10.82,7.85,0.0,0.0,0.0,39.2,82.1,172.2,0.00079,none,0,0,0,500.0,0.01,met,VALID
2025-02-07 12:00:00,GOV-EMERG-001,central,portal-main,727.4,41,0.909,0.1455,normal,none,1.0,False,0.0,10,50,500,5000,11.38,4.0,0.0,0.0,0.0,29.6,69.4,175.6,0.00067,none,0,0,0,500.0,0.01,met,VALID
2025-02-07 14:00:00,GOV-EMERG-001,central,api-data,690.65,33,0.863,0.1381,normal,none,1.0,False,0.0,10,50,500,5000,13.84,8.42,0.0,0.0,0.0,27.6,70.7,129.3,0.0014,none,0,0,0,500.0,0.01,met,IMPUTED_MISSING
2025-02-07 16:00:00,GOV-EMERG-001,central,api-data,653.9,35,0.817,0.1308,normal,none,1.0,False,0.0,10,50,500,5000,8.74,11.66,0.0,0.0,0.0,26.3,59.7,125.9,0.0011,none,0,0,0,500.0,0.01,met,VALID
2025-02-07 18:00:00,GOV-EMERG-001,central,portal-main,492.6,24,0.616,0.0985,normal,none,1.0,False,0.0,10,50,500,5000,7.92,7.76,0.0,0.0,0.0,29.6,69.5,157.7,0.00128,none,0,0,0,500.0,0.01,met,VALID
2025-02-07 20:00:00,GOV-EMERG-001,central,portal-main,313.0,20,0.391,0.0626,normal,none,1.0,False,0.0,10,50,500,5000,3.95,4.0,0.0,0.0,0.0,24.1,49.2,113.5,0.00122,none,0,0,0,500.0,0.01,met,VALID
2025-02-07 22:00:00,GOV-EMERG-001,central,portal-main,228.0,11,0.285,0.0456,normal,none,1.0,False,0.0,10,50,500,5000,6.94,9.07,0.0,0.0,0.0,21.8,48.2,108.8,0.00156,none,0,0,0,500.0,0.01,met,VALID
2025-02-08 00:00:00,GOV-EMERG-001,central,status-page,95.4,5,0.119,0.0191,normal,none,1.0,False,0.0,10,50,500,5000,1.0,4.89,0.0,0.0,0.0,25.4,51.3,147.1,0.00118,none,0,0,0,500.0,0.01,met,VALID
2025-02-08 02:00:00,GOV-EMERG-001,central,portal-main,66.4,4,0.083,0.0133,normal,none,1.0,False,0.0,10,50,500,5000,1.51,4.0,0.0,0.0,0.0,25.2,59.0,129.1,0.00133,none,0,0,0,500.0,0.01,met,VALID
2025-02-08 04:00:00,GOV-EMERG-001,central,api-data,49.3,2,0.062,0.0099,normal,none,1.0,False,0.0,10,50,500,5000,1.45,4.0,0.0,0.0,0.0,23.6,55.5,125.8,0.00107,none,0,0,0,500.0,0.01,met,VALID
2025-02-08 06:00:00,GOV-EMERG-001,central,portal-main,158.7,8,0.198,0.0317,normal,none,1.0,False,0.0,10,50,500,5000,1.0,4.0,0.0,0.0,0.0,22.3,57.2,98.7,0.00062,none,0,0,0,500.0,0.01,met,VALID
2025-02-08 08:00:00,GOV-EMERG-001,central,portal-main,428.6,20,0.536,0.0857,normal,none,1.0,False,0.0,10,50,500,5000,3.0,4.0,0.0,0.0,0.0,25.8,61.4,116.6,0.00091,none,0,0,0,500.0,0.01,met,IMPUTED_MISSING
2025-02-08 10:00:00,GOV-EMERG-001,central,portal-main,679.6,31,0.85,0.1359,normal,none,1.0,False,0.0,10,50,500,5000,16.18,10.57,0.0,0.0,0.0,27.1,54.2,156.5,0.00124,none,0,0,0,500.0,0.01,met,VALID
2025-02-08 12:00:00,GOV-EMERG-001,central,status-page,585.0,27,0.731,0.117,normal,none,1.0,False,0.0,10,50,500,5000,12.99,7.49,0.0,0.0,0.0,25.9,64.7,151.0,0.00127,none,0,0,0,500.0,0.01,met,VALID
2025-02-08 14:00:00,GOV-EMERG-001,central,portal-main,651.7,39,0.815,0.1303,normal,none,1.0,False,0.0,10,50,500,5000,7.83,4.61,0.0,0.0,0.0,29.9,65.6,167.6,0.00158,none,0,0,0,500.0,0.01,met,VALID
2025-02-08 16:00:00,GOV-EMERG-001,central,portal-main,580.9,26,0.726,0.1162,normal,none,1.0,False,0.0,10,50,500,5000,9.97,5.26,0.0,0.0,0.0,37.2,90.3,157.8,0.00082,none,0,0,0,500.0,0.01,met,VALID
2025-02-08 18:00:00,GOV-EMERG-001,central,api-data,440.1,24,0.55,0.088,normal,none,1.0,False,0.0,10,50,500,5000,7.29,9.93,0.0,0.0,0.0,32.7,70.7,184.6,0.00109,none,0,0,0,500.0,0.01,met,VALID
2025-02-08 20:00:00,GOV-EMERG-001,central,portal-main,299.0,16,0.374,0.0598,normal,none,1.0,False,0.0,10,50,500,5000,5.37,4.0,0.0,0.0,0.0,34.4,84.4,138.8,0.00095,none,0,0,0,500.0,0.01,met,VALID
2025-02-08 22:00:00,GOV-EMERG-001,central,status-page,166.5,6,0.208,0.0333,normal,none,1.0,False,0.0,10,50,500,5000,4.45,5.43,0.0,0.0,0.0,23.6,60.3,122.5,0.00165,none,0,0,0,500.0,0.01,met,VALID
2025-02-09 00:00:00,GOV-EMERG-001,central,portal-main,86.9,5,0.109,0.0174,normal,none,1.0,False,0.0,10,50,500,5000,4.92,5.22,0.0,0.0,0.0,32.1,65.8,172.0,0.00115,none,0,0,0,500.0,0.01,met,IMPUTED_MISSING
2025-02-09 02:00:00,GOV-EMERG-001,central,portal-main,57.0,2,0.071,0.0114,normal,none,1.0,False,0.0,10,50,500,5000,4.17,4.0,0.0,0.0,0.0,26.2,61.0,127.1,0.00116,none,0,0,0,500.0,0.01,met,VALID
2025-02-09 04:00:00,GOV-EMERG-001,central,portal-main,49.7,4,0.062,0.0099,normal,none,1.0,False,0.0,10,50,500,5000,1.0,4.0,0.0,0.0,0.0,29.2,67.9,144.8,0.00099,none,0,0,0,500.0,0.01,met,IMPUTED_MISSING
2025-02-09 06:00:00,GOV-EMERG-001,central,portal-main,151.3,7,0.189,0.0303,normal,none,1.0,False,0.0,10,50,500,5000,3.51,4.0,0.0,0.0,0.0,27.6,60.0,151.4,0.00091,none,0,0,0,500.0,0.01,met,VALID
2025-02-09 08:00:00,GOV-EMERG-001,central,portal-main,390.8,20,0.488,0.0782,normal,none,1.0,False,0.0,10,50,500,5000,8.41,5.67,0.0,0.0,0.0,25.7,56.8,149.1,0.00042,none,0,0,0,500.0,0.01,met,VALID
2025-02-09 10:00:00,GOV-EMERG-001,central,portal-main,594.3,23,0.743,0.1189,normal,none,1.0,False,0.0,10,50,500,5000,8.83,6.32,0.0,0.0,0.0,31.3,75.2,136.8,0.0005,none,0,0,0,500.0,0.01,met,VALID
2025-02-09 12:00:00,GOV-EMERG-001,central,portal-main,499.7,25,0.625,0.0999,normal,none,1.0,False,0.0,10,50,500,5000,8.32,6.76,0.0,0.0,0.0,29.7,64.6,127.1,0.00107,none,0,0,0,500.0,0.01,met,VALID
2025-02-09 14:00:00,GOV-EMERG-001,central,portal-main,598.4,35,0.748,0.1197,normal,none,1.0,False,0.0,10,50,500,5000,10.03,5.06,0.0,0.0,0.0,21.3,43.0,112.2,0.00102,none,0,0,0,500.0,0.01,met,VALID
2025-02-09 16:00:00,GOV-EMERG-001,central,portal-main,467.8,20,0.585,0.0936,normal,none,1.0,False,0.0,10,50,500,5000,4.06,4.0,0.0,0.0,0.0,27.1,66.7,120.8,0.00107,none,0,0,0,500.0,0.01,met,VALID
2025-02-09 18:00:00,GOV-EMERG-001,central,portal-main,400.3,18,0.5,0.0801,normal,none,1.0,False,0.0,10,50,500,5000,7.81,10.49,0.0,0.0,0.0,30.7,72.8,134.6,0.00138,none,0,0,0,500.0,0.01,met,VALID
2025-02-09 20:00:00,GOV-EMERG-001,central,portal-main,275.1,15,0.344,0.055,normal,none,1.0,False,0.0,10,50,500,5000,6.29,6.97,0.0,0.0,0.0,27.6,59.3,121.5,0.00104,none,0,0,0,500.0,0.01,met,VALID
2025-02-09 22:00:00,GOV-EMERG-001,central,portal-main,184.0,10,0.23,0.0368,normal,none,1.0,False,0.0,10,50,500,5000,2.3,4.78,0.0,0.0,0.0,27.8,71.7,122.3,0.00086,none,0,0,0,500.0,0.01,met,VALID
2025-02-10 00:00:00,GOV-EMERG-001,central,portal-main,125.1,4,0.156,0.025,normal,none,1.0,False,0.0,10,50,500,5000,1.0,4.0,0.0,0.0,0.0,22.6,57.5,112.1,0.00092,none,0,0,0,500.0,0.01,met,VALID
2025-02-10 02:00:00,GOV-EMERG-001,central,portal-main,78.3,5,0.098,0.0157,normal,none,1.0,False,0.0,10,50,500,5000,5.59,8.47,0.0,0.0,0.0,26.4,68.1,156.7,0.0011,none,0,0,0,500.0,0.01,met,VALID
2025-02-10 04:00:00,GOV-EMERG-001,central,portal-main,66.6,4,0.083,0.0133,normal,none,1.0,False,0.0,10,50,500,5000,1.0,4.0,0.0,0.0,0.0,25.0,57.6,141.1,0.00085,none,0,0,0,500.0,0.01,met,VALID
2025-02-10 06:00:00,GOV-EMERG-001,central,portal-main,186.0,10,0.232,0.0372,normal,none,1.0,False,0.0,10,50,500,5000,4.71,4.0,0.0,0.0,0.0,25.2,53.9,127.9,0.00143,none,0,0,0,500.0,0.01,met,VALID
2025-02-10 08:00:00,GOV-EMERG-001,central,portal-main,533.1,26,0.666,0.1066,normal,none,1.0,False,0.0,10,50,500,5000,8.95,4.34,0.0,0.0,0.0,25.3,53.2,105.2,0.001,none,0,0,0,500.0,0.01,met,VALID
2025-02-10 10:00:00,GOV-EMERG-001,central,portal-main,813.3,28,1.017,0.1627,normal,none,1.0,False,0.0,10,50,500,5000,14.77,9.44,0.0,0.0,0.0,33.5,86.1,179.2,0.0011,none,0,0,0,500.0,0.01,met,VALID
2025-02-10 12:00:00,GOV-EMERG-001,central,portal-main,642.3,36,0.803,0.1285,normal,none,1.0,False,0.0,10,50,500,5000,10.75,6.82,0.0,0.0,0.0,30.1,76.2,147.4,0.00067,none,0,0,0,500.0,0.01,met,VALID
2025-02-10 14:00:00,GOV-EMERG-001,central,portal-main,798.5,36,0.998,0.1597,normal,none,1.0,False,0.0,10,50,500,5000,13.46,6.79,0.0,0.0,0.0,30.7,75.1,170.8,0.00143,none,0,0,0,500.0,0.01,met,IMPUTED_MISSING
2025-02-10 16:00:00,GOV-EMERG-001,central,portal-main,645.3,35,0.807,0.1291,normal,none,1.0,False,0.0,10,50,500,5000,13.11,6.76,0.0,0.0,0.0,36.9,85.1,184.1,0.00158,none,0,0,0,500.0,0.01,met,VALID
2025-02-10 18:00:00,GOV-EMERG-001,central,portal-main,522.6,25,0.653,0.1045,normal,none,1.0,False,0.0,10,50,500,5000,6.51,4.0,0.0,0.0,0.0,29.8,66.5,159.1,0.00045,none,0,0,0,500.0,0.01,met,VALID
2025-02-10 20:00:00,GOV-EMERG-001,central,api-data,340.6,18,0.426,0.0681,normal,none,1.0,False,0.0,10,50,500,5000,5.87,4.0,0.0,0.0,0.0,31.6,76.6,139.2,0.00116,none,0,0,0,500.0,0.01,met,VALID
2025-02-10 22:00:00,GOV-EMERG-001,central,portal-main,228.8,10,0.286,0.0458,normal,none,1.0,False,0.0,10,50,500,5000,1.25,4.0,0.0,0.0,0.0,27.3,54.7,154.6,0.00096,none,0,0,0,500.0,0.01,met,VALID
2025-02-11 00:00:00,GOV-EMERG-001,central,api-data,120.1,7,0.15,0.024,normal,none,1.0,False,0.0,10,50,500,5000,1.0,4.0,0.0,0.0,0.0,24.25,56.0,134.5,0.00111,none,0,0,0,500.0,0.01,met,IMPUTED_MISSING
2025-02-11 02:00:00,GOV-EMERG-001,central,portal-main,85.6,3,0.107,0.0171,normal,none,1.0,False,0.0,10,50,500,5000,1.0,4.0,0.0,0.0,0.0,21.2,51.0,100.7,0.00118,none,0,0,0,500.0,0.01,met,VALID
2025-02-11 04:00:00,GOV-EMERG-001,central,api-data,64.0,4,0.08,0.0128,normal,none,1.0,False,0.0,10,50,500,5000,1.0,4.0,0.0,0.0,0.0,26.3,64.5,155.8,0.00011,none,0,0,0,500.0,0.01,met,VALID
2025-02-11 06:00:00,GOV-EMERG-001,central,portal-main,192.3,13,0.24,0.0385,normal,none,1.0,False,0.0,10,50,500,5000,6.08,4.02,0.0,0.0,0.0,15.3,34.8,66.3,0.0013,none,0,0,0,500.0,0.01,met,VALID
2025-02-11 08:00:00,GOV-EMERG-001,central,portal-main,553.1,35,0.691,0.1106,normal,none,1.0,False,0.0,10,50,500,5000,7.34,4.0,0.0,0.0,0.0,29.2,71.5,118.0,0.00144,none,0,0,0,500.0,0.01,met,VALID
2025-02-11 10:00:00,GOV-EMERG-001,central,portal-main,746.2,45,0.933,0.1492,normal,none,1.0,False,0.0,10,50,500,5000,10.33,4.0,0.0,0.0,0.0,30.6,63.1,169.4,0.00149,none,0,0,0,500.0,0.01,met,VALID
2025-02-11 12:00:00,GOV-EMERG-001,central,portal-main,734.6,36,0.918,0.1469,normal,none,1.0,False,0.0,10,50,500,5000,8.18,4.57,0.0,0.0,0.0,28.4,60.8,147.9,0.00062,none,0,0,0,500.0,0.01,met,VALID
2025-02-11 14:00:00,GOV-EMERG-001,central,portal-main,823.6,49,1.03,0.1647,normal,none,1.0,False,0.0,10,50,500,5000,12.64,10.65,0.0,0.0,0.0,29.6,61.7,124.8,0.00099,none,0,0,0,500.0,0.01,met,VALID
2025-02-11 16:00:00,GOV-EMERG-001,central,api-data,764.0,38,0.955,0.1528,normal,none,1.0,False,0.0,10,50,500,5000,15.65,4.03,0.0,0.0,0.0,24.5,54.0,105.8,0.00078,none,0,0,0,500.0,0.01,met,VALID
2025-02-11 18:00:00,GOV-EMERG-001,central,api-data,503.8,19,0.63,0.1008,normal,none,1.0,False,0.0,10,50,500,5000,6.12,4.0,0.0,0.0,0.0,33.3,73.6,142.1,0.00023,none,0,0,0,500.0,0.01,met,VALID
2025-02-11 20:00:00,GOV-EMERG-001,central,status-page,355.2,22,0.444,0.071,normal,none,1.0,False,0.0,10,50,500,5000,7.98,10.43,0.0,0.0,0.0,25.6,56.9,110.8,0.00075,none,0,0,0,500.0,0.01,met,VALID
2025-02-11 22:00:00,GOV-EMERG-001,central,portal-main,217.6,13,0.272,0.0435,normal,none,1.0,False,0.0,10,50,500,5000,6.17,4.0,0.0,0.0,0.0,22.2,50.7,109.5,0.00057,none,0,0,0,500.0,0.01,met,VALID
2025-02-12 00:00:00,GOV-EMERG-001,central,portal-main,121.3,6,0.152,0.0243,normal,none,1.0,False,0.0,10,50,500,5000,1.75,4.0,0.0,0.0,0.0,27.8,62.9,114.0,0.00113,none,0,0,0,500.0,0.01,met,VALID
2025-02-12 02:00:00,GOV-EMERG-001,central,api-data,81.5,3,0.102,0.0163,normal,none,1.0,False,0.0,10,50,500,5000,5.02,4.0,0.0,0.0,0.0,25.9,59.3,130.3,0.00035,none,0,0,0,500.0,0.01,met,VALID
2025-02-12 04:00:00,GOV-EMERG-001,central,portal-main,63.8,3,0.08,0.0128,normal,none,1.0,False,0.0,10,50,500,5000,4.31,4.0,0.0,0.0,0.0,23.9,58.6,124.5,0.00061,none,0,0,0,500.0,0.01,met,VALID
2025-02-12 06:00:00,GOV-EMERG-001,central,api-data,210.9,7,0.264,0.0422,normal,none,1.0,False,0.0,10,50,500,5000,5.98,4.0,0.0,0.0,0.0,24.2,50.6,132.3,0.00079,none,0,0,0,500.0,0.01,met,VALID
2025-02-12 08:00:00,GOV-EMERG-001,central,portal-main,542.7,31,0.678,0.1085,normal,none,1.0,False,0.0,10,50,500,5000,9.42,9.06,0.0,0.0,0.0,28.0,61.9,165.1,0.00131,none,0,0,0,500.0,0.01,met,VALID
2025-02-12 10:00:00,GOV-EMERG-001,central,portal-main,839.4,31,1.049,0.1679,normal,none,1.0,False,0.0,10,50,500,5000,15.22,8.54,0.0,0.0,0.0,35.4,70.9,147.6,0.00211,none,0,0,0,500.0,0.01,met,VALID
2025-02-12 12:00:00,GOV-EMERG-001,central,portal-main,739.4,39,0.924,0.1479,normal,none,1.0,False,0.0,10,50,500,5000,12.86,14.06,0.0,0.0,0.0,31.2,63.0,127.1,0.00112,none,0,0,0,500.0,0.01,met,VALID
2025-02-12 14:00:00,GOV-EMERG-001,central,api-data,799.5,34,0.999,0.1599,normal,none,1.0,False,0.0,10,50,500,5000,9.61,4.0,0.0,0.0,0.0,29.6,72.25,126.7,0.00059,none,0,0,0,500.0,0.01,met,IMPUTED_MISSING
2025-02-12 16:00:00,GOV-EMERG-001,central,portal-main,669.3,26,0.837,0.1339,normal,none,1.0,False,0.0,10,50,500,5000,9.15,4.07,0.0,0.0,0.0,32.3,81.5,150.9,0.00073,none,0,0,0,500.0,0.01,met,VALID
2025-02-12 18:00:00,GOV-EMERG-001,central,portal-main,583.1,30,0.729,0.1166,normal,none,1.0,False,0.0,10,50,500,5000,12.42,6.39,0.0,0.0,0.0,28.4,62.0,143.5,0.00126,none,0,0,0,500.0,0.01,met,VALID
2025-02-12 20:00:00,GOV-EMERG-001,central,portal-main,345.3,16,0.432,0.0691,normal,none,1.0,False,0.0,10,50,500,5000,5.33,6.49,0.0,0.0,0.0,28.5,63.8,114.1,0.00046,none,0,0,0,500.0,0.01,met,VALID
2025-02-12 22:00:00,GOV-EMERG-001,central,portal-main,227.3,13,0.284,0.0455,normal,none,1.0,False,0.0,10,50,500,5000,1.0,4.0,0.0,0.0,0.0,26.8,57.0,144.3,0.00144,none,0,0,0,500.0,0.01,met,VALID
2025-02-13 00:00:00,GOV-EMERG-001,central,portal-main,115.5,5,0.144,0.0231,normal,none,1.0,False,0.0,10,50,500,5000,2.78,4.19,0.0,0.0,0.0,28.0,58.3,165.3,0.00111,none,0,0,0,500.0,0.01,met,VALID
2025-02-13 02:00:00,GOV-EMERG-001,central,api-data,87.1,4,0.109,0.0174,normal,none,1.0,False,0.0,10,50,500,5000,1.0,4.0,0.0,0.0,0.0,23.7,59.9,106.5,0.00095,none,0,0,0,500.0,0.01,met,VALID
2025-02-13 04:00:00,GOV-EMERG-001,central,portal-main,66.8,2,0.083,0.0134,normal,none,1.0,False,0.0,10,50,500,5000,1.0,4.0,0.0,0.0,0.0,20.8,48.7,83.5,0.00033,none,0,0,0,500.0,0.01,met,VALID
2025-02-13 06:00:00,GOV-EMERG-001,central,api-data,193.2,6,0.242,0.0386,normal,none,1.0,False,0.0,10,50,500,5000,3.57,4.0,0.0,0.0,0.0,29.6,71.8,163.2,0.000515,none,0,0,0,500.0,0.01,met,IMPUTED_MISSING
2025-02-13 08:00:00,GOV-EMERG-001,central,api-data,574.4,37,0.718,0.1149,normal,none,1.0,False,0.0,10,50,500,5000,5.93,4.96,0.0,0.0,0.0,34.3,86.7,189.8,0.0007,none,0,0,0,500.0,0.01,met,VALID
2025-02-13 10:00:00,GOV-EMERG-001,central,portal-main,810.3,55,1.013,0.1621,normal,none,1.0,False,0.0,10,50,500,5000,13.55,5.7,0.0,0.0,0.0,25.5,59.9,104.1,0.00106,none,0,0,0,500.0,0.01,met,VALID
2025-02-13 12:00:00,GOV-EMERG-001,central,portal-main,701.4,36,0.877,0.1403,normal,none,1.0,False,0.0,10,50,500,5000,11.96,6.06,0.0,0.0,0.0,29.8,62.8,156.0,0.00094,none,0,0,0,500.0,0.01,met,VALID
2025-02-13 14:00:00,GOV-EMERG-001,central,portal-main,830.3,36,1.038,0.1661,normal,none,1.0,False,0.0,10,50,500,5000,19.96,11.28,0.0,0.0,0.0,28.2,68.4,126.4,0.00037,none,0,0,0,500.0,0.01,met,VALID
2025-02-13 16:00:00,GOV-EMERG-001,central,portal-main,693.2,33,0.866,0.1386,normal,none,1.0,False,0.0,10,50,500,5000,10.06,9.87,0.0,0.0,0.0,32.6,79.7,171.4,0.00091,none,0,0,0,500.0,0.01,met,VALID
2025-02-13 18:00:00,GOV-EMERG-001,central,portal-main,525.6,30,0.657,0.1051,normal,none,1.0,False,0.0,10,50,500,5000,10.59,4.0,0.0,0.0,0.0,28.9,65.0,157.7,0.00052,none,0,0,0,500.0,0.01,met,VALID
2025-02-13 20:00:00,GOV-EMERG-001,central,status-page,359.2,16,0.449,0.0718,normal,none,1.0,False,0.0,10,50,500,5000,3.0,4.0,0.0,0.0,0.0,40.2,95.4,178.9,0.00074,none,0,0,0,500.0,0.01,met,VALID
2025-02-13 22:00:00,GOV-EMERG-001,central,status-page,228.8,12,0.286,0.0458,normal,none,1.0,False,0.0,10,50,500,5000,5.48,6.31,0.0,0.0,0.0,25.0,57.3,113.0,0.00117,none,0,0,0,500.0,0.01,met,VALID
2025-02-14 00:00:00,GOV-EMERG-001,central,api-data,115.3,6,0.144,0.0231,seasonal,low,1.0,False,2880.0,10,50,500,5000,2.81,4.0,0.0,0.0,0.0,31.7,69.8,165.8,0.00128,none,0,0,0,500.0,0.01,met,VALID
2025-02-14 02:00:00,GOV-EMERG-001,central,portal-main,79.2,4,0.099,0.0158,seasonal,low,1.0392,False,2880.0,10,50,500,5000,1.0,4.0,0.0,0.0,0.0,31.9,76.8,165.0,0.00099,none,0,0,0,500.0,0.01,met,VALID
2025-02-14 04:00:00,GOV-EMERG-001,central,api-data,63.4,3,0.079,0.0127,seasonal,low,1.0776,False,2880.0,10,50,500,5000,3.74,4.0,0.0,0.0,0.0,27.5,59.0,158.5,0.000865,none,0,0,0,500.0,0.01,met,IMPUTED_MISSING
2025-02-14 06:00:00,GOV-EMERG-001,central,api-data,229.8,12,0.287,0.046,seasonal,low,1.1148,False,2880.0,10,50,500,5000,2.24,4.07,0.0,0.0,0.0,26.4,57.9,132.3,0.00074,none,0,0,0,500.0,0.01,met,VALID
2025-02-14 08:00:00,GOV-EMERG-001,central,portal-main,579.7,24,0.725,0.1159,seasonal,low,1.15,False,2880.0,10,50,500,5000,8.13,4.0,0.0,0.0,0.0,28.7,64.3,160.5,0.00073,none,0,0,0,500.0,0.01,met,VALID
2025-02-14 10:00:00,GOV-EMERG-001,central,portal-main,918.0,49,1.148,0.1836,seasonal,low,1.1826,False,2880.0,10,50,500,5000,20.32,10.71,0.0,0.0,0.0,30.7,72.6,167.5,0.00015,none,0,0,0,500.0,0.01,met,VALID
2025-02-14 12:00:00,GOV-EMERG-001,central,portal-main,815.8,38,1.02,0.1632,seasonal,low,1.2121,False,2880.0,10,50,500,5000,13.96,8.15,0.0,0.0,0.0,34.4,86.4,183.4,0.00103,none,0,0,0,500.0,0.01,met,VALID
2025-02-14 14:00:00,GOV-EMERG-001,central,portal-main,1023.7,52,1.28,0.2047,seasonal,low,1.238,False,2880.0,10,50,500,5000,18.88,15.38,0.0,0.0,0.0,27.9,66.2,122.5,0.00033,none,0,0,0,500.0,0.01,met,VALID
2025-02-14 16:00:00,GOV-EMERG-001,central,portal-main,777.1,48,0.971,0.1554,seasonal,low,1.2598,False,2880.0,10,50,500,5000,12.7,7.25,0.0,0.0,0.0,29.0,70.5,131.8,0.00103,none,0,0,0,500.0,0.01,met,VALID
2025-02-14 18:00:00,GOV-EMERG-001,central,portal-main,607.7,30,0.76,0.1215,seasonal,low,1.2772,False,2880.0,10,50,500,5000,10.41,7.83,0.0,0.0,0.0,27.3,59.5,140.3,0.00042,none,0,0,0,500.0,0.01,met,VALID
2025-02-14 20:00:00,GOV-EMERG-001,central,portal-main,419.7,24,0.525,0.0839,seasonal,low,1.2898,False,2880.0,10,50,500,5000,7.115,4.0,0.0,0.0,0.0,20.4,48.0,84.2,0.00052,none,0,0,0,500.0,0.01,met,IMPUTED_MISSING
2025-02-14 22:00:00,GOV-EMERG-001,central,api-data,280.6,10,0.351,0.0561,seasonal,low,1.2974,False,2880.0,10,50,500,5000,3.82,4.0,0.0,0.0,0.0,29.9,61.7,122.4,0.00127,none,0,0,0,500.0,0.01,met,VALID
2025-02-15 00:00:00,GOV-EMERG-001,central,status-page,116.2,5,0.145,0.0232,seasonal,low,1.3,False,2880.0,10,50,500,5000,4.5,4.0,0.0,0.0,0.0,29.8,68.0,122.4,0.00101,none,0,0,0,500.0,0.01,met,VALID
2025-02-15 02:00:00,GOV-EMERG-001,central,portal-main,81.0,4,0.101,0.0162,seasonal,low,1.2974,False,2880.0,10,50,500,5000,3.01,4.0,0.0,0.0,0.0,22.9,55.2,133.6,0.00025,none,0,0,0,500.0,0.01,met,VALID
2025-02-15 04:00:00,GOV-EMERG-001,central,api-data,58.9,4,0.074,0.0118,seasonal,low,1.2898,False,2880.0,10,50,500,5000,1.0,4.0,0.0,0.0,0.0,29.4,62.0,158.2,0.00078,none,0,0,0,500.0,0.01,met,VALID
2025-02-15 06:00:00,GOV-EMERG-001,central,status-page,206.8,7,0.258,0.0414,seasonal,low,1.2772,False,2880.0,10,50,500,5000,5.72,9.31,0.0,0.0,0.0,19.7,50.2,112.0,0.0011,none,0,0,0,500.0,0.01,met,VALID
2025-02-15 08:00:00,GOV-EMERG-001,central,portal-main,550.3,27,0.688,0.1101,seasonal,low,1.2598,False,2880.0,10,50,500,5000,3.91,4.0,0.0,0.0,0.0,28.2,63.4,167.1,0.00075,none,0,0,0,500.0,0.01,met,VALID
2025-02-15 10:00:00,GOV-EMERG-001,central,portal-main,733.4,46,0.917,0.1467,seasonal,low,1.238,False,2880.0,10,50,500,5000,13.61,8.3,0.0,0.0,0.0,28.8,69.2,155.5,0.00086,none,0,0,0,500.0,0.01,met,VALID
2025-02-15 12:00:00,GOV-EMERG-001,central,portal-main,736.1,32,0.92,0.1472,seasonal,low,1.2121,False,2880.0,10,50,500,5000,11.53,4.0,0.0,0.0,0.0,29.7,67.7,149.2,0.0011,none,0,0,0,500.0,0.01,met,VALID
2025-02-15 14:00:00,GOV-EMERG-001,central,portal-main,707.4,34,0.884,0.1415,seasonal,low,1.1826,False,2880.0,10,50,500,5000,8.45,9.2,0.0,0.0,0.0,29.5,71.8,146.0,0.00102,none,0,0,0,500.0,0.01,met,VALID
2025-02-15 16:00:00,GOV-EMERG-001,central,api-data,650.5,34,0.813,0.1301,seasonal,low,1.15,False,2880.0,10,50,500,5000,10.61,4.0,0.0,0.0,0.0,28.4,66.8,156.1,0.0006,none,0,0,0,500.0,0.01,met,VALID
2025-02-15 18:00:00,GOV-EMERG-001,central,portal-main,447.5,23,0.559,0.0895,seasonal,low,1.1148,False,2880.0,10,50,500,5000,9.72,4.0,0.0,0.0,0.0,25.9,53.7,148.6,0.00101,none,0,0,0,500.0,0.01,met,VALID
2025-02-15 20:00:00,GOV-EMERG-001,central,portal-main,335.2,21,0.419,0.067,seasonal,low,1.0776,False,2880.0,10,50,500,5000,1.21,4.0,0.0,0.0,0.0,26.4,67.3,149.2,0.00089,none,0,0,0,500.0,0.01,met,VALID
2025-02-15 22:00:00,GOV-EMERG-001,central,portal-main,193.2,10,0.242,0.0386,seasonal,low,1.0392,False,2880.0,10,50,500,5000,2.57,4.0,0.0,0.0,0.0,31.5,75.4,156.8,0.00169,none,0,0,0,500.0,0.01,met,VALID
2025-02-16 00:00:00,GOV-EMERG-001,central,portal-main,85.5,5,0.107,0.0171,normal,none,1.0,False,0.0,10,50,500,5000,1.0,4.0,0.0,0.0,0.0,23.1,52.8,128.2,0.00096,none,0,0,0,500.0,0.01,met,VALID
2025-02-16 02:00:00,GOV-EMERG-001,central,status-page,57.2,3,0.072,0.0114,normal,none,1.0,False,0.0,10,50,500,5000,1.34,4.0,0.0,0.0,0.0,34.3,82.5,169.9,0.00105,none,0,0,0,500.0,0.01,met,VALID
2025-02-16 04:00:00,GOV-EMERG-001,central,portal-main,49.5,2,0.062,0.0099,normal,none,1.0,False,0.0,10,50,500,5000,1.05,4.0,0.0,0.0,0.0,22.7,49.0,108.3,0.0011,none,0,0,0,500.0,0.01,met,IMPUTED_MISSING
2025-02-16 06:00:00,GOV-EMERG-001,central,portal-main,148.0,7,0.185,0.0296,normal,none,1.0,False,0.0,10,50,500,5000,5.89,4.0,0.0,0.0,0.0,26.7,65.8,122.8,0.00087,none,0,0,0,500.0,0.01,met,VALID
2025-02-16 08:00:00,GOV-EMERG-001,central,portal-main,416.4,17,0.52,0.0833,normal,none,1.0,False,0.0,10,50,500,5000,10.52,8.03,0.0,0.0,0.0,29.6,66.4,121.5,0.00071,none,0,0,0,500.0,0.01,met,VALID
2025-02-16 10:00:00,GOV-EMERG-001,central,portal-main,638.2,34,0.798,0.1276,normal,none,1.0,False,0.0,10,50,500,5000,13.55,10.43,0.0,0.0,0.0,27.5,68.3,121.0,0.00118,none,0,0,0,500.0,0.01,met,VALID
2025-02-16 12:00:00,GOV-EMERG-001,central,portal-main,519.8,24,0.65,0.104,normal,none,1.0,False,0.0,10,50,500,5000,11.19,14.65,0.0,0.0,0.0,33.4,72.4,182.5,0.00119,none,0,0,0,500.0,0.01,met,VALID
2025-02-16 14:00:00,GOV-EMERG-001,central,portal-main,602.7,27,0.753,0.1205,normal,none,1.0,False,0.0,10,50,500,5000,10.38,7.08,0.0,0.0,0.0,30.6,75.7,132.9,0.00183,none,0,0,0,500.0,0.01,met,VALID
2025-02-16 16:00:00,GOV-EMERG-001,central,portal-main,534.3,29,0.668,0.1069,normal,none,1.0,False,0.0,10,50,500,5000,6.96,6.06,0.0,0.0,0.0,27.2,69.1,157.7,0.0013,none,0,0,0,500.0,0.01,met,VALID
2025-02-16 18:00:00,GOV-EMERG-001,central,portal-main,405.8,16,0.507,0.0812,normal,none,1.0,False,0.0,10,50,500,5000,5.16,5.84,0.0,0.0,0.0,32.7,84.6,135.9,0.0013,none,0,0,0,500.0,0.01,met,VALID
2025-02-16 20:00:00,GOV-EMERG-001,central,api-data,267.8,15,0.335,0.0536,normal,none,1.0,False,0.0,10,50,500,5000,2.32,4.0,0.0,0.0,0.0,22.4,55.1,91.7,0.00129,none,0,0,0,500.0,0.01,met,VALID
2025-02-16 22:00:00,GOV-EMERG-001,central,portal-main,165.6,8,0.207,0.0331,normal,none,1.0,False,0.0,10,50,500,5000,1.8,4.0,0.0,0.0,0.0,23.6,57.2,117.1,0.00072,none,0,0,0,500.0,0.01,met,VALID
2025-02-17 00:00:00,GOV-EMERG-001,central,portal-main,109.6,7,0.137,0.0219,normal,none,1.0,False,0.0,10,50,500,5000,1.0,4.0,0.0,0.0,0.0,27.8,64.3,123.6,0.00066,none,0,0,0,500.0,0.01,met,IMPUTED_MISSING
2025-02-17 02:00:00,GOV-EMERG-001,central,api-data,75.8,4,0.095,0.0152,normal,none,1.0,False,0.0,10,50,500,5000,1.0,4.0,0.0,0.0,0.0,28.6,59.0,120.3,0.0006,none,0,0,0,500.0,0.01,met,VALID
2025-02-17 04:00:00,GOV-EMERG-001,central,api-data,65.0,4,0.081,0.013,normal,none,1.0,False,0.0,10,50,500,5000,1.0,4.0,0.0,0.0,0.0,26.6,62.2,109.7,0.00128,none,0,0,0,500.0,0.01,met,VALID
2025-02-17 06:00:00,GOV-EMERG-001,central,portal-main,198.6,10,0.248,0.0397,normal,none,1.0,False,0.0,10,50,500,5000,2.61,4.0,0.0,0.0,0.0,25.5,59.7,129.0,0.00157,none,0,0,0,500.0,0.01,met,VALID
2025-02-17 08:00:00,GOV-EMERG-001,central,portal-main,562.1,32,0.703,0.1124,normal,none,1.0,False,0.0,10,50,500,5000,10.16,9.44,0.0,0.0,0.0,27.2,55.4,122.7,0.00129,none,0,0,0,500.0,0.01,met,VALID
2025-02-17 10:00:00,GOV-EMERG-001,central,portal-main,841.6,43,1.052,0.1683,normal,none,1.0,False,0.0,10,50,500,5000,16.21,4.85,0.0,0.0,0.0,34.6,83.5,176.8,0.00093,none,0,0,0,500.0,0.01,met,VALID
2025-02-17 12:00:00,GOV-EMERG-001,central,portal-main,677.3,24,0.847,0.1355,normal,none,1.0,False,0.0,10,50,500,5000,13.27,4.0,0.0,0.0,0.0,29.9,62.4,128.4,0.00167,none,0,0,0,500.0,0.01,met,IMPUTED_MISSING
2025-02-17 14:00:00,GOV-EMERG-001,central,api-data,790.6,46,0.988,0.1581,normal,none,1.0,False,0.0,10,50,500,5000,10.33,14.14,0.0,0.0,0.0,26.2,61.8,106.1,0.001105,none,0,0,0,500.0,0.01,met,IMPUTED_MISSING
2025-02-17 16:00:00,GOV-EMERG-001,central,portal-main,686.4,34,0.858,0.1373,normal,none,1.0,False,0.0,10,50,500,5000,10.04,4.0,0.0,0.0,0.0,25.3,57.7,102.4,0.00054,none,0,0,0,500.0,0.01,met,VALID
2025-02-17 18:00:00,GOV-EMERG-001,central,api-data,501.7,28,0.627,0.1003,normal,none,1.0,False,0.0,10,50,500,5000,11.34,9.0,0.0,0.0,0.0,33.8,85.4,143.0,0.0011,none,0,0,0,500.0,0.01,met,VALID
2025-02-17 20:00:00,GOV-EMERG-001,central,api-data,385.8,22,0.482,0.0772,normal,none,1.0,False,0.0,10,50,500,5000,9.73,5.36,0.0,0.0,0.0,24.2,51.8,135.4,0.00088,none,0,0,0,500.0,0.01,met,IMPUTED_MISSING
2025-02-17 22:00:00,GOV-EMERG-001,central,portal-main,234.2,10,0.293,0.0468,normal,none,1.0,False,0.0,10,50,500,5000,8.12,4.0,0.0,0.0,0.0,27.3,57.4,133.8,0.00066,none,0,0,0,500.0,0.01,met,VALID
2025-02-18 00:00:00,GOV-EMERG-001,central,status-page,121.7,5,0.152,0.0243,normal,none,1.0,False,0.0,10,50,500,5000,3.13,4.66,0.0,0.0,0.0,31.0,72.3,162.8,0.00032,none,0,0,0,500.0,0.01,met,VALID
2025-02-18 02:00:00,GOV-EMERG-001,central,portal-main,87.2,5,0.109,0.0174,normal,none,1.0,False,0.0,10,50,500,5000,2.45,4.33,0.0,0.0,0.0,26.65,62.8,158.8,0.00102,none,0,0,0,500.0,0.01,met,IMPUTED_MISSING
2025-02-18 04:00:00,GOV-EMERG-001,central,api-data,59.2,3,0.074,0.0118,normal,none,1.0,False,0.0,10,50,500,5000,1.5,4.0,0.0,0.0,0.0,22.3,46.7,98.5,0.00131,none,0,0,0,500.0,0.01,met,VALID
2025-02-18 06:00:00,GOV-EMERG-001,central,portal-main,199.9,12,0.25,0.04,normal,none,1.0,False,0.0,10,50,500,5000,7.02,4.77,0.0,0.0,0.0,22.0,52.1,126.2,0.0,none,0,0,0,500.0,0.01,met,VALID
2025-02-18 08:00:00,GOV-EMERG-001,central,portal-main,570.3,28,0.713,0.1141,normal,none,1.0,False,0.0,10,50,500,5000,12.22,10.24,0.0,0.0,0.0,35.7,57.0,196.0,0.00139,none,0,0,0,500.0,0.01,met,IMPUTED_MISSING
2025-02-18 10:00:00,GOV-EMERG-001,central,portal-main,763.4,45,0.954,0.1527,normal,none,1.0,False,0.0,10,50,500,5000,13.04,9.36,0.0,0.0,0.0,31.400000000000002,61.9,138.3,0.00045,none,0,0,0,500.0,0.01,met,IMPUTED_MISSING
2025-02-18 12:00:00,GOV-EMERG-001,central,portal-main,730.8,39,0.914,0.1462,normal,none,1.0,False,0.0,10,50,500,5000,12.03,5.17,0.0,0.0,0.0,27.1,57.5,155.4,0.00129,none,0,0,0,500.0,0.01,met,VALID
2025-02-18 14:00:00,GOV-EMERG-001,central,portal-main,755.7,40,0.945,0.1511,normal,none,1.0,False,0.0,10,50,500,5000,15.28,4.41,0.0,0.0,0.0,30.9,66.3,131.5,0.0002,none,0,0,0,500.0,0.01,met,VALID
2025-02-18 16:00:00,GOV-EMERG-001,central,status-page,703.5,33,0.879,0.1407,normal,none,1.0,False,0.0,10,50,500,5000,11.07,9.78,0.0,0.0,0.0,28.2,65.9,143.4,0.00041,none,0,0,0,500.0,0.01,met,VALID
2025-02-18 18:00:00,GOV-EMERG-001,central,portal-main,547.5,28,0.684,0.1095,normal,none,1.0,False,0.0,10,50,500,5000,9.21,10.87,0.0,0.0,0.0,30.4,73.1,150.8,0.00125,none,0,0,0,500.0,0.01,met,VALID
2025-02-18 20:00:00,GOV-EMERG-001,central,portal-main,364.9,22,0.456,0.073,normal,none,1.0,False,0.0,10,50,500,5000,8.71,5.87,0.0,0.0,0.0,21.1,62.55,112.4,0.00149,none,0,0,0,500.0,0.01,met,IMPUTED_MISSING
2025-02-18 22:00:00,GOV-EMERG-001,central,portal-main,203.2,10,0.254,0.0406,normal,none,1.0,False,0.0,10,50,500,5000,3.24,4.0,0.0,0.0,0.0,25.2,52.0,112.9,0.001,none,0,0,0,500.0,0.01,met,VALID
2025-02-19 00:00:00,GOV-EMERG-001,central,portal-main,114.2,6,0.143,0.0228,normal,none,1.0,False,0.0,10,50,500,5000,2.455,4.0,0.0,0.0,0.0,28.3,65.9,120.4,0.00196,none,0,0,0,500.0,0.01,met,IMPUTED_MISSING
2025-02-19 02:00:00,GOV-EMERG-001,central,portal-main,82.3,4,0.103,0.0165,normal,none,1.0,False,0.0,10,50,500,5000,1.67,4.0,0.0,0.0,0.0,28.1,73.0,167.4,0.00059,none,0,0,0,500.0,0.01,met,VALID
2025-02-19 04:00:00,GOV-EMERG-001,central,status-page,64.1,3,0.08,0.0128,normal,none,1.0,False,0.0,10,50,500,5000,1.96,4.0,0.0,0.0,0.0,23.0,47.6,113.6,0.00059,none,0,0,0,500.0,0.01,met,VALID
2025-02-19 06:00:00,GOV-EMERG-001,central,portal-main,173.1,11,0.216,0.0346,normal,none,1.0,False,0.0,10,50,500,5000,2.0,4.0,0.0,0.0,0.0,21.8,56.3,97.4,0.00088,none,0,0,0,500.0,0.01,met,VALID
2025-02-19 08:00:00,GOV-EMERG-001,central,portal-main,594.8,36,0.743,0.119,normal,none,1.0,False,0.0,10,50,500,5000,8.27,6.34,0.0,0.0,0.0,29.2,66.6,124.4,0.00086,none,0,0,0,500.0,0.01,met,VALID
2025-02-19 10:00:00,GOV-EMERG-001,central,portal-main,805.5,41,1.007,0.1611,normal,none,1.0,False,0.0,10,50,500,5000,14.01,13.12,0.0,0.0,0.0,24.6,59.7,127.4,0.00111,none,0,0,0,500.0,0.01,met,VALID
2025-02-19 12:00:00,GOV-EMERG-001,central,portal-main,690.5,36,0.863,0.1381,normal,none,1.0,False,0.0,10,50,500,5000,13.69,12.93,0.0,0.0,0.0,34.1,77.0,146.7,0.0007,none,0,0,0,500.0,0.01,met,VALID
2025-02-19 14:00:00,GOV-EMERG-001,central,portal-main,839.8,37,1.05,0.168,normal,none,1.0,False,0.0,10,50,500,5000,14.59,10.45,0.0,0.0,0.0,30.7,76.8,133.9,0.00123,none,0,0,0,500.0,0.01,met,VALID
2025-02-19 16:00:00,GOV-EMERG-001,central,api-data,657.0,32,0.821,0.1314,normal,none,1.0,False,0.0,10,50,500,5000,10.71,8.07,0.0,0.0,0.0,26.0,66.2,153.5,0.00122,none,0,0,0,500.0,0.01,met,VALID
2025-02-19 18:00:00,GOV-EMERG-001,central,portal-main,502.1,26,0.628,0.1004,normal,none,1.0,False,0.0,10,50,500,5000,7.39,6.97,0.0,0.0,0.0,23.6,49.5,95.7,0.00165,none,0,0,0,500.0,0.01,met,VALID
2025-02-19 20:00:00,GOV-EMERG-001,central,status-page,366.5,21,0.458,0.0733,normal,none,1.0,False,0.0,10,50,500,5000,5.08,5.01,0.0,0.0,0.0,24.4,59.9,106.9,0.0008,none,0,0,0,500.0,0.01,met,VALID
2025-02-19 22:00:00,GOV-EMERG-001,central,portal-main,243.9,14,0.305,0.0488,normal,none,1.0,False,0.0,10,50,500,5000,3.13,4.0,0.0,0.0,0.0,20.0,40.3,107.0,0.00113,none,0,0,0,500.0,0.01,met,VALID
2025-02-20 00:00:00,GOV-EMERG-001,central,portal-main,129.7,5,0.162,0.0259,normal,none,1.0,False,0.0,10,50,500,5000,2.54,6.45,0.0,0.0,0.0,27.6,59.9,122.6,0.00124,none,0,0,0,500.0,0.01,met,VALID
2025-02-20 02:00:00,GOV-EMERG-001,central,api-data,81.4,5,0.102,0.0163,normal,none,1.0,False,0.0,10,50,500,5000,1.0,4.0,0.0,0.0,0.0,22.2,51.8,96.9,0.001,none,0,0,0,500.0,0.01,met,VALID
2025-02-20 04:00:00,GOV-EMERG-001,central,status-page,65.5,3,0.082,0.0131,normal,none,1.0,False,0.0,10,50,500,5000,2.89,4.0,0.0,0.0,0.0,26.9,63.6,137.7,0.00092,none,0,0,0,500.0,0.01,met,VALID
2025-02-20 06:00:00,GOV-EMERG-001,central,api-data,207.9,9,0.26,0.0416,normal,none,1.0,False,0.0,10,50,500,5000,2.12,4.0,0.0,0.0,0.0,28.2,62.7,152.2,0.00017,none,0,0,0,500.0,0.01,met,VALID
2025-02-20 08:00:00,GOV-EMERG-001,central,status-page,516.85,32,0.646,0.1034,normal,none,1.0,False,0.0,10,50,500,5000,3.0,4.0,0.0,0.0,0.0,31.8,68.8,154.6,0.00103,none,0,0,0,500.0,0.01,met,IMPUTED_MISSING
2025-02-20 10:00:00,GOV-EMERG-001,central,api-data,825.8,51,1.032,0.1652,normal,none,1.0,False,0.0,10,50,500,5000,15.68,8.47,0.0,0.0,0.0,31.0,65.1,172.2,0.00124,none,0,0,0,500.0,0.01,met,VALID
2025-02-20 12:00:00,GOV-EMERG-001,central,api-data,693.6,36,0.867,0.1387,normal,none,1.0,False,0.0,10,50,500,5000,14.62,15.15,0.0,0.0,0.0,33.5,71.9,188.8,0.00098,none,0,0,0,500.0,0.01,met,IMPUTED_MISSING
2025-02-20 14:00:00,GOV-EMERG-001,central,portal-main,812.7,45,1.016,0.1625,normal,none,1.0,False,0.0,10,50,500,5000,12.19,7.53,0.0,0.0,0.0,35.4,73.6,185.7,0.00069,none,0,0,0,500.0,0.01,met,VALID
2025-02-20 16:00:00,GOV-EMERG-001,central,api-data,672.3,38,0.84,0.1345,normal,none,1.0,False,0.0,10,50,500,5000,15.3,7.38,0.0,0.0,0.0,29.9,64.5,154.2,0.00033,none,0,0,0,500.0,0.01,met,VALID
2025-02-20 18:00:00,GOV-EMERG-001,central,portal-main,533.0,33,0.666,0.1066,normal,none,1.0,False,0.0,10,50,500,5000,9.56,5.55,0.0,0.0,0.0,29.3,72.9,164.8,0.00118,none,0,0,0,500.0,0.01,met,VALID
2025-02-20 20:00:00,GOV-EMERG-001,central,portal-main,362.1,20,0.453,0.0724,normal,none,1.0,False,0.0,10,50,500,5000,12.5,10.9,0.0,0.0,0.0,24.7,53.7,99.6,0.00101,none,0,0,0,500.0,0.01,met,VALID
2025-02-20 22:00:00,GOV-EMERG-001,central,api-data,190.4,7,0.238,0.0381,normal,none,1.0,False,0.0,10,50,500,5000,5.03,4.0,0.0,0.0,0.0,22.0,56.1,110.7,0.00156,none,0,0,0,500.0,0.01,met,VALID
2025-02-21 00:00:00,GOV-EMERG-001,central,status-page,115.0,8,0.144,0.023,normal,none,1.0,False,0.0,10,50,500,5000,4.43,4.0,0.0,0.0,0.0,30.7,66.0,130.8,0.00042,none,0,0,0,500.0,0.01,met,VALID
2025-02-21 02:00:00,GOV-EMERG-001,central,status-page,78.4,5,0.098,0.0157,normal,none,1.0,False,0.0,10,50,500,5000,100.0,4.0,0.0,0.0,0.0,27.8,63.9,123.6,0.00081,none,0,0,0,500.0,0.01,met,REPAIRED_UTILISATION
2025-02-21 04:00:00,GOV-EMERG-001,central,portal-main,62.2,3,0.078,0.0124,normal,none,1.0,False,0.0,10,50,500,5000,1.0,4.0,0.0,0.0,0.0,28.1,58.9,165.5,0.00047,none,0,0,0,500.0,0.01,met,VALID
2025-02-21 06:00:00,GOV-EMERG-001,central,api-data,189.0,8,0.236,0.0378,normal,none,1.0,False,0.0,10,50,500,5000,1.62,4.0,0.0,0.0,0.0,23.6,47.5,94.7,0.00141,none,0,0,0,500.0,0.01,met,VALID
2025-02-21 08:00:00,GOV-EMERG-001,central,api-data,575.7,31,0.72,0.1151,normal,none,1.0,False,0.0,10,50,500,5000,14.89,7.15,0.0,0.0,0.0,26.15,82.5,160.3,0.0015,none,0,0,0,500.0,0.01,met,IMPUTED_MISSING
2025-02-21 10:00:00,GOV-EMERG-001,central,portal-main,771.8,37,0.965,0.1544,normal,none,1.0,False,0.0,10,50,500,5000,17.75,10.98,0.0,0.0,0.0,28.7,63.1,123.4,0.00177,none,0,0,0,500.0,0.01,met,VALID
2025-02-21 12:00:00,GOV-EMERG-001,central,portal-main,699.0,37,0.874,0.1398,normal,none,1.0,False,0.0,10,50,500,5000,13.71,9.27,0.0,0.0,0.0,25.9,57.1,132.9,0.00121,none,0,0,0,500.0,0.01,met,VALID
2025-02-21 14:00:00,GOV-EMERG-001,central,portal-main,799.7,45,1.0,0.1599,normal,none,1.0,False,0.0,10,50,500,5000,11.68,7.86,0.0,0.0,0.0,27.5,61.6,156.2,0.00132,none,0,0,0,500.0,0.01,met,VALID
2025-02-21 16:00:00,GOV-EMERG-001,central,api-data,657.7,30,0.822,0.1315,normal,none,1.0,False,0.0,10,50,500,5000,10.59,10.71,0.0,0.0,0.0,35.1,86.5,167.7,0.00117,none,0,0,0,500.0,0.01,met,VALID
2025-02-21 18:00:00,GOV-EMERG-001,central,portal-main,471.8,19,0.59,0.0944,normal,none,1.0,False,0.0,10,50,500,5000,8.49,6.27,0.0,0.0,0.0,23.2,51.9,131.4,0.00123,none,0,0,0,500.0,0.01,met,VALID
2025-02-21 20:00:00,GOV-EMERG-001,central,status-page,300.3,16,0.375,0.0601,normal,none,1.0,False,0.0,10,50,500,5000,9.51,4.36,0.0,0.0,0.0,23.6,48.4,115.2,0.00102,none,0,0,0,500.0,0.01,met,VALID
2025-02-21 22:00:00,GOV-EMERG-001,central,portal-main,207.7,9,0.26,0.0415,normal,none,1.0,False,0.0,10,50,500,5000,1.0,4.18,0.0,0.0,0.0,37.7,81.7,219.2,0.00125,none,0,0,0,500.0,0.01,met,IMPUTED_MISSING
2025-02-22 00:00:00,GOV-EMERG-001,northeast,status-page,99.7,5,0.125,0.0199,disaster,high,1.0,True,1080.0,10,50,500,5000,1.36,4.0,0.0,0.0,0.0,29.3,68.7,166.7,0.00186,none,0,0,0,500.0,0.01,met,VALID
2025-02-22 00:30:00,GOV-EMERG-001,northeast,portal-main,1000.7,24,1.251,0.2001,disaster,high,1.0,True,1080.0,10,50,500,5000,14.99,11.3,0.0,0.0,0.0,28.3,73.5,123.4,0.00109,none,0,0,0,500.0,0.01,met,IMPUTED_MISSING
2025-02-22 01:00:00,GOV-EMERG-001,northeast,api-data,929.0,44,1.161,0.1858,disaster,high,1.0,True,1080.0,10,50,500,5000,18.66,13.26,0.0,0.0,0.0,26.4,55.0,152.2,0.00101,none,0,0,0,500.0,0.01,met,VALID
2025-02-22 01:30:00,GOV-EMERG-001,northeast,portal-main,596.8,33,0.746,0.1194,disaster,high,1.0,True,1080.0,10,50,500,5000,5.03,9.58,0.0,0.0,0.0,21.7,47.6,95.2,0.00108,none,0,0,0,500.0,0.01,met,IMPUTED_MISSING
2025-02-22 02:00:00,GOV-EMERG-001,northeast,portal-main,662.2,36,0.828,0.1324,disaster,high,1.0,True,1080.0,10,50,500,5000,13.7,5.9,0.0,0.0,0.0,29.2,66.9,145.5,0.00094,none,0,0,0,500.0,0.01,met,VALID
2025-02-22 02:30:00,GOV-EMERG-001,northeast,api-data,783.9,34,0.98,0.1568,disaster,high,1.0,True,1080.0,10,50,500,5000,12.95,5.95,0.0,0.0,0.0,32.6,83.6,143.0,0.0011,none,0,0,0,500.0,0.01,met,VALID
2025-02-22 03:00:00,GOV-EMERG-001,northeast,status-page,623.1,25,0.779,0.1246,disaster,high,1.0,True,1080.0,10,50,500,5000,15.18,10.52,0.0,0.0,0.0,34.6,71.5,165.3,0.00093,none,0,0,0,500.0,0.01,met,VALID
2025-02-22 03:30:00,GOV-EMERG-001,northeast,api-data,593.8,30,0.742,0.1188,disaster,high,1.0,True,1080.0,10,50,500,5000,8.73,9.02,0.0,0.0,0.0,20.8,51.5,124.2,0.00146,none,0,0,0,500.0,0.01,met,VALID
2025-02-22 04:00:00,GOV-EMERG-001,northeast,portal-main,571.5,31,0.714,0.1143,disaster,high,1.0,True,1080.0,10,50,500,5000,13.53,12.81,0.0,0.0,0.0,22.9,55.8,126.8,0.00142,none,0,0,0,500.0,0.01,met,VALID
2025-02-22 04:30:00,GOV-EMERG-001,northeast,portal-main,674.6,36,0.843,0.1349,disaster,high,1.0,True,1080.0,10,50,500,5000,12.44,7.63,0.0,0.0,0.0,28.4,62.1,145.2,0.00187,none,0,0,0,500.0,0.01,met,VALID
2025-02-22 05:00:00,GOV-EMERG-001,northeast,portal-main,949.3,43,1.187,0.1899,disaster,high,1.0,True,1080.0,10,50,500,5000,15.1,13.49,0.0,0.0,0.0,42.0,103.5,246.6,0.00099,none,0,0,0,500.0,0.01,met,VALID
2025-02-22 05:30:00,GOV-EMERG-001,northeast,portal-main,1743.1,91,2.179,0.3486,disaster,high,1.0,True,1080.0,10,50,500,5000,32.5,22.78,0.0,0.0,0.0,41.9,98.3,197.8,0.00112,none,0,0,0,500.0,0.01,met,VALID
2025-02-22 06:00:00,GOV-EMERG-001,northeast,api-data,1447.9,91,1.81,0.2896,disaster,high,1.0,True,1080.0,10,50,500,5000,17.6,10.73,0.0,0.0,0.0,36.7,77.1,159.4,0.0011,none,0,0,0,500.0,0.01,met,VALID
2025-02-22 06:30:00,GOV-EMERG-001,northeast,api-data,2313.0,120,2.891,0.4626,disaster,high,1.0,True,1080.0,10,50,500,5000,35.18,20.43,0.0,0.0,0.0,41.6,90.4,235.5,0.00108,none,0,0,0,500.0,0.01,met,VALID
2025-02-22 07:00:00,GOV-EMERG-001,northeast,api-data,3502.9,127,4.379,0.7006,disaster,high,1.0,True,1080.0,10,50,500,5000,55.97,43.95,0.0,0.0,0.0,75.0,164.8,301.9,0.00145,none,0,0,0,500.0,0.01,met,VALID
2025-02-22 07:30:00,GOV-EMERG-001,northeast,api-data,4501.6,233,5.627,0.9003,disaster,high,1.0,True,1080.0,10,50,500,5000,80.95,56.59,0.0,0.0,0.0,250.9,550.4,1407.4,0.00198,scale_out,3,0,3600,500.0,0.01,met,VALID
2025-02-22 08:00:00,GOV-EMERG-001,northeast,api-data,6016.8,403,7.521,1.2034,disaster,high,1.0,True,1080.0,10,50,500,5000,98.72,60.38,30504.0,1016.8,366.05,2067.2,5060.2,8359.3,0.02048,none,0,0,0,500.0,0.01,breached,VALID
2025-02-22 08:30:00,GOV-EMERG-001,northeast,api-data,6245.0,245,7.806,0.9608,disaster,high,1.0,True,1080.0,13,50,500,6500,89.74,62.36,30244.0,-8.67,279.18,636.7,1525.6,2908.9,0.00375,scale_out,4,0,5400,500.0,0.01,breached,VALID
2025-02-22 09:00:00,GOV-EMERG-001,northeast,portal-main,7763.5,390,9.704,1.1944,disaster,high,1.0,True,1080.0,13,50,500,6500,96.23,56.52,67889.5,1254.85,600.0,2156.6,5374.0,10159.6,0.01294,none,0,0,0,500.0,0.01,breached,VALID
2025-02-22 09:30:00,GOV-EMERG-001,northeast,portal-main,7291.4,351,9.114,1.1218,disaster,high,1.0,True,1080.0,13,50,500,6500,95.08,72.47,91370.7,782.71,600.0,2109.4,4865.3,9781.4,0.00747,none,0,0,0,500.0,0.01,breached,VALID
2025-02-22 10:00:00,GOV-EMERG-001,northeast,portal-main,7627.6,387,9.535,0.8974,disaster,high,1.0,True,1080.0,17,50,500,8500,84.39,53.87,91030.7,-11.33,600.0,239.8,529.9,1075.7,0.00024,scale_out,4,0,1800,500.0,0.01,met,VALID
2025-02-22 10:30:00,GOV-EMERG-001,northeast,api-data,6792.8,345,8.491,0.6469,disaster,high,1.0,True,1080.0,21,50,500,10500,50.52,29.95,90610.7,-14.0,517.78,147.0,151.8,313.7,0.00076,none,0,0,0,500.0,0.01,met,IMPUTED_MISSING
2025-02-22 11:00:00,GOV-EMERG-001,northeast,portal-main,5958.0,355,7.448,0.5674,disaster,high,1.0,True,1080.0,21,50,500,10500,45.31,23.92,90190.7,-14.0,515.38,54.2,134.3,217.3,0.0007,none,0,0,0,500.0,0.01,met,VALID
2025-02-22 11:30:00,GOV-EMERG-001,northeast,portal-main,5886.6,298,7.358,0.5606,disaster,high,1.0,True,1080.0,21,50,500,10500,45.52,28.23,89770.7,-14.0,512.98,59.25,114.1,309.6,0.0007,none,0,0,0,500.0,0.01,met,IMPUTED_MISSING
2025-02-22 12:00:00,GOV-EMERG-001,northeast,api-data,6428.4,390,8.035,0.6122,disaster,high,1.0,True,1080.0,21,50,500,10500,51.07,33.05,89350.7,-14.0,510.58,64.3,131.55,316.0,0.00054,none,0,0,0,500.0,0.01,met,IMPUTED_MISSING
2025-02-22 12:30:00,GOV-EMERG-001,northeast,portal-main,6067.8,297,7.585,0.5779,disaster,high,1.0,True,1080.0,21,50,500,10500,46.06,28.2,88930.7,-14.0,508.18,62.1,149.0,268.3,0.00138,none,0,0,0,500.0,0.01,met,VALID
2025-02-22 13:00:00,GOV-EMERG-001,northeast,portal-main,5107.0,240,6.384,0.4864,disaster,high,1.0,True,1080.0,21,50,500,10500,39.83,16.72,88510.7,-14.0,505.78,45.3,111.3,188.5,0.00159,none,0,0,0,500.0,0.01,met,VALID
2025-02-22 13:30:00,GOV-EMERG-001,northeast,api-data,4137.0,184,5.171,0.394,disaster,high,1.0,True,1080.0,21,50,500,10500,31.93,21.7,88090.7,-14.0,503.38,45.2,92.2,205.8,0.00117,none,0,0,0,500.0,0.01,met,VALID
2025-02-22 14:00:00,GOV-EMERG-001,northeast,api-data,4391.9,153,5.49,0.4183,disaster,high,1.0,True,1080.0,21,50,500,10500,37.09,23.1,87670.7,-14.0,500.98,40.7,96.1,191.5,0.00132,none,0,0,0,500.0,0.01,met,VALID
2025-02-22 14:30:00,GOV-EMERG-001,northeast,portal-main,3432.5,180,4.291,0.3269,disaster,high,1.0,True,1080.0,21,50,500,10500,29.35,16.45,87250.7,-14.0,498.58,36.5,76.0,179.7,0.00112,scale_in,0,11,3600,500.0,0.01,met,VALID
2025-02-22 15:00:00,GOV-EMERG-001,northeast,api-data,2974.3,200,3.718,0.2833,disaster,high,1.0,True,1080.0,21,50,500,10500,18.42,8.53,86830.7,-14.0,496.18,41.5,101.7,174.2,0.00123,none,0,0,0,500.0,0.01,met,VALID
2025-02-22 15:30:00,GOV-EMERG-001,northeast,portal-main,2411.7,130,3.015,0.4823,disaster,high,1.0,True,1080.0,10,50,500,5000,25.95,25.97,86630.7,-6.67,600.0,44.4,108.3,264.7,0.00015,none,0,0,0,500.0,0.01,met,IMPUTED_MISSING
2025-02-22 16:00:00,GOV-EMERG-001,northeast,api-data,1993.8,111,2.492,0.3988,disaster,high,1.0,True,1080.0,10,50,500,5000,33.48,28.04,86430.7,-6.67,600.0,44.5,108.9,201.8,0.00113,none,0,0,0,500.0,0.01,met,VALID
2025-02-22 16:30:00,GOV-EMERG-001,northeast,portal-main,1252.9,58,1.566,0.2506,disaster,high,1.0,True,1080.0,10,50,500,5000,19.27,14.23,86230.7,-6.67,600.0,37.4,76.2,182.5,0.00083,none,0,0,0,500.0,0.01,met,VALID
2025-02-22 17:00:00,GOV-EMERG-001,northeast,portal-main,773.4,37,0.967,0.1547,disaster,high,1.0,True,1080.0,10,50,500,5000,12.27,9.96,86030.7,-6.67,600.0,30.8,72.0,167.0,0.00098,none,0,0,0,500.0,0.01,met,VALID
2025-02-22 17:30:00,GOV-EMERG-001,northeast,portal-main,435.7,25,0.545,0.0871,disaster,high,1.0,True,1080.0,10,50,500,5000,2.91,4.0,85830.7,-6.67,600.0,26.9,57.7,124.4,0.00109,none,0,0,0,500.0,0.01,met,VALID
2025-02-22 18:00:00,GOV-EMERG-001,central,portal-main,450.5,30,0.563,0.0901,normal,none,1.0,False,0.0,10,50,500,5000,7.48,8.1,85630.7,-6.67,600.0,36.0,82.7,149.8,0.00071,none,0,0,0,500.0,0.01,met,VALID
2025-02-22 20:00:00,GOV-EMERG-001,central,api-data,247.5,15,0.309,0.0495,normal,none,1.0,False,0.0,10,50,500,5000,6.5,4.22,84830.7,-6.67,600.0,26.2,68.1,124.8,0.00057,none,0,0,0,500.0,0.01,met,VALID
2025-02-22 22:00:00,GOV-EMERG-001,central,portal-main,170.2,10,0.213,0.034,normal,none,1.0,False,0.0,10,50,500,5000,1.67,4.0,84030.7,-6.67,600.0,26.7,54.8,136.3,0.0007,none,0,0,0,500.0,0.01,met,VALID
2025-02-23 00:00:00,GOV-EMERG-001,central,portal-main,102.3,5,0.128,0.0205,normal,none,1.0,False,0.0,10,50,500,5000,6.29,4.21,83230.7,-6.67,600.0,24.2,57.0,137.4,0.00042,none,0,0,0,500.0,0.01,met,VALID
2025-02-23 02:00:00,GOV-EMERG-001,central,portal-main,61.8,3,0.077,0.0124,normal,none,1.0,False,0.0,10,50,500,5000,1.0,4.0,82430.7,-6.67,600.0,25.9,54.4,122.7,0.00054,none,0,0,0,500.0,0.01,met,VALID
2025-02-23 04:00:00,GOV-EMERG-001,central,api-data,45.3,4,0.057,0.0091,normal,none,1.0,False,0.0,10,50,500,5000,1.0,4.65,81630.7,-6.67,600.0,29.1,67.1,168.1,0.00059,none,0,0,0,500.0,0.01,met,IMPUTED_MISSING
2025-02-23 06:00:00,GOV-EMERG-001,central,api-data,149.7,6,0.187,0.0299,normal,none,1.0,False,0.0,10,50,500,5000,1.0,6.92,80830.7,-6.67,600.0,24.7,57.0,125.6,0.00043,none,0,0,0,500.0,0.01,met,VALID
2025-02-23 08:00:00,GOV-EMERG-001,central,status-page,421.4,17,0.527,0.0843,normal,none,1.0,False,0.0,10,50,500,5000,5.08,6.49,80030.7,-6.67,600.0,18.9,42.9,102.5,0.00121,none,0,0,0,500.0,0.01,met,VALID
2025-02-23 10:00:00,GOV-EMERG-001,central,portal-main,625.4,32,0.782,0.1251,normal,none,1.0,False,0.0,10,50,500,5000,12.8,6.88,79230.7,-6.67,600.0,30.6,73.0,124.4,0.00064,none,0,0,0,500.0,0.01,met,VALID
2025-02-23 12:00:00,GOV-EMERG-001,central,portal-main,589.7,28,0.737,0.1179,normal,none,1.0,False,0.0,10,50,500,5000,10.43,5.31,78430.7,-6.67,600.0,24.0,62.1,139.2,0.00025,none,0,0,0,500.0,0.01,met,VALID
2025-02-23 14:00:00,GOV-EMERG-001,central,portal-main,611.7,23,0.765,0.1223,normal,none,1.0,False,0.0,10,50,500,5000,8.8,6.77,77630.7,-6.67,600.0,31.5,78.1,139.2,0.00084,none,0,0,0,500.0,0.01,met,IMPUTED_MISSING
2025-02-23 16:00:00,GOV-EMERG-001,central,portal-main,496.2,25,0.62,0.0992,normal,none,1.0,False,0.0,10,50,500,5000,9.84,5.5,76830.7,-6.67,600.0,27.7,71.5,129.1,0.00055,none,0,0,0,500.0,0.01,met,VALID
2025-02-23 18:00:00,GOV-EMERG-001,central,status-page,405.3,19,0.507,0.0811,normal,none,1.0,False,0.0,10,50,500,5000,7.19,4.0,76030.7,-6.67,600.0,31.0,65.5,156.4,0.00158,none,0,0,0,500.0,0.01,met,VALID
2025-02-23 20:00:00,GOV-EMERG-001,central,api-data,260.6,10,0.326,0.0521,normal,none,1.0,False,0.0,10,50,500,5000,4.22,8.0,75230.7,-6.67,600.0,22.6,58.6,133.7,0.00105,none,0,0,0,500.0,0.01,met,VALID
2025-02-23 22:00:00,GOV-EMERG-001,central,portal-main,159.3,7,0.199,0.0319,normal,none,1.0,False,0.0,10,50,500,5000,3.0,4.0,74430.7,-6.67,600.0,23.7,51.7,111.1,0.00041,none,0,0,0,500.0,0.01,met,VALID
2025-02-24 00:00:00,GOV-EMERG-001,central,portal-main,109.4,5,0.137,0.0219,normal,none,1.0,False,0.0,10,50,500,5000,2.01,4.0,73630.7,-6.67,600.0,24.2,48.9,107.5,0.00123,none,0,0,0,500.0,0.01,met,VALID
2025-02-24 02:00:00,GOV-EMERG-001,central,status-page,73.7,3,0.092,0.0147,normal,none,1.0,False,0.0,10,50,500,5000,4.34,4.0,72830.7,-6.67,600.0,19.4,44.0,115.1,0.00103,none,0,0,0,500.0,0.01,met,VALID
2025-02-24 04:00:00,GOV-EMERG-001,central,portal-main,61.1,4,0.076,0.0122,normal,none,1.0,False,0.0,10,50,500,5000,5.890000000000001,4.0,72030.7,-6.67,600.0,29.8,63.9,167.1,0.0009,none,0,0,0,500.0,0.01,met,IMPUTED_MISSING
2025-02-24 06:00:00,GOV-EMERG-001,central,portal-main,25.6,6,0.032,0.0051,normal,none,1.0,False,0.0,10,50,500,5000,7.44,6.86,71230.7,-6.67,600.0,19.5,47.9,103.7,0.00163,none,0,0,0,500.0,0.01,met,REPAIRED_NEGATIVE
2025-02-24 08:00:00,GOV-EMERG-001,central,portal-main,568.8,19,0.711,0.1138,normal,none,1.0,False,0.0,10,50,500,5000,9.8,11.43,70430.7,-6.67,600.0,32.6,66.9,157.1,0.00061,none,0,0,0,500.0,0.01,met,VALID
2025-02-24 10:00:00,GOV-EMERG-001,central,portal-main,752.0,38,0.94,0.1504,normal,none,1.0,False,0.0,10,50,500,5000,11.2,8.47,69630.7,-6.67,600.0,31.1,72.5,150.7,0.00141,none,0,0,0,500.0,0.01,met,VALID
2025-02-24 12:00:00,GOV-EMERG-001,central,portal-main,612.0,31,0.765,0.1224,normal,none,1.0,False,0.0,10,50,500,5000,9.99,7.64,68830.7,-6.67,600.0,27.7,60.2,163.4,0.00084,none,0,0,0,500.0,0.01,met,VALID
2025-02-24 14:00:00,GOV-EMERG-001,central,portal-main,758.2,40,0.948,0.1516,normal,none,1.0,False,0.0,10,50,500,5000,12.19,10.64,68030.7,-6.67,600.0,30.8,65.5,127.6,0.00099,none,0,0,0,500.0,0.01,met,VALID
2025-02-24 16:00:00,GOV-EMERG-001,central,portal-main,664.0,30,0.83,0.1328,normal,none,1.0,False,0.0,10,50,500,5000,13.89,10.5,67230.7,-6.67,600.0,30.1,76.0,166.0,0.0007,none,0,0,0,500.0,0.01,met,VALID
2025-02-24 18:00:00,GOV-EMERG-001,central,portal-main,504.3,21,0.63,0.1009,normal,none,1.0,False,0.0,10,50,500,5000,7.16,5.42,66430.7,-6.67,600.0,26.2,60.5,136.3,0.00073,none,0,0,0,500.0,0.01,met,VALID
2025-02-24 20:00:00,GOV-EMERG-001,central,portal-main,387.4,19,0.484,0.0775,normal,none,1.0,False,0.0,10,50,500,5000,6.27,5.12,65630.7,-6.67,600.0,28.3,62.1,168.0,0.00083,none,0,0,0,500.0,0.01,met,VALID
2025-02-24 22:00:00,GOV-EMERG-001,central,portal-main,217.1,10,0.271,0.0434,normal,none,1.0,False,0.0,10,50,500,5000,5.26,7.89,64830.7,-6.67,600.0,29.1,71.1,148.7,0.00024,none,0,0,0,500.0,0.01,met,VALID
2025-02-25 00:00:00,GOV-EMERG-001,central,status-page,125.3,8,0.157,0.0251,normal,none,1.0,False,0.0,10,50,500,5000,4.0,4.34,64030.7,-6.67,600.0,21.9,54.9,99.7,0.00114,none,0,0,0,500.0,0.01,met,VALID
2025-02-25 02:00:00,GOV-EMERG-001,central,api-data,79.9,4,0.1,0.016,normal,none,1.0,False,0.0,10,50,500,5000,4.2,4.0,63230.7,-6.67,600.0,26.8,60.7,149.0,0.00105,none,0,0,0,500.0,0.01,met,VALID
2025-02-25 04:00:00,GOV-EMERG-001,central,portal-main,63.9,3,0.08,0.0128,normal,none,1.0,False,0.0,10,50,500,5000,3.52,7.93,62430.7,-6.67,600.0,14.8,31.3,88.5,0.0004,none,0,0,0,500.0,0.01,met,VALID
2025-02-25 06:00:00,GOV-EMERG-001,central,portal-main,191.6,14,0.24,0.0383,normal,none,1.0,False,0.0,10,50,500,5000,5.89,10.7,61630.7,-6.67,600.0,18.3,47.5,106.3,0.00126,none,0,0,0,500.0,0.01,met,VALID
2025-02-25 08:00:00,GOV-EMERG-001,central,api-data,558.4,27,0.698,0.1117,normal,none,1.0,False,0.0,10,50,500,5000,3.9,4.0,60830.7,-6.67,600.0,30.4,67.4,139.5,0.00158,none,0,0,0,500.0,0.01,met,VALID
2025-02-25 10:00:00,GOV-EMERG-001,central,portal-main,769.4,42,0.962,0.1539,normal,none,1.0,False,0.0,10,50,500,5000,17.32,7.22,60030.7,-6.67,600.0,27.9,60.35,130.8,0.00073,none,0,0,0,500.0,0.01,met,IMPUTED_MISSING
2025-02-25 12:00:00,GOV-EMERG-001,central,portal-main,726.1,40,0.908,0.1452,normal,none,1.0,False,0.0,10,50,500,5000,11.24,6.23,59230.7,-6.67,600.0,25.8,53.3,142.3,0.00069,none,0,0,0,500.0,0.01,met,VALID
2025-02-25 14:00:00,GOV-EMERG-001,central,status-page,790.6,44,0.988,0.1581,normal,none,1.0,False,0.0,10,50,500,5000,12.14,8.68,58430.7,-6.67,600.0,29.5,61.2,153.2,0.00145,none,0,0,0,500.0,0.01,met,VALID
2025-02-25 16:00:00,GOV-EMERG-001,central,portal-main,647.9,34,0.81,0.1296,normal,none,1.0,False,0.0,10,50,500,5000,11.6,4.0,57630.7,-6.67,600.0,27.1,69.6,109.2,0.00116,none,0,0,0,500.0,0.01,met,VALID
2025-02-25 18:00:00,GOV-EMERG-001,central,api-data,545.8,28,0.682,0.1092,normal,none,1.0,False,0.0,10,50,500,5000,9.73,8.05,56830.7,-6.67,600.0,24.1,61.9,103.3,0.00095,none,0,0,0,500.0,0.01,met,VALID
2025-02-25 20:00:00,GOV-EMERG-001,central,portal-main,367.7,19,0.46,0.0735,normal,none,1.0,False,0.0,10,50,500,5000,7.41,8.2,56030.7,-6.67,600.0,20.4,47.1,85.2,0.00133,none,0,0,0,500.0,0.01,met,VALID
2025-02-25 22:00:00,GOV-EMERG-001,central,api-data,219.0,10,0.274,0.0438,normal,none,1.0,False,0.0,10,50,500,5000,10.29,6.1,55230.7,-6.67,600.0,18.3,44.1,79.6,0.00111,none,0,0,0,500.0,0.01,met,IMPUTED_MISSING
2025-02-26 00:00:00,GOV-EMERG-001,central,portal-main,120.9,6,0.151,0.0242,normal,none,1.0,False,0.0,10,50,500,5000,1.0,4.0,54430.7,-6.67,600.0,28.6,71.4,131.7,0.00157,none,0,0,0,500.0,0.01,met,VALID
2025-02-26 02:00:00,GOV-EMERG-001,central,portal-main,79.7,5,0.1,0.0159,normal,none,1.0,False,0.0,10,50,500,5000,1.12,4.0,53630.7,-6.67,600.0,23.7,55.4,140.7,0.00099,none,0,0,0,500.0,0.01,met,VALID
2025-02-26 04:00:00,GOV-EMERG-001,central,portal-main,61.2,4,0.076,0.0122,normal,none,1.0,False,0.0,10,50,500,5000,1.0,4.0,52830.7,-6.67,600.0,29.2,70.1,156.2,0.00117,none,0,0,0,500.0,0.01,met,VALID
2025-02-26 06:00:00,GOV-EMERG-001,central,portal-main,200.7,11,0.251,0.0401,normal,none,1.0,False,0.0,10,50,500,5000,5.4,4.0,52030.7,-6.67,600.0,24.3,62.7,99.9,0.00144,none,0,0,0,500.0,0.01,met,VALID
2025-02-26 08:00:00,GOV-EMERG-001,central,api-data,542.6,31,0.678,0.1085,normal,none,1.0,False,0.0,10,50,500,5000,10.32,9.54,51230.7,-6.67,600.0,29.5,62.0,153.6,2e-05,none,0,0,0,500.0,0.01,met,VALID
2025-02-26 10:00:00,GOV-EMERG-001,central,portal-main,762.2,33,0.953,0.1524,normal,none,1.0,False,0.0,10,50,500,5000,10.2,6.62,50430.7,-6.67,600.0,29.0,60.4,141.3,0.00145,none,0,0,0,500.0,0.01,met,VALID
2025-02-26 12:00:00,GOV-EMERG-001,central,portal-main,661.6,32,0.827,0.1323,normal,none,1.0,False,0.0,10,50,500,5000,11.86,12.14,49630.7,-6.67,595.57,29.0,71.1,159.7,0.0008,none,0,0,0,500.0,0.01,met,VALID
2025-02-26 14:00:00,GOV-EMERG-001,central,api-data,785.7,45,0.982,0.1571,normal,none,1.0,False,0.0,10,50,500,5000,17.7,17.21,48830.7,-6.67,585.97,28.15,72.7,173.2,0.0012,none,0,0,0,500.0,0.01,met,IMPUTED_MISSING
2025-02-26 16:00:00,GOV-EMERG-001,central,api-data,699.3,44,0.874,0.1399,normal,none,1.0,False,0.0,10,50,500,5000,5.51,4.0,48030.7,-6.67,576.37,27.3,57.6,112.7,0.00167,none,0,0,0,500.0,0.01,met,VALID
2025-02-26 18:00:00,GOV-EMERG-001,central,portal-main,501.9,22,0.627,0.1004,normal,none,1.0,False,0.0,10,50,500,5000,10.67,6.73,47230.7,-6.67,566.77,22.9,49.9,136.3,0.00088,none,0,0,0,500.0,0.01,met,VALID
2025-02-26 20:00:00,GOV-EMERG-001,central,portal-main,405.4,19,0.507,0.0811,normal,none,1.0,False,0.0,10,50,500,5000,4.62,8.68,46430.7,-6.67,557.17,30.3,73.0,124.6,0.00082,none,0,0,0,500.0,0.01,met,VALID
2025-02-26 22:00:00,GOV-EMERG-001,central,status-page,233.9,16,0.292,0.0468,normal,none,1.0,False,0.0,10,50,500,5000,3.57,4.0,45630.7,-6.67,547.57,32.6,74.9,178.2,0.00098,none,0,0,0,500.0,0.01,met,VALID
2025-02-27 00:00:00,GOV-EMERG-001,central,api-data,127.8,6,0.16,0.0256,normal,none,1.0,False,0.0,10,50,500,5000,5.83,4.0,44830.7,-6.67,537.97,32.3,81.9,187.5,0.00042,none,0,0,0,500.0,0.01,met,VALID
2025-02-27 02:00:00,GOV-EMERG-001,central,api-data,83.2,5,0.104,0.0166,normal,none,1.0,False,0.0,10,50,500,5000,1.0,4.0,44030.7,-6.67,528.37,23.2,58.1,127.7,0.00188,none,0,0,0,500.0,0.01,met,IMPUTED_MISSING
2025-02-27 04:00:00,GOV-EMERG-001,central,status-page,69.9,4,0.087,0.014,normal,none,1.0,False,0.0,10,50,500,5000,1.0,4.0,43230.7,-6.67,518.77,22.4,51.4,96.5,0.00098,none,0,0,0,500.0,0.01,met,VALID
2025-02-27 06:00:00,GOV-EMERG-001,central,api-data,192.1,10,0.24,0.0384,normal,none,1.0,False,0.0,10,50,500,5000,5.49,4.0,42430.7,-6.67,509.17,23.8,57.1,105.0,0.00166,none,0,0,0,500.0,0.01,met,VALID
2025-02-27 08:00:00,GOV-EMERG-001,central,portal-main,488.3,23,0.61,0.0977,normal,none,1.0,False,0.0,10,50,500,5000,6.64,4.0,41630.7,-6.67,499.57,27.0,64.4,110.2,0.00087,none,0,0,0,500.0,0.01,met,VALID
2025-02-27 10:00:00,GOV-EMERG-001,central,portal-main,782.2,45,0.978,0.1564,normal,none,1.0,False,0.0,10,50,500,5000,13.97,8.67,40830.7,-6.67,489.97,29.4,60.5,125.4,0.00101,none,0,0,0,500.0,0.01,met,VALID
2025-02-27 12:00:00,GOV-EMERG-001,central,portal-main,740.1,45,0.925,0.148,normal,none,1.0,False,0.0,10,50,500,5000,13.13,10.55,40030.7,-6.67,480.37,25.4,57.2,104.5,0.00138,none,0,0,0,500.0,0.01,met,VALID
2025-02-27 14:00:00,GOV-EMERG-001,central,api-data,806.1,33,1.008,0.1612,normal,none,1.0,False,0.0,10,50,500,5000,9.88,10.18,39230.7,-6.67,470.77,23.9,54.1,98.1,0.00056,none,0,0,0,500.0,0.01,met,VALID
2025-02-27 16:00:00,GOV-EMERG-001,central,status-page,689.4,32,0.862,0.1379,normal,none,1.0,False,0.0,10,50,500,5000,12.11,8.33,38430.7,-6.67,461.17,29.2,74.1,149.6,0.00096,none,0,0,0,500.0,0.01,met,VALID
2025-02-27 18:00:00,GOV-EMERG-001,central,portal-main,554.3,32,0.693,0.1109,normal,none,1.0,False,0.0,10,50,500,5000,11.32,4.33,37630.7,-6.67,451.57,14.0,35.4,58.1,0.00136,none,0,0,0,500.0,0.01,met,VALID
2025-02-27 20:00:00,GOV-EMERG-001,central,portal-main,366.9,18,0.459,0.0734,normal,none,1.0,False,0.0,10,50,500,5000,8.07,5.61,36830.7,-6.67,441.97,26.6,54.1,128.9,0.00091,none,0,0,0,500.0,0.01,met,VALID
2025-02-27 22:00:00,GOV-EMERG-001,central,portal-main,232.9,11,0.291,0.0466,normal,none,1.0,False,0.0,10,50,500,5000,2.86,4.0,36030.7,-6.67,432.37,22.4,56.3,121.6,0.00081,none,0,0,0,500.0,0.01,met,VALID
2025-02-28 00:00:00,GOV-EMERG-001,central,status-page,108.6,6,0.136,0.0217,normal,none,1.0,False,0.0,10,50,500,5000,1.0,4.0,35230.7,-6.67,422.77,28.7,67.9,115.6,0.00145,none,0,0,0,500.0,0.01,met,VALID
2025-02-28 02:00:00,GOV-EMERG-001,central,portal-main,71.8,4,0.09,0.0144,normal,none,1.0,False,0.0,10,50,500,5000,1.0,4.0,34430.7,-6.67,413.17,29.6,59.4,156.0,0.00156,none,0,0,0,500.0,0.01,met,VALID
2025-02-28 04:00:00,GOV-EMERG-001,central,portal-main,65.7,3,0.082,0.0131,normal,none,1.0,False,0.0,10,50,500,5000,2.65,5.81,33630.7,-6.67,403.57,29.6,66.0,163.3,0.00162,none,0,0,0,500.0,0.01,met,VALID
2025-02-28 06:00:00,GOV-EMERG-001,central,portal-main,191.0,10,0.239,0.0382,normal,none,1.0,False,0.0,10,50,500,5000,4.58,4.0,32830.7,-6.67,393.97,24.6,62.3,124.8,0.00073,none,0,0,0,500.0,0.01,met,VALID
2025-02-28 08:00:00,GOV-EMERG-001,central,portal-main,515.4,21,0.644,0.1031,normal,none,1.0,False,0.0,10,50,500,5000,8.97,6.52,32030.7,-6.67,384.37,23.3,51.7,115.5,0.00077,none,0,0,0,500.0,0.01,met,VALID
2025-02-28 10:00:00,GOV-EMERG-001,central,portal-main,736.4,31,0.92,0.1473,normal,none,1.0,False,0.0,10,50,500,5000,3.47,5.27,31230.7,-6.67,374.77,26.1,62.7,142.3,0.00081,none,0,0,0,500.0,0.01,met,VALID
2025-02-28 12:00:00,GOV-EMERG-001,central,portal-main,661.8,34,0.827,0.1324,normal,none,1.0,False,0.0,10,50,500,5000,10.1,7.81,30430.7,-6.67,365.17,30.0,70.1,151.6,0.00129,none,0,0,0,500.0,0.01,met,VALID
2025-02-28 14:00:00,GOV-EMERG-001,central,portal-main,733.1,37,0.916,0.1466,normal,none,1.0,False,0.0,10,50,500,5000,10.31,4.0,29630.7,-6.67,355.57,22.7,53.5,114.0,0.00052,none,0,0,0,500.0,0.01,met,VALID
2025-02-28 16:00:00,GOV-EMERG-001,central,portal-main,604.6,25,0.756,0.1209,normal,none,1.0,False,0.0,10,50,500,5000,9.77,4.0,28830.7,-6.67,345.97,34.0,77.8,190.6,0.00054,none,0,0,0,500.0,0.01,met,VALID
2025-02-28 18:00:00,GOV-EMERG-001,central,portal-main,456.9,20,0.571,0.0914,normal,none,1.0,False,0.0,10,50,500,5000,8.25,9.5,28030.7,-6.67,336.37,26.2,60.0,148.6,0.00071,none,0,0,0,500.0,0.01,met,VALID
2025-02-28 20:00:00,GOV-EMERG-001,central,portal-main,338.7,14,0.423,0.0677,normal,none,1.0,False,0.0,10,50,500,5000,7.36,4.0,27230.7,-6.67,326.77,28.8,73.2,136.5,0.00062,none,0,0,0,500.0,0.01,met,VALID
2025-02-28 22:00:00,GOV-EMERG-001,central,portal-main,206.5,11,0.258,0.0413,normal,none,1.0,False,0.0,10,50,500,5000,3.8,4.0,26430.7,-6.67,317.17,19.0,42.6,91.6,0.00135,none,0,0,0,500.0,0.01,met,VALID
2025-03-01 00:00:00,GOV-EMERG-001,central,api-data,101.3,3,0.127,0.0203,normal,none,1.0,False,0.0,10,50,500,5000,6.42,5.18,25630.7,-6.67,307.57,21.8,46.1,122.2,0.00133,none,0,0,0,500.0,0.01,met,VALID
2025-03-01 02:00:00,GOV-EMERG-001,central,portal-main,64.9,3,0.081,0.013,normal,none,1.0,False,0.0,10,50,500,5000,3.53,9.72,24830.7,-6.67,297.97,17.7,39.9,90.1,0.00081,none,0,0,0,500.0,0.01,met,VALID
2025-03-01 04:00:00,GOV-EMERG-001,central,portal-main,51.9,2,0.065,0.0104,normal,none,1.0,False,0.0,10,50,500,5000,1.0,4.0,24030.7,-6.67,288.37,29.3,71.6,157.7,0.00092,none,0,0,0,500.0,0.01,met,VALID
2025-03-01 06:00:00,GOV-EMERG-001,central,portal-main,154.1,8,0.193,0.0308,normal,none,1.0,False,0.0,10,50,500,5000,6.43,4.0,23230.7,-6.67,278.77,25.2,57.5,104.4,0.0,none,0,0,0,500.0,0.01,met,VALID
2025-03-01 08:00:00,GOV-EMERG-001,central,portal-main,445.3,16,0.557,0.0891,normal,none,1.0,False,0.0,10,50,500,5000,5.14,4.49,22430.7,-6.67,269.17,29.7,72.5,124.6,0.00082,none,0,0,0,500.0,0.01,met,VALID
2025-03-01 10:00:00,GOV-EMERG-001,central,portal-main,651.6,33,0.814,0.1303,normal,none,1.0,False,0.0,10,50,500,5000,14.21,10.97,21630.7,-6.67,259.57,29.0,62.2,146.8,0.0015,none,0,0,0,500.0,0.01,met,VALID
2025-03-01 12:00:00,GOV-EMERG-001,central,portal-main,596.6,38,0.746,0.1193,normal,none,1.0,False,0.0,10,50,500,5000,10.54,6.88,20830.7,-6.67,249.97,30.3,71.1,170.6,0.0008,none,0,0,0,500.0,0.01,met,VALID
2025-03-01 14:00:00,GOV-EMERG-001,central,api-data,637.0,41,0.796,0.1274,normal,none,1.0,False,0.0,10,50,500,5000,7.49,6.94,20030.7,-6.67,240.37,27.3,68.8,126.5,0.00056,none,0,0,0,500.0,0.01,met,VALID
2025-03-01 16:00:00,GOV-EMERG-001,central,portal-main,573.4,20,0.717,0.1147,normal,none,1.0,False,0.0,10,50,500,5000,11.88,6.52,19230.7,-6.67,230.77,27.4,63.6,162.4,0.0005549999999999999,none,0,0,0,500.0,0.01,met,IMPUTED_MISSING
2025-03-01 18:00:00,GOV-EMERG-001,central,portal-main,416.2,22,0.52,0.0832,normal,none,1.0,False,0.0,10,50,500,5000,10.71,10.92,18430.7,-6.67,221.17,26.9,64.1,148.5,0.00055,none,0,0,0,500.0,0.01,met,VALID
2025-03-01 20:00:00,GOV-EMERG-001,central,portal-main,299.4,13,0.374,0.0599,normal,none,1.0,False,0.0,10,50,500,5000,8.54,6.83,17630.7,-6.67,211.57,28.2,67.9,157.0,0.00162,none,0,0,0,500.0,0.01,met,VALID
2025-03-01 22:00:00,GOV-EMERG-001,central,portal-main,174.8,7,0.219,0.035,normal,none,1.0,False,0.0,10,50,500,5000,3.84,4.0,16830.7,-6.67,201.97,27.6,67.5,156.6,0.00129,none,0,0,0,500.0,0.01,met,IMPUTED_MISSING
2025-03-02 00:00:00,GOV-EMERG-001,central,portal-main,81.8,4,0.102,0.0164,normal,none,1.0,False,0.0,10,50,500,5000,1.0,4.0,16030.7,-6.67,192.37,36.7,81.0,165.3,0.00096,none,0,0,0,500.0,0.01,met,VALID
2025-03-02 02:00:00,GOV-EMERG-001,central,api-data,60.8,4,0.076,0.0122,normal,none,1.0,False,0.0,10,50,500,5000,1.0,4.0,15230.7,-6.67,182.77,32.0,76.1,149.3,0.0015,none,0,0,0,500.0,0.01,met,VALID
2025-03-02 04:00:00,GOV-EMERG-001,central,api-data,49.7,3,0.062,0.0099,normal,none,1.0,False,0.0,10,50,500,5000,1.0,6.65,14430.7,-6.67,173.17,18.1,40.8,76.8,0.00033,none,0,0,0,500.0,0.01,met,VALID
2025-03-02 06:00:00,GOV-EMERG-001,central,portal-main,154.3,7,0.193,0.0309,normal,none,1.0,False,0.0,10,50,500,5000,3.67,4.59,13630.7,-6.67,163.57,25.2,56.4,120.1,0.00031,none,0,0,0,500.0,0.01,met,VALID
2025-03-02 08:00:00,GOV-EMERG-001,central,portal-main,428.9,24,0.536,0.0858,normal,none,1.0,False,0.0,10,50,500,5000,7.06,4.0,12830.7,-6.67,153.97,25.7,58.8,104.7,0.00068,none,0,0,0,500.0,0.01,met,VALID
2025-03-02 10:00:00,GOV-EMERG-001,central,portal-main,589.5,18,0.737,0.1179,normal,none,1.0,False,0.0,10,50,500,5000,8.51,7.5,12030.7,-6.67,144.37,33.5,75.1,184.1,0.00133,none,0,0,0,500.0,0.01,met,VALID
2025-03-02 12:00:00,GOV-EMERG-001,central,portal-main,518.2,23,0.648,0.1036,normal,none,1.0,False,0.0,10,50,500,5000,9.78,8.05,11230.7,-6.67,134.77,26.6,53.7,149.2,0.001,none,0,0,0,500.0,0.01,met,VALID
2025-03-02 14:00:00,GOV-EMERG-001,central,api-data,616.6,27,0.771,0.1233,normal,none,1.0,False,0.0,10,50,500,5000,11.17,4.66,10430.7,-6.67,125.17,30.4,74.3,134.5,0.00093,none,0,0,0,500.0,0.01,met,VALID
2025-03-02 16:00:00,GOV-EMERG-001,central,portal-main,520.9,26,0.651,0.1042,normal,none,1.0,False,0.0,10,50,500,5000,7.12,4.0,9630.7,-6.67,115.57,18.6,43.6,92.4,0.00048,none,0,0,0,500.0,0.01,met,VALID
2025-03-02 18:00:00,GOV-EMERG-001,central,portal-main,379.1,18,0.474,0.0758,normal,none,1.0,False,0.0,10,50,500,5000,3.7,4.0,8830.7,-6.67,105.97,21.0,43.7,112.2,0.00095,none,0,0,0,500.0,0.01,met,VALID
2025-03-02 20:00:00,GOV-EMERG-001,central,status-page,285.0,14,0.356,0.057,normal,none,1.0,False,0.0,10,50,500,5000,3.73,4.0,8030.7,-6.67,96.37,34.9,75.2,191.3,0.00074,none,0,0,0,500.0,0.01,met,VALID
2025-03-02 22:00:00,GOV-EMERG-001,central,portal-main,160.6,8,0.201,0.0321,normal,none,1.0,False,0.0,10,50,500,5000,3.34,4.0,7230.7,-6.67,86.77,26.0,61.6,154.6,0.00063,none,0,0,0,500.0,0.01,met,VALID
2025-03-03 00:00:00,GOV-EMERG-001,central,portal-main,116.5,6,0.146,0.0233,normal,none,1.0,False,0.0,10,50,500,5000,1.0,4.42,6430.7,-6.67,77.17,21.6,49.9,95.1,0.0006,none,0,0,0,500.0,0.01,met,VALID
2025-03-03 02:00:00,GOV-EMERG-001,central,api-data,86.5,5,0.108,0.0173,normal,none,1.0,False,0.0,10,50,500,5000,2.07,8.33,5630.7,-6.67,67.57,26.4,64.3,118.7,0.00108,none,0,0,0,500.0,0.01,met,VALID
2025-03-03 04:00:00,GOV-EMERG-001,central,portal-main,66.8,3,0.083,0.0134,normal,none,1.0,False,0.0,10,50,500,5000,1.0,4.0,4830.7,-6.67,57.97,21.1,48.5,120.6,0.00071,none,0,0,0,500.0,0.01,met,VALID
2025-03-03 06:00:00,GOV-EMERG-001,central,portal-main,196.4,9,0.246,0.0393,normal,none,1.0,False,0.0,10,50,500,5000,1.0,4.0,4030.7,-6.67,48.37,24.9,62.4,104.4,0.001,none,0,0,0,500.0,0.01,met,VALID
2025-03-03 08:00:00,GOV-EMERG-001,central,portal-main,568.0,30,0.71,0.1136,normal,none,1.0,False,0.0,10,50,500,5000,12.54,4.83,3230.7,-6.67,38.77,22.4,45.8,124.8,0.00029,none,0,0,0,500.0,0.01,met,VALID
2025-03-03 10:00:00,GOV-EMERG-001,central,status-page,806.2,46,1.008,0.1612,normal,none,1.0,False,0.0,10,50,500,5000,14.42,9.77,2430.7,-6.67,29.17,26.6,63.1,113.7,0.0012,none,0,0,0,500.0,0.01,met,VALID
2025-03-03 12:00:00,GOV-EMERG-001,central,portal-main,621.2,28,0.777,0.1242,normal,none,1.0,False,0.0,10,50,500,5000,10.88,7.04,1630.7,-6.67,19.57,26.9,59.8,132.5,0.0011,none,0,0,0,500.0,0.01,met,VALID
2025-03-03 14:00:00,GOV-EMERG-001,central,portal-main,763.7,38,0.955,0.1527,normal,none,1.0,False,0.0,10,50,500,5000,12.07,15.45,830.7,-6.67,9.97,34.0,74.2,176.2,0.00091,none,0,0,0,500.0,0.01,met,VALID
2025-03-03 16:00:00,GOV-EMERG-001,central,portal-main,678.3,40,0.848,0.1357,normal,none,1.0,False,0.0,10,50,500,5000,11.57,8.7,30.7,-6.67,0.37,30.8,79.0,170.4,0.00106,none,0,0,0,500.0,0.01,met,VALID
2025-03-03 18:00:00,GOV-EMERG-001,central,portal-main,510.7,21,0.638,0.1021,normal,none,1.0,False,0.0,10,50,500,5000,6.73,6.16,0.0,-0.26,0.0,30.4,76.5,128.6,0.00137,none,0,0,0,500.0,0.01,met,VALID
2025-03-03 20:00:00,GOV-EMERG-001,central,portal-main,364.4,24,0.455,0.0729,normal,none,1.0,False,0.0,10,50,500,5000,4.93,4.0,0.0,0.0,0.0,26.9,56.7,151.7,0.00042,none,0,0,0,500.0,0.01,met,VALID
2025-03-03 22:00:00,GOV-EMERG-001,central,portal-main,236.7,9,0.296,0.0473,normal,none,1.0,False,0.0,10,50,500,5000,1.46,4.0,0.0,0.0,0.0,29.5,60.1,168.4,0.00103,none,0,0,0,500.0,0.01,met,VALID
2025-03-04 00:00:00,GOV-EMERG-001,central,portal-main,118.1,6,0.148,0.0236,normal,none,1.0,False,0.0,10,50,500,5000,4.34,4.0,0.0,0.0,0.0,22.1,55.7,123.5,0.00048,none,0,0,0,500.0,0.01,met,IMPUTED_MISSING
2025-03-04 02:00:00,GOV-EMERG-001,central,portal-main,75.8,3,0.095,0.0152,normal,none,1.0,False,0.0,10,50,500,5000,1.0,4.0,0.0,0.0,0.0,22.5,47.2,131.9,0.00104,none,0,0,0,500.0,0.01,met,VALID
2025-03-04 04:00:00,GOV-EMERG-001,central,api-data,65.0,4,0.081,0.013,normal,none,1.0,False,0.0,10,50,500,5000,2.28,4.0,0.0,0.0,0.0,27.0,68.9,154.9,0.0009,none,0,0,0,500.0,0.01,met,VALID
2025-03-04 06:00:00,GOV-EMERG-001,central,portal-main,196.7,9,0.246,0.0393,normal,none,1.0,False,0.0,10,50,500,5000,5.72,11.54,0.0,0.0,0.0,27.55,54.0,137.9,0.00099,none,0,0,0,500.0,0.01,met,IMPUTED_MISSING
2025-03-04 08:00:00,GOV-EMERG-001,central,api-data,555.6,25,0.694,0.1111,normal,none,1.0,False,0.0,10,50,500,5000,11.02,7.48,0.0,0.0,0.0,28.1,63.1,144.8,0.00134,none,0,0,0,500.0,0.01,met,VALID
2025-03-04 10:00:00,GOV-EMERG-001,central,portal-main,788.3,37,0.985,0.1577,normal,none,1.0,False,0.0,10,50,500,5000,14.86,6.11,0.0,0.0,0.0,29.0,58.8,163.0,0.00133,none,0,0,0,500.0,0.01,met,VALID
2025-03-04 12:00:00,GOV-EMERG-001,central,portal-main,800.7,41,1.001,0.1601,normal,none,1.0,False,0.0,10,50,500,5000,10.53,4.0,0.0,0.0,0.0,34.8,80.8,207.0,0.00143,none,0,0,0,500.0,0.01,met,VALID
2025-03-04 14:00:00,GOV-EMERG-001,central,api-data,710.4,34,0.888,0.1421,normal,none,1.0,False,0.0,10,50,500,5000,8.03,4.0,0.0,0.0,0.0,34.4,70.15,181.3,0.00084,none,0,0,0,500.0,0.01,met,IMPUTED_MISSING
2025-03-04 16:00:00,GOV-EMERG-001,central,api-data,666.8,33,0.833,0.1334,normal,none,1.0,False,0.0,10,50,500,5000,9.2,4.0,0.0,0.0,0.0,26.3,59.5,118.2,0.00128,none,0,0,0,500.0,0.01,met,VALID
2025-03-04 18:00:00,GOV-EMERG-001,central,portal-main,519.9,13,0.65,0.104,normal,none,1.0,False,0.0,10,50,500,5000,9.74,4.94,0.0,0.0,0.0,20.9,53.2,93.8,0.0012,none,0,0,0,500.0,0.01,met,VALID
2025-03-04 20:00:00,GOV-EMERG-001,central,status-page,345.9,17,0.432,0.0692,normal,none,1.0,False,0.0,10,50,500,5000,6.54,4.0,0.0,0.0,0.0,24.0,51.7,134.3,0.00085,none,0,0,0,500.0,0.01,met,VALID
2025-03-04 22:00:00,GOV-EMERG-001,central,portal-main,234.1,12,0.293,0.0468,normal,none,1.0,False,0.0,10,50,500,5000,1.0,4.0,0.0,0.0,0.0,22.6,53.9,135.4,0.00105,none,0,0,0,500.0,0.01,met,VALID
2025-03-05 00:00:00,GOV-EMERG-001,central,portal-main,124.9,7,0.156,0.025,normal,none,1.0,False,0.0,10,50,500,5000,1.0,4.0,0.0,0.0,0.0,29.0,61.4,128.1,0.00095,none,0,0,0,500.0,0.01,met,VALID
2025-03-05 02:00:00,GOV-EMERG-001,central,status-page,79.8,5,0.1,0.016,normal,none,1.0,False,0.0,10,50,500,5000,2.51,6.7,0.0,0.0,0.0,29.1,68.8,172.8,0.00156,none,0,0,0,500.0,0.01,met,VALID
2025-03-05 04:00:00,GOV-EMERG-001,central,portal-main,63.1,3,0.079,0.0126,normal,none,1.0,False,0.0,10,50,500,5000,2.8,4.2,0.0,0.0,0.0,21.2,46.1,96.2,0.00132,none,0,0,0,500.0,0.01,met,VALID
2025-03-05 06:00:00,GOV-EMERG-001,central,api-data,198.9,11,0.249,0.0398,normal,none,1.0,False,0.0,10,50,500,5000,3.38,5.98,0.0,0.0,0.0,23.0,55.4,111.1,0.00087,none,0,0,0,500.0,0.01,met,VALID
2025-03-05 08:00:00,GOV-EMERG-001,central,portal-main,557.1,23,0.696,0.1114,normal,none,1.0,False,0.0,10,50,500,5000,6.89,7.36,0.0,0.0,0.0,22.2,54.7,129.2,0.00084,none,0,0,0,500.0,0.01,met,VALID
2025-03-05 10:00:00,GOV-EMERG-001,central,api-data,796.9,45,0.996,0.1594,normal,none,1.0,False,0.0,10,50,500,5000,13.84,4.0,0.0,0.0,0.0,30.3,76.6,179.4,0.00138,none,0,0,0,500.0,0.01,met,VALID
2025-03-05 12:00:00,GOV-EMERG-001,central,portal-main,713.2,32,0.892,0.1426,normal,none,1.0,False,0.0,10,50,500,5000,6.02,5.04,0.0,0.0,0.0,29.0,73.9,148.8,0.00154,none,0,0,0,500.0,0.01,met,VALID
2025-03-05 14:00:00,GOV-EMERG-001,central,portal-main,810.1,33,1.013,0.162,normal,none,1.0,False,0.0,10,50,500,5000,11.83,5.62,0.0,0.0,0.0,33.0,70.8,194.6,0.0014,none,0,0,0,500.0,0.01,met,IMPUTED_MISSING
2025-03-05 16:00:00,GOV-EMERG-001,central,portal-main,705.6,34,0.882,0.1411,normal,none,1.0,False,0.0,10,50,500,5000,10.74,4.0,0.0,0.0,0.0,31.55,64.6,176.8,0.00126,none,0,0,0,500.0,0.01,met,IMPUTED_MISSING
2025-03-05 18:00:00,GOV-EMERG-001,central,portal-main,488.0,30,0.61,0.0976,normal,none,1.0,False,0.0,10,50,500,5000,2.74,4.62,0.0,0.0,0.0,30.1,57.449999999999996,172.8,0.00152,none,0,0,0,500.0,0.01,met,IMPUTED_MISSING
2025-03-05 20:00:00,GOV-EMERG-001,central,portal-main,341.1,18,0.426,0.0682,normal,none,1.0,False,0.0,10,50,500,5000,3.13,4.98,0.0,0.0,0.0,20.7,50.3,118.5,0.00093,none,0,0,0,500.0,0.01,met,VALID
2025-03-05 22:00:00,GOV-EMERG-001,central,portal-main,204.4,12,0.256,0.0409,normal,none,1.0,False,0.0,10,50,500,5000,3.39,4.0,0.0,0.0,0.0,23.6,49.8,112.4,0.00103,none,0,0,0,500.0,0.01,met,IMPUTED_MISSING
2025-03-06 00:00:00,GOV-EMERG-001,central,portal-main,125.2,5,0.156,0.025,normal,none,1.0,False,0.0,10,50,500,5000,1.01,6.31,0.0,0.0,0.0,29.4,73.0,119.6,0.00119,none,0,0,0,500.0,0.01,met,VALID
2025-03-06 02:00:00,GOV-EMERG-001,central,portal-main,81.0,5,0.101,0.0162,normal,none,1.0,False,0.0,10,50,500,5000,4.95,4.0,0.0,0.0,0.0,23.3,60.0,100.7,0.00083,none,0,0,0,500.0,0.01,met,VALID
2025-03-06 04:00:00,GOV-EMERG-001,central,portal-main,65.6,3,0.082,0.0131,normal,none,1.0,False,0.0,10,50,500,5000,1.09,4.0,0.0,0.0,0.0,18.8,39.3,78.1,0.00168,none,0,0,0,500.0,0.01,met,VALID
2025-03-06 06:00:00,GOV-EMERG-001,central,api-data,185.7,10,0.232,0.0371,normal,none,1.0,False,0.0,10,50,500,5000,1.0,4.0,0.0,0.0,0.0,29.2,63.4,130.9,0.00082,none,0,0,0,500.0,0.01,met,VALID
2025-03-06 08:00:00,GOV-EMERG-001,central,api-data,480.65000000000003,32,0.601,0.0961,normal,none,1.0,False,0.0,10,50,500,5000,6.29,5.45,0.0,0.0,0.0,26.2,60.6,107.6,0.00102,none,0,0,0,500.0,0.01,met,IMPUTED_MISSING
2025-03-06 10:00:00,GOV-EMERG-001,central,api-data,775.6,43,0.97,0.1551,normal,none,1.0,False,0.0,10,50,500,5000,10.66,4.0,0.0,0.0,0.0,33.8,76.4,154.1,0.00177,none,0,0,0,500.0,0.01,met,VALID
2025-03-06 12:00:00,GOV-EMERG-001,central,portal-main,726.1,38,0.908,0.1452,normal,none,1.0,False,0.0,10,50,500,5000,7.55,5.64,0.0,0.0,0.0,29.2,69.0,151.1,0.00026,none,0,0,0,500.0,0.01,met,IMPUTED_MISSING
2025-03-06 14:00:00,GOV-EMERG-001,central,api-data,834.2,37,1.043,0.1668,normal,none,1.0,False,0.0,10,50,500,5000,12.85,12.78,0.0,0.0,0.0,28.9,61.6,123.7,0.00109,none,0,0,0,500.0,0.01,met,VALID
2025-03-06 16:00:00,GOV-EMERG-001,central,portal-main,646.4,37,0.808,0.1293,normal,none,1.0,False,0.0,10,50,500,5000,12.08,6.22,0.0,0.0,0.0,34.2,86.6,158.2,0.00074,none,0,0,0,500.0,0.01,met,VALID
2025-03-06 18:00:00,GOV-EMERG-001,central,portal-main,505.8,33,0.632,0.1012,normal,none,1.0,False,0.0,10,50,500,5000,8.42,4.14,0.0,0.0,0.0,22.6,54.5,100.5,0.001,none,0,0,0,500.0,0.01,met,VALID
2025-03-06 20:00:00,GOV-EMERG-001,central,portal-main,363.2,16,0.454,0.0726,normal,none,1.0,False,0.0,10,50,500,5000,5.72,4.55,0.0,0.0,0.0,32.7,68.4,137.0,0.00052,none,0,0,0,500.0,0.01,met,VALID
2025-03-06 22:00:00,GOV-EMERG-001,central,api-data,256.0,9,0.32,0.0512,normal,none,1.0,False,0.0,10,50,500,5000,1.0,4.0,0.0,0.0,0.0,23.8,47.6,127.3,0.00085,none,0,0,0,500.0,0.01,met,VALID
2025-03-07 00:00:00,GOV-EMERG-001,southeast,portal-main,115.7,6,0.145,0.0231,breaking_news,high,1.0,False,480.0,10,50,500,5000,1.39,4.0,0.0,0.0,0.0,26.2,64.5,151.8,0.00101,none,0,0,0,500.0,0.01,met,VALID
2025-03-07 02:00:00,GOV-EMERG-001,southeast,portal-main,435.1,21,0.544,0.087,breaking_news,high,1.0,False,480.0,10,50,500,5000,5.46,5.21,0.0,0.0,0.0,28.1,56.4,152.5,0.0011,none,0,0,0,500.0,0.01,met,VALID
2025-03-07 04:00:00,GOV-EMERG-001,southeast,status-page,332.1,16,0.415,0.0664,breaking_news,high,1.0,False,480.0,10,50,500,5000,4.18,4.0,0.0,0.0,0.0,25.1,63.4,134.6,0.00136,none,0,0,0,500.0,0.01,met,VALID
2025-03-07 06:00:00,GOV-EMERG-001,southeast,portal-main,988.4,54,1.236,0.1977,breaking_news,high,1.0,False,480.0,10,50,500,5000,14.83,11.38,0.0,0.0,0.0,28.1,65.2,167.7,7e-05,none,0,0,0,500.0,0.01,met,VALID
2025-03-07 08:00:00,GOV-EMERG-001,central,portal-main,505.7,23,0.632,0.1011,normal,none,1.0,False,0.0,10,50,500,5000,8.33,7.81,0.0,0.0,0.0,26.3,67.4,143.8,0.00095,none,0,0,0,500.0,0.01,met,VALID
2025-03-07 10:00:00,GOV-EMERG-001,central,status-page,569.25,38,0.712,0.1138,normal,none,1.0,False,0.0,10,50,500,5000,11.6,9.35,0.0,0.0,0.0,25.7,63.3,105.3,0.00093,none,0,0,0,500.0,0.01,met,IMPUTED_MISSING
2025-03-07 12:00:00,GOV-EMERG-001,central,portal-main,632.8,31,0.791,0.1266,normal,none,1.0,False,0.0,10,50,500,5000,11.35,7.21,0.0,0.0,0.0,36.5,92.5,161.8,0.00097,none,0,0,0,500.0,0.01,met,VALID
2025-03-07 14:00:00,GOV-EMERG-001,central,portal-main,820.8,51,1.026,0.1642,normal,none,1.0,False,0.0,10,50,500,5000,13.78,8.75,0.0,0.0,0.0,28.0,68.5,147.6,0.00101,none,0,0,0,500.0,0.01,met,VALID
2025-03-07 16:00:00,GOV-EMERG-001,central,api-data,652.5,33,0.816,0.1305,normal,none,1.0,False,0.0,10,50,500,5000,6.18,4.0,0.0,0.0,0.0,33.4,78.3,176.2,0.00067,none,0,0,0,500.0,0.01,met,VALID
2025-03-07 18:00:00,GOV-EMERG-001,central,api-data,428.5,17,0.536,0.0857,normal,none,1.0,False,0.0,10,50,500,5000,7.73,4.0,0.0,0.0,0.0,31.5,66.2,178.2,0.00038,none,0,0,0,500.0,0.01,met,VALID
2025-03-07 20:00:00,GOV-EMERG-001,central,portal-main,336.2,13,0.42,0.0672,normal,none,1.0,False,0.0,10,50,500,5000,1.0,6.58,0.0,0.0,0.0,28.3,68.8,122.0,0.00109,none,0,0,0,500.0,0.01,met,VALID
2025-03-07 22:00:00,GOV-EMERG-001,central,portal-main,219.8,11,0.275,0.044,normal,none,1.0,False,0.0,10,50,500,5000,3.06,4.63,0.0,0.0,0.0,25.6,60.3,152.7,0.0006,none,0,0,0,500.0,0.01,met,VALID
2025-03-08 00:00:00,GOV-EMERG-001,central,portal-main,94.9,4,0.119,0.019,normal,none,1.0,False,0.0,10,50,500,5000,1.61,4.0,0.0,0.0,0.0,26.3,59.7,132.2,0.00116,none,0,0,0,500.0,0.01,met,VALID
2025-03-08 02:00:00,GOV-EMERG-001,central,portal-main,66.3,2,0.083,0.0133,normal,none,1.0,False,0.0,10,50,500,5000,2.27,4.0,0.0,0.0,0.0,27.6,64.5,161.4,0.00063,none,0,0,0,500.0,0.01,met,VALID
2025-03-08 04:00:00,GOV-EMERG-001,central,portal-main,49.0,3,0.061,0.0098,normal,none,1.0,False,0.0,10,50,500,5000,1.0,4.0,0.0,0.0,0.0,25.6,54.9,129.8,0.00128,none,0,0,0,500.0,0.01,met,VALID
2025-03-08 06:00:00,GOV-EMERG-001,central,portal-main,149.6,8,0.187,0.0299,normal,none,1.0,False,0.0,10,50,500,5000,5.53,7.96,0.0,0.0,0.0,19.5,43.7,85.3,0.00098,none,0,0,0,500.0,0.01,met,VALID
2025-03-08 08:00:00,GOV-EMERG-001,central,api-data,446.4,21,0.558,0.0893,normal,none,1.0,False,0.0,10,50,500,5000,8.5,6.5,0.0,0.0,0.0,20.2,41.9,94.9,0.00101,none,0,0,0,500.0,0.01,met,VALID
2025-03-08 10:00:00,GOV-EMERG-001,central,api-data,641.0,34,0.801,0.1282,normal,none,1.0,False,0.0,10,50,500,5000,8.89,4.43,0.0,0.0,0.0,34.7,78.0,154.2,0.0009,none,0,0,0,500.0,0.01,met,VALID
2025-03-08 12:00:00,GOV-EMERG-001,central,portal-main,566.0,29,0.708,0.1132,normal,none,1.0,False,0.0,10,50,500,5000,8.95,6.83,0.0,0.0,0.0,17.7,40.3,79.9,0.00084,none,0,0,0,500.0,0.01,met,VALID
2025-03-08 14:00:00,GOV-EMERG-001,central,portal-main,679.3,37,0.849,0.1359,normal,none,1.0,False,0.0,10,50,500,5000,8.33,5.54,0.0,0.0,0.0,29.7,74.7,171.8,0.00091,none,0,0,0,500.0,0.01,met,VALID
2025-03-08 16:00:00,GOV-EMERG-001,central,portal-main,520.9,29,0.651,0.1042,normal,none,1.0,False,0.0,10,50,500,5000,9.4,11.49,0.0,0.0,0.0,27.0,62.5,128.2,0.00147,none,0,0,0,500.0,0.01,met,VALID
2025-03-08 18:00:00,GOV-EMERG-001,central,api-data,422.5,12,0.528,0.0845,normal,none,1.0,False,0.0,10,50,500,5000,8.96,4.35,0.0,0.0,0.0,28.0,71.1,122.0,0.00039,none,0,0,0,500.0,0.01,met,VALID
2025-03-08 20:00:00,GOV-EMERG-001,central,portal-main,289.0,14,0.361,0.0578,normal,none,1.0,False,0.0,10,50,500,5000,4.17,6.66,0.0,0.0,0.0,22.0,56.7,103.9,0.00074,none,0,0,0,500.0,0.01,met,VALID
2025-03-08 22:00:00,GOV-EMERG-001,central,portal-main,165.3,9,0.207,0.0331,normal,none,1.0,False,0.0,10,50,500,5000,5.17,5.7,0.0,0.0,0.0,27.3,55.3,142.7,0.00142,none,0,0,0,500.0,0.01,met,VALID
2025-03-09 00:00:00,GOV-EMERG-001,central,portal-main,84.1,4,0.105,0.0168,normal,none,1.0,False,0.0,10,50,500,5000,3.44,4.0,0.0,0.0,0.0,26.3,61.9,115.6,0.00133,none,0,0,0,500.0,0.01,met,VALID
2025-03-09 02:00:00,GOV-EMERG-001,central,portal-main,60.0,3,0.075,0.012,normal,none,1.0,False,0.0,10,50,500,5000,2.47,4.0,0.0,0.0,0.0,36.3,79.2,149.1,0.00154,none,0,0,0,500.0,0.01,met,VALID
2025-03-09 04:00:00,GOV-EMERG-001,central,api-data,52.8,3,0.066,0.0106,normal,none,1.0,False,0.0,10,50,500,5000,1.0,4.0,0.0,0.0,0.0,25.8,64.7,148.1,0.00098,none,0,0,0,500.0,0.01,met,IMPUTED_MISSING
2025-03-09 06:00:00,GOV-EMERG-001,central,api-data,154.3,8,0.193,0.0309,normal,none,1.0,False,0.0,10,50,500,5000,1.0,4.0,0.0,0.0,0.0,31.2,71.6,139.7,0.00047,none,0,0,0,500.0,0.01,met,VALID
2025-03-09 08:00:00,GOV-EMERG-001,central,portal-main,383.8,24,0.48,0.0768,normal,none,1.0,False,0.0,10,50,500,5000,2.95,4.0,0.0,0.0,0.0,21.1,43.2,123.8,0.00056,none,0,0,0,500.0,0.01,met,VALID
2025-03-09 10:00:00,GOV-EMERG-001,central,api-data,510.0,30,0.638,0.102,normal,none,1.0,False,0.0,10,50,500,5000,6.715,4.0,0.0,0.0,0.0,31.9,68.0,130.7,0.00088,none,0,0,0,500.0,0.01,met,IMPUTED_MISSING
2025-03-09 12:00:00,GOV-EMERG-001,central,status-page,559.8,27,0.7,0.112,normal,none,1.0,False,0.0,10,50,500,5000,10.48,6.44,0.0,0.0,0.0,29.1,69.9,154.1,0.0013,none,0,0,0,500.0,0.01,met,VALID
2025-03-09 14:00:00,GOV-EMERG-001,central,portal-main,597.1,29,0.746,0.1194,normal,none,1.0,False,0.0,10,50,500,5000,8.98,5.93,0.0,0.0,0.0,29.5,60.3,157.1,0.0009,none,0,0,0,500.0,0.01,met,VALID
2025-03-09 16:00:00,GOV-EMERG-001,central,portal-main,484.95000000000005,14,0.606,0.097,normal,none,1.0,False,0.0,10,50,500,5000,12.84,11.95,0.0,0.0,0.0,29.2,64.9,125.7,0.00087,none,0,0,0,500.0,0.01,met,IMPUTED_MISSING
2025-03-09 18:00:00,GOV-EMERG-001,central,portal-main,372.8,18,0.466,0.0746,normal,none,1.0,False,0.0,10,50,500,5000,1.0,4.0,0.0,0.0,0.0,33.8,60.150000000000006,180.4,0.00116,none,0,0,0,500.0,0.01,met,IMPUTED_MISSING
2025-03-09 20:00:00,GOV-EMERG-001,central,api-data,274.7,11,0.343,0.0549,normal,none,1.0,False,0.0,10,50,500,5000,10.6,10.94,0.0,0.0,0.0,27.5,55.4,131.2,0.00101,none,0,0,0,500.0,0.01,met,VALID
2025-03-09 22:00:00,GOV-EMERG-001,central,portal-main,175.1,9,0.219,0.035,normal,none,1.0,False,0.0,10,50,500,5000,5.58,4.0,0.0,0.0,0.0,22.8,55.1,108.5,0.00082,none,0,0,0,500.0,0.01,met,VALID
2025-03-10 00:00:00,GOV-EMERG-001,central,portal-main,117.3,6,0.147,0.0235,normal,none,1.0,False,0.0,10,50,500,5000,1.0,4.0,0.0,0.0,0.0,25.75,55.7,133.2,0.0006,none,0,0,0,500.0,0.01,met,IMPUTED_MISSING
2025-03-10 02:00:00,GOV-EMERG-001,central,portal-main,78.3,4,0.098,0.0157,normal,none,1.0,False,0.0,10,50,500,5000,1.0,4.0,0.0,0.0,0.0,28.7,62.9,169.3,0.00138,none,0,0,0,500.0,0.01,met,VALID
2025-03-10 04:00:00,GOV-EMERG-001,central,api-data,64.1,4,0.08,0.0128,normal,none,1.0,False,0.0,10,50,500,5000,1.0,4.0,0.0,0.0,0.0,27.1,56.1,117.7,0.00142,none,0,0,0,500.0,0.01,met,VALID
2025-03-10 06:00:00,GOV-EMERG-001,central,portal-main,205.4,10,0.257,0.0411,normal,none,1.0,False,0.0,10,50,500,5000,2.14,4.0,0.0,0.0,0.0,19.9,41.1,107.1,0.00058,none,0,0,0,500.0,0.01,met,VALID
2025-03-10 08:00:00,GOV-EMERG-001,central,api-data,559.6,39,0.7,0.1119,normal,none,1.0,False,0.0,10,50,500,5000,8.28,6.12,0.0,0.0,0.0,30.2,78.0,130.2,0.00084,none,0,0,0,500.0,0.01,met,VALID
2025-03-10 10:00:00,GOV-EMERG-001,central,portal-main,839.0,44,1.049,0.1678,normal,none,1.0,False,0.0,10,50,500,5000,11.17,7.47,0.0,0.0,0.0,25.7,61.9,104.6,0.0006900000000000001,none,0,0,0,500.0,0.01,met,IMPUTED_MISSING
2025-03-10 12:00:00,GOV-EMERG-001,central,status-page,703.4,27,0.879,0.1407,normal,none,1.0,False,0.0,10,50,500,5000,7.06,9.18,0.0,0.0,0.0,30.8,68.7,132.6,0.00054,none,0,0,0,500.0,0.01,met,VALID
2025-03-10 14:00:00,GOV-EMERG-001,central,portal-main,746.9,34,0.934,0.1494,normal,none,1.0,False,0.0,10,50,500,5000,10.25,8.03,0.0,0.0,0.0,26.2,65.4,137.9,0.00115,none,0,0,0,500.0,0.01,met,VALID
2025-03-10 16:00:00,GOV-EMERG-001,central,portal-main,747.2,35,0.934,0.1494,normal,none,1.0,False,0.0,10,50,500,5000,8.69,8.32,0.0,0.0,0.0,28.3,58.3,154.1,0.00087,none,0,0,0,500.0,0.01,met,IMPUTED_MISSING
2025-03-10 18:00:00,GOV-EMERG-001,central,api-data,504.3,28,0.63,0.1009,normal,none,1.0,False,0.0,10,50,500,5000,12.32,8.61,0.0,0.0,0.0,25.6,53.2,128.5,0.00051,none,0,0,0,500.0,0.01,met,VALID
2025-03-10 20:00:00,GOV-EMERG-001,central,status-page,349.8,15,0.437,0.07,normal,none,1.0,False,0.0,10,50,500,5000,8.9,6.26,0.0,0.0,0.0,33.0,69.8,194.6,0.00171,none,0,0,0,500.0,0.01,met,VALID
2025-03-10 22:00:00,GOV-EMERG-001,central,portal-main,223.3,11,0.279,0.0447,normal,none,1.0,False,0.0,10,50,500,5000,6.39,4.0,0.0,0.0,0.0,27.8,68.3,153.6,0.00086,none,0,0,0,500.0,0.01,met,VALID
2025-03-11 00:00:00,GOV-EMERG-001,central,portal-main,120.4,6,0.15,0.0241,normal,none,1.0,False,0.0,10,50,500,5000,1.0,4.0,0.0,0.0,0.0,30.7,68.8,132.6,0.00121,none,0,0,0,500.0,0.01,met,VALID
2025-03-11 02:00:00,GOV-EMERG-001,central,api-data,78.5,4,0.098,0.0157,normal,none,1.0,False,0.0,10,50,500,5000,3.94,4.0,0.0,0.0,0.0,37.0,88.2,163.3,0.00055,none,0,0,0,500.0,0.01,met,VALID
2025-03-11 04:00:00,GOV-EMERG-001,central,api-data,63.9,4,0.08,0.0128,normal,none,1.0,False,0.0,10,50,500,5000,1.0,4.0,0.0,0.0,0.0,25.5,54.6,132.5,0.00162,none,0,0,0,500.0,0.01,met,VALID
2025-03-11 06:00:00,GOV-EMERG-001,central,portal-main,199.6,11,0.25,0.0399,normal,none,1.0,False,0.0,10,50,500,5000,3.62,4.0,0.0,0.0,0.0,32.0,79.0,149.6,0.00178,none,0,0,0,500.0,0.01,met,VALID
2025-03-11 08:00:00,GOV-EMERG-001,central,portal-main,564.9,34,0.706,0.113,normal,none,1.0,False,0.0,10,50,500,5000,7.28,6.26,0.0,0.0,0.0,25.4,77.85,101.6,0.0004,none,0,0,0,500.0,0.01,met,IMPUTED_MISSING
2025-03-11 10:00:00,GOV-EMERG-001,central,api-data,705.7,33,0.882,0.1411,normal,none,1.0,False,0.0,10,50,500,5000,9.66,5.19,0.0,0.0,0.0,34.1,76.7,138.2,0.00093,none,0,0,0,500.0,0.01,met,VALID
2025-03-11 12:00:00,GOV-EMERG-001,central,api-data,787.7,47,0.985,0.1575,normal,none,1.0,False,0.0,10,50,500,5000,12.13,7.72,0.0,0.0,0.0,26.4,56.2,127.4,0.00153,none,0,0,0,500.0,0.01,met,VALID
2025-03-11 14:00:00,GOV-EMERG-001,central,api-data,794.1,31,0.993,0.1588,normal,none,1.0,False,0.0,10,50,500,5000,10.05,7.91,0.0,0.0,0.0,29.6,70.5,149.6,0.00081,none,0,0,0,500.0,0.01,met,VALID
2025-03-11 16:00:00,GOV-EMERG-001,central,portal-main,699.7,27,0.875,0.1399,normal,none,1.0,False,0.0,10,50,500,5000,8.27,9.15,0.0,0.0,0.0,31.2,67.2,165.6,0.00116,none,0,0,0,500.0,0.01,met,VALID
2025-03-11 18:00:00,GOV-EMERG-001,central,portal-main,484.2,19,0.605,0.0968,normal,none,1.0,False,0.0,10,50,500,5000,8.29,4.35,0.0,0.0,0.0,30.5,63.6,168.3,0.00033,none,0,0,0,500.0,0.01,met,VALID
2025-03-11 20:00:00,GOV-EMERG-001,central,status-page,351.5,18,0.439,0.0703,normal,none,1.0,False,0.0,10,50,500,5000,1.62,4.0,0.0,0.0,0.0,21.8,51.7,129.4,0.00068,none,0,0,0,500.0,0.01,met,VALID
2025-03-11 22:00:00,GOV-EMERG-001,central,api-data,216.5,13,0.271,0.0433,normal,none,1.0,False,0.0,10,50,500,5000,1.31,4.0,0.0,0.0,0.0,22.7,52.3,128.7,0.00112,none,0,0,0,500.0,0.01,met,VALID
2025-03-12 00:00:00,GOV-EMERG-001,central,api-data,128.8,6,0.161,0.0258,normal,none,1.0,False,0.0,10,50,500,5000,1.0,4.0,0.0,0.0,0.0,28.1,69.4,132.4,0.00076,none,0,0,0,500.0,0.01,met,VALID
2025-03-12 02:00:00,GOV-EMERG-001,central,portal-main,77.7,4,0.097,0.0155,normal,none,1.0,False,0.0,10,50,500,5000,5.21,8.05,0.0,0.0,0.0,23.9,52.0,121.3,0.00086,none,0,0,0,500.0,0.01,met,VALID
2025-03-12 04:00:00,GOV-EMERG-001,central,portal-main,66.4,3,0.083,0.0133,normal,none,1.0,False,0.0,10,50,500,5000,1.11,4.0,0.0,0.0,0.0,19.7,42.2,87.5,0.00039,none,0,0,0,500.0,0.01,met,VALID
2025-03-12 06:00:00,GOV-EMERG-001,central,api-data,193.5,11,0.242,0.0387,normal,none,1.0,False,0.0,10,50,500,5000,4.05,4.0,0.0,0.0,0.0,25.7,61.3,152.7,0.00126,none,0,0,0,500.0,0.01,met,VALID
2025-03-12 08:00:00,GOV-EMERG-001,central,portal-main,547.3,25,0.684,0.1095,normal,none,1.0,False,0.0,10,50,500,5000,13.02,11.28,0.0,0.0,0.0,27.6,66.8,139.9,0.00046,none,0,0,0,500.0,0.01,met,VALID
2025-03-12 10:00:00,GOV-EMERG-001,central,status-page,790.2,36,0.988,0.158,normal,none,1.0,False,0.0,10,50,500,5000,8.99,4.18,0.0,0.0,0.0,30.4,68.3,136.8,0.00162,none,0,0,0,500.0,0.01,met,VALID
2025-03-12 12:00:00,GOV-EMERG-001,central,portal-main,766.2,30,0.958,0.1532,normal,none,1.0,False,0.0,10,50,500,5000,14.33,7.78,0.0,0.0,0.0,31.6,71.7,172.4,0.00073,none,0,0,0,500.0,0.01,met,VALID
2025-03-12 14:00:00,GOV-EMERG-001,central,api-data,724.4,33,0.906,0.1449,normal,none,1.0,False,0.0,10,50,500,5000,13.93,5.74,0.0,0.0,0.0,31.1,64.5,154.7,0.00132,none,0,0,0,500.0,0.01,met,VALID
2025-03-12 16:00:00,GOV-EMERG-001,central,api-data,635.3,38,0.794,0.1271,normal,none,1.0,False,0.0,10,50,500,5000,8.67,4.62,0.0,0.0,0.0,25.6,58.3,153.2,0.00128,none,0,0,0,500.0,0.01,met,VALID
2025-03-12 18:00:00,GOV-EMERG-001,central,portal-main,469.4,24,0.587,0.0939,normal,none,1.0,False,0.0,10,50,500,5000,11.18,7.39,0.0,0.0,0.0,25.9,66.9,107.7,0.00061,none,0,0,0,500.0,0.01,met,VALID
2025-03-12 20:00:00,GOV-EMERG-001,central,portal-main,340.4,15,0.426,0.0681,normal,none,1.0,False,0.0,10,50,500,5000,7.1,4.0,0.0,0.0,0.0,30.5,63.2,142.6,0.00077,none,0,0,0,500.0,0.01,met,VALID
2025-03-12 22:00:00,GOV-EMERG-001,central,portal-main,214.9,13,0.269,0.043,normal,none,1.0,False,0.0,10,50,500,5000,4.24,4.0,0.0,0.0,0.0,27.25,56.1,140.9,0.00082,none,0,0,0,500.0,0.01,met,IMPUTED_MISSING
2025-03-13 00:00:00,GOV-EMERG-001,central,portal-main,110.3,5,0.138,0.0221,normal,none,1.0,False,0.0,10,50,500,5000,5.45,4.0,0.0,0.0,0.0,24.0,48.2,118.1,0.00065,none,0,0,0,500.0,0.01,met,IMPUTED_MISSING
2025-03-13 02:00:00,GOV-EMERG-001,central,portal-main,1.5,5,0.002,0.0003,normal,none,1.0,False,0.0,10,50,500,5000,1.0,4.0,0.0,0.0,0.0,19.4,42.5,89.6,0.00048,none,0,0,0,500.0,0.01,met,REPAIRED_NEGATIVE
2025-03-13 04:00:00,GOV-EMERG-001,central,portal-main,57.6,4,0.072,0.0115,normal,none,1.0,False,0.0,10,50,500,5000,4.77,4.0,0.0,0.0,0.0,25.2,61.8,131.2,0.00121,none,0,0,0,500.0,0.01,met,VALID
2025-03-13 06:00:00,GOV-EMERG-001,central,status-page,189.8,10,0.237,0.038,normal,none,1.0,False,0.0,10,50,500,5000,4.95,4.0,0.0,0.0,0.0,27.4,64.1,145.8,0.00072,none,0,0,0,500.0,0.01,met,VALID
2025-03-13 08:00:00,GOV-EMERG-001,central,portal-main,593.6,22,0.742,0.1187,normal,none,1.0,False,0.0,10,50,500,5000,9.55,4.09,0.0,0.0,0.0,20.5,41.9,85.7,0.00095,none,0,0,0,500.0,0.01,met,VALID
2025-03-13 10:00:00,GOV-EMERG-001,central,portal-main,816.1,56,1.02,0.1632,normal,none,1.0,False,0.0,10,50,500,5000,10.71,7.75,0.0,0.0,0.0,25.6,58.1,115.7,0.0014,none,0,0,0,500.0,0.01,met,VALID
2025-03-13 12:00:00,GOV-EMERG-001,central,portal-main,726.7,39,0.908,0.1453,normal,none,1.0,False,0.0,10,50,500,5000,14.44,14.95,0.0,0.0,0.0,23.6,48.2,108.8,0.00123,none,0,0,0,500.0,0.01,met,VALID
2025-03-13 14:00:00,GOV-EMERG-001,central,portal-main,759.9,36,0.95,0.152,normal,none,1.0,False,0.0,10,50,500,5000,15.25,10.31,0.0,0.0,0.0,32.6,72.6,146.6,0.00075,none,0,0,0,500.0,0.01,met,VALID
2025-03-13 16:00:00,GOV-EMERG-001,central,portal-main,627.8,36,0.785,0.1256,normal,none,1.0,False,0.0,10,50,500,5000,8.9,4.0,0.0,0.0,0.0,20.9,51.5,99.8,0.00142,none,0,0,0,500.0,0.01,met,VALID
2025-03-13 18:00:00,GOV-EMERG-001,central,portal-main,490.4,27,0.613,0.0981,normal,none,1.0,False,0.0,10,50,500,5000,7.33,4.27,0.0,0.0,0.0,27.4,59.1,128.0,0.00127,none,0,0,0,500.0,0.01,met,VALID
2025-03-13 20:00:00,GOV-EMERG-001,central,api-data,359.2,22,0.449,0.0718,normal,none,1.0,False,0.0,10,50,500,5000,3.14,8.47,0.0,0.0,0.0,29.8,67.7,162.8,0.00072,none,0,0,0,500.0,0.01,met,VALID
2025-03-13 22:00:00,GOV-EMERG-001,central,portal-main,233.7,10,0.292,0.0467,normal,none,1.0,False,0.0,10,50,500,5000,4.65,4.56,0.0,0.0,0.0,27.0,62.1,140.2,0.00079,none,0,0,0,500.0,0.01,met,VALID
2025-03-14 00:00:00,GOV-EMERG-001,central,status-page,119.1,6,0.149,0.0238,normal,none,1.0,False,0.0,10,50,500,5000,7.43,4.0,0.0,0.0,0.0,23.8,59.9,115.9,0.0014,none,0,0,0,500.0,0.01,met,VALID
2025-03-14 02:00:00,GOV-EMERG-001,central,portal-main,78.4,3,0.098,0.0157,normal,none,1.0,False,0.0,10,50,500,5000,7.92,4.05,0.0,0.0,0.0,26.8,55.5,117.9,0.00131,none,0,0,0,500.0,0.01,met,VALID
2025-03-14 04:00:00,GOV-EMERG-001,central,portal-main,134.3,3,0.168,0.0269,normal,none,1.0,False,0.0,10,50,500,5000,1.0,4.0,0.0,0.0,0.0,29.4,68.6,142.5,0.0004,none,0,0,0,500.0,0.01,met,IMPUTED_MISSING
2025-03-14 06:00:00,GOV-EMERG-001,central,api-data,190.2,9,0.238,0.038,normal,none,1.0,False,0.0,10,50,500,5000,1.0,4.08,0.0,0.0,0.0,25.6,51.6,111.5,0.0006,none,0,0,0,500.0,0.01,met,VALID
2025-03-14 08:00:00,GOV-EMERG-001,central,api-data,523.5,27,0.654,0.1047,normal,none,1.0,False,0.0,10,50,500,5000,6.48,4.0,0.0,0.0,0.0,19.0,39.0,112.0,0.00128,none,0,0,0,500.0,0.01,met,VALID
2025-03-14 10:00:00,GOV-EMERG-001,central,portal-main,752.4,37,0.94,0.1505,normal,none,1.0,False,0.0,10,50,500,5000,11.49,4.0,0.0,0.0,0.0,34.0,72.5,147.9,0.00053,none,0,0,0,500.0,0.01,met,VALID
2025-03-14 12:00:00,GOV-EMERG-001,central,portal-main,753.7,36,0.942,0.1507,normal,none,1.0,False,0.0,10,50,500,5000,13.66,5.2,0.0,0.0,0.0,31.0,75.5,177.4,0.00132,none,0,0,0,500.0,0.01,met,VALID
2025-03-14 14:00:00,GOV-EMERG-001,central,portal-main,693.0,30,0.866,0.1386,normal,none,1.0,False,0.0,10,50,500,5000,9.05,4.0,0.0,0.0,0.0,28.9,58.5,151.1,0.00177,none,0,0,0,500.0,0.01,met,VALID
2025-03-14 16:00:00,GOV-EMERG-001,central,portal-main,638.4,36,0.798,0.1277,normal,none,1.0,False,0.0,10,50,500,5000,10.92,6.54,0.0,0.0,0.0,20.7,53.2,116.6,0.00115,none,0,0,0,500.0,0.01,met,VALID
2025-03-14 18:00:00,GOV-EMERG-001,central,portal-main,523.9,33,0.655,0.1048,normal,none,1.0,False,0.0,10,50,500,5000,5.56,4.0,0.0,0.0,0.0,26.7,60.3,154.4,0.00063,none,0,0,0,500.0,0.01,met,VALID
2025-03-14 20:00:00,GOV-EMERG-001,central,portal-main,316.9,14,0.396,0.0634,normal,none,1.0,False,0.0,10,50,500,5000,4.82,4.75,0.0,0.0,0.0,23.2,58.0,130.1,0.00107,none,0,0,0,500.0,0.01,met,VALID
2025-03-14 22:00:00,GOV-EMERG-001,central,portal-main,205.2,11,0.256,0.041,normal,none,1.0,False,0.0,10,50,500,5000,3.47,4.0,0.0,0.0,0.0,21.2,45.2,109.8,0.00141,none,0,0,0,500.0,0.01,met,IMPUTED_MISSING
2025-03-15 00:00:00,GOV-EMERG-001,central,portal-main,93.5,5,0.117,0.0187,normal,none,1.0,False,0.0,10,50,500,5000,6.69,6.43,0.0,0.0,0.0,24.9,54.9,113.0,0.00104,none,0,0,0,500.0,0.01,met,VALID
2025-03-15 02:00:00,GOV-EMERG-001,central,status-page,63.3,4,0.079,0.0127,normal,none,1.0,False,0.0,10,50,500,5000,1.37,4.18,0.0,0.0,0.0,23.2,56.5,123.3,0.00119,none,0,0,0,500.0,0.01,met,IMPUTED_MISSING
2025-03-15 04:00:00,GOV-EMERG-001,central,api-data,47.1,2,0.059,0.0094,normal,none,1.0,False,0.0,10,50,500,5000,1.13,4.0,0.0,0.0,0.0,23.4,52.0,93.7,0.00068,none,0,0,0,500.0,0.01,met,VALID
2025-03-15 06:00:00,GOV-EMERG-001,central,portal-main,164.8,6,0.206,0.033,normal,none,1.0,False,0.0,10,50,500,5000,1.0,4.0,0.0,0.0,0.0,28.8,66.4,137.0,0.00071,none,0,0,0,500.0,0.01,met,VALID
2025-03-15 08:00:00,GOV-EMERG-001,central,portal-main,462.9,20,0.579,0.0926,normal,none,1.0,False,0.0,10,50,500,5000,8.05,4.0,0.0,0.0,0.0,28.6,71.0,163.3,0.00136,none,0,0,0,500.0,0.01,met,VALID
2025-03-15 10:00:00,GOV-EMERG-001,central,portal-main,656.3,21,0.82,0.1313,normal,none,1.0,False,0.0,10,50,500,5000,10.66,4.0,0.0,0.0,0.0,26.8,64.1,138.3,0.00072,none,0,0,0,500.0,0.01,met,VALID
2025-03-15 12:00:00,GOV-EMERG-001,central,portal-main,550.9,34,0.689,0.1102,normal,none,1.0,False,0.0,10,50,500,5000,5.5,4.0,0.0,0.0,0.0,25.6,64.1,115.8,0.0,none,0,0,0,500.0,0.01,met,VALID
2025-03-15 14:00:00,GOV-EMERG-001,central,api-data,642.8,30,0.804,0.1286,normal,none,1.0,False,0.0,10,50,500,5000,11.26,7.56,0.0,0.0,0.0,26.9,55.1,155.4,0.00088,none,0,0,0,500.0,0.01,met,IMPUTED_MISSING
2025-03-15 16:00:00,GOV-EMERG-001,central,api-data,519.5,26,0.649,0.1039,normal,none,1.0,False,0.0,10,50,500,5000,12.04,7.43,0.0,0.0,0.0,26.9,63.6,108.5,0.00113,none,0,0,0,500.0,0.01,met,VALID
2025-03-15 18:00:00,GOV-EMERG-001,central,status-page,409.1,13,0.511,0.0818,normal,none,1.0,False,0.0,10,50,500,5000,6.58,4.94,0.0,0.0,0.0,29.6,69.8,170.5,0.00142,none,0,0,0,500.0,0.01,met,VALID
2025-03-15 20:00:00,GOV-EMERG-001,central,status-page,319.0,11,0.399,0.0638,normal,none,1.0,False,0.0,10,50,500,5000,5.57,4.0,0.0,0.0,0.0,22.5,53.3,124.4,0.00166,none,0,0,0,500.0,0.01,met,IMPUTED_MISSING
2025-03-15 22:00:00,GOV-EMERG-001,central,status-page,180.1,9,0.225,0.036,normal,none,1.0,False,0.0,10,50,500,5000,5.69,7.78,0.0,0.0,0.0,31.8,74.8,136.4,0.00103,none,0,0,0,500.0,0.01,met,VALID
2025-03-16 00:00:00,GOV-EMERG-001,central,status-page,84.7,6,0.106,0.0169,normal,none,1.0,False,0.0,10,50,500,5000,2.64,4.0,0.0,0.0,0.0,27.8,67.6,114.6,0.00126,none,0,0,0,500.0,0.01,met,VALID
2025-03-16 02:00:00,GOV-EMERG-001,central,portal-main,60.5,3,0.076,0.0121,normal,none,1.0,False,0.0,10,50,500,5000,5.73,4.0,0.0,0.0,0.0,14.4,36.0,84.7,0.00105,none,0,0,0,500.0,0.01,met,VALID
2025-03-16 04:00:00,GOV-EMERG-001,central,portal-main,44.8,3,0.056,0.009,normal,none,1.0,False,0.0,10,50,500,5000,1.07,4.0,0.0,0.0,0.0,25.6,54.7,105.7,0.00114,none,0,0,0,500.0,0.01,met,VALID
2025-03-16 06:00:00,GOV-EMERG-001,central,portal-main,141.0,6,0.176,0.0282,normal,none,1.0,False,0.0,10,50,500,5000,1.0,6.03,0.0,0.0,0.0,29.9,61.7,177.8,0.00093,none,0,0,0,500.0,0.01,met,VALID
2025-03-16 08:00:00,GOV-EMERG-001,central,portal-main,398.1,20,0.498,0.0796,normal,none,1.0,False,0.0,10,50,500,5000,6.29,4.0,0.0,0.0,0.0,28.7,58.7,139.0,0.00115,none,0,0,0,500.0,0.01,met,VALID
2025-03-16 10:00:00,GOV-EMERG-001,central,portal-main,586.7,35,0.733,0.1173,normal,none,1.0,False,0.0,10,50,500,5000,9.94,7.89,0.0,0.0,0.0,26.7,55.9,125.5,0.00071,none,0,0,0,500.0,0.01,met,VALID
2025-03-16 12:00:00,GOV-EMERG-001,central,api-data,565.3,27,0.707,0.1131,normal,none,1.0,False,0.0,10,50,500,5000,5.22,4.0,0.0,0.0,0.0,27.9,66.9,148.1,0.00179,none,0,0,0,500.0,0.01,met,VALID
2025-03-16 14:00:00,GOV-EMERG-001,central,portal-main,617.4,27,0.772,0.1235,normal,none,1.0,False,0.0,10,50,500,5000,10.24,12.46,0.0,0.0,0.0,29.2,65.8,145.9,4e-05,none,0,0,0,500.0,0.01,met,VALID
2025-03-16 16:00:00,GOV-EMERG-001,central,portal-main,523.3,32,0.654,0.1047,normal,none,1.0,False,0.0,10,50,500,5000,9.01,8.01,0.0,0.0,0.0,31.0,68.5,148.2,0.00123,none,0,0,0,500.0,0.01,met,VALID
2025-03-16 18:00:00,GOV-EMERG-001,central,portal-main,368.6,19,0.461,0.0737,normal,none,1.0,False,0.0,10,50,500,5000,9.61,7.87,0.0,0.0,0.0,21.3,54.3,112.6,0.00113,none,0,0,0,500.0,0.01,met,VALID
2025-03-16 20:00:00,GOV-EMERG-001,central,portal-main,262.7,16,0.328,0.0525,normal,none,1.0,False,0.0,10,50,500,5000,7.35,6.79,0.0,0.0,0.0,24.0,60.9,112.6,0.00115,none,0,0,0,500.0,0.01,met,VALID
2025-03-16 22:00:00,GOV-EMERG-001,central,portal-main,170.3,8,0.213,0.0341,normal,none,1.0,False,0.0,10,50,500,5000,1.97,4.64,0.0,0.0,0.0,32.4,75.4,132.0,0.00053,none,0,0,0,500.0,0.01,met,VALID
2025-03-17 00:00:00,GOV-EMERG-001,central,api-data,116.2,7,0.145,0.0232,normal,none,1.0,False,0.0,10,50,500,5000,5.27,4.0,0.0,0.0,0.0,25.7,58.5,145.3,0.00033,none,0,0,0,500.0,0.01,met,VALID
2025-03-17 02:00:00,GOV-EMERG-001,central,portal-main,78.9,4,0.099,0.0158,normal,none,1.0,False,0.0,10,50,500,5000,1.0,4.0,0.0,0.0,0.0,31.5,68.1,158.5,0.00124,none,0,0,0,500.0,0.01,met,VALID
2025-03-17 04:00:00,GOV-EMERG-001,central,api-data,65.4,4,0.082,0.0131,normal,none,1.0,False,0.0,10,50,500,5000,3.12,4.0,0.0,0.0,0.0,37.3,84.8,200.3,0.00154,none,0,0,0,500.0,0.01,met,VALID
2025-03-17 06:00:00,GOV-EMERG-001,central,portal-main,196.5,10,0.246,0.0393,normal,none,1.0,False,0.0,10,50,500,5000,7.13,9.47,0.0,0.0,0.0,24.1,54.0,123.9,0.00109,none,0,0,0,500.0,0.01,met,VALID
2025-03-17 08:00:00,GOV-EMERG-001,central,portal-main,566.3,26,0.708,0.1133,normal,none,1.0,False,0.0,10,50,500,5000,10.09,11.41,0.0,0.0,0.0,23.4,46.9,122.4,0.00132,none,0,0,0,500.0,0.01,met,VALID
2025-03-17 10:00:00,GOV-EMERG-001,central,portal-main,863.7,43,1.08,0.1727,normal,none,1.0,False,0.0,10,50,500,5000,16.6,7.06,0.0,0.0,0.0,29.2,71.6,129.4,0.00082,none,0,0,0,500.0,0.01,met,VALID
2025-03-17 12:00:00,GOV-EMERG-001,central,api-data,713.8,33,0.892,0.1428,normal,none,1.0,False,0.0,10,50,500,5000,7.78,4.0,0.0,0.0,0.0,33.6,76.0,197.0,0.00113,none,0,0,0,500.0,0.01,met,VALID
2025-03-17 14:00:00,GOV-EMERG-001,central,api-data,847.2,49,1.059,0.1694,normal,none,1.0,False,0.0,10,50,500,5000,10.73,4.0,0.0,0.0,0.0,35.1,74.8,171.6,0.00149,none,0,0,0,500.0,0.01,met,VALID
2025-03-17 16:00:00,GOV-EMERG-001,central,portal-main,699.0,34,0.874,0.1398,normal,none,1.0,False,0.0,10,50,500,5000,9.01,6.85,0.0,0.0,0.0,38.2,91.6,222.8,0.00087,none,0,0,0,500.0,0.01,met,VALID
2025-03-17 18:00:00,GOV-EMERG-001,central,status-page,481.9,18,0.602,0.0964,normal,none,1.0,False,0.0,10,50,500,5000,6.94,4.0,0.0,0.0,0.0,27.5,62.4,154.5,0.00147,none,0,0,0,500.0,0.01,met,VALID
2025-03-17 20:00:00,GOV-EMERG-001,central,portal-main,340.2,12,0.425,0.068,normal,none,1.0,False,0.0,10,50,500,5000,5.42,4.0,0.0,0.0,0.0,28.8,63.0,156.5,0.00035,none,0,0,0,500.0,0.01,met,VALID
2025-03-17 22:00:00,GOV-EMERG-001,central,api-data,214.7,8,0.268,0.0429,normal,none,1.0,False,0.0,10,50,500,5000,1.99,4.56,0.0,0.0,0.0,23.3,49.8,114.5,0.00075,none,0,0,0,500.0,0.01,met,VALID
2025-03-18 00:00:00,GOV-EMERG-001,central,portal-main,114.9,6,0.144,0.023,normal,none,1.0,False,0.0,10,50,500,5000,3.81,4.0,0.0,0.0,0.0,15.6,31.7,62.9,0.00122,none,0,0,0,500.0,0.01,met,VALID
2025-03-18 02:00:00,GOV-EMERG-001,central,portal-main,79.6,3,0.099,0.0159,normal,none,1.0,False,0.0,10,50,500,5000,1.0,4.0,0.0,0.0,0.0,25.2,58.1,116.9,0.00176,none,0,0,0,500.0,0.01,met,VALID
2025-03-18 04:00:00,GOV-EMERG-001,central,api-data,66.0,3,0.082,0.0132,normal,none,1.0,False,0.0,10,50,500,5000,1.0,4.0,0.0,0.0,0.0,20.7,46.1,110.4,0.00101,none,0,0,0,500.0,0.01,met,VALID
2025-03-18 06:00:00,GOV-EMERG-001,central,portal-main,212.6,11,0.266,0.0425,normal,none,1.0,False,0.0,10,50,500,5000,2.34,4.0,0.0,0.0,0.0,28.7,58.1,133.7,0.00059,none,0,0,0,500.0,0.01,met,VALID
2025-03-18 08:00:00,GOV-EMERG-001,central,portal-main,568.6,28,0.711,0.1137,normal,none,1.0,False,0.0,10,50,500,5000,11.44,10.13,0.0,0.0,0.0,20.7,51.4,86.8,0.00175,none,0,0,0,500.0,0.01,met,VALID
2025-03-18 10:00:00,GOV-EMERG-001,central,portal-main,782.2,42,0.978,0.1564,normal,none,1.0,False,0.0,10,50,500,5000,100.0,17.59,0.0,0.0,0.0,26.7,66.3,134.3,0.00151,none,0,0,0,500.0,0.01,met,MULTIPLE_REPAIRS
2025-03-18 12:00:00,GOV-EMERG-001,central,portal-main,645.0,33,0.806,0.129,normal,none,1.0,False,0.0,10,50,500,5000,13.62,10.45,0.0,0.0,0.0,29.8,68.3,128.3,0.00127,none,0,0,0,500.0,0.01,met,VALID
2025-03-18 14:00:00,GOV-EMERG-001,central,api-data,802.8,22,1.003,0.1606,normal,none,1.0,False,0.0,10,50,500,5000,14.94,9.15,0.0,0.0,0.0,31.3,78.3,144.2,0.00087,none,0,0,0,500.0,0.01,met,VALID
2025-03-18 16:00:00,GOV-EMERG-001,central,api-data,680.9,25,0.851,0.1362,normal,none,1.0,False,0.0,10,50,500,5000,8.75,4.0,0.0,0.0,0.0,28.8,65.8,143.9,0.00106,none,0,0,0,500.0,0.01,met,IMPUTED_MISSING
2025-03-18 18:00:00,GOV-EMERG-001,central,api-data,524.8,28,0.656,0.105,normal,none,1.0,False,0.0,10,50,500,5000,9.89,7.59,0.0,0.0,0.0,35.4,74.4,149.8,0.00078,none,0,0,0,500.0,0.01,met,VALID
2025-03-18 20:00:00,GOV-EMERG-001,central,portal-main,397.9,25,0.497,0.0796,normal,none,1.0,False,0.0,10,50,500,5000,3.0,4.0,0.0,0.0,0.0,33.4,77.3,141.3,0.0019,none,0,0,0,500.0,0.01,met,VALID
2025-03-18 22:00:00,GOV-EMERG-001,central,portal-main,237.9,15,0.297,0.0476,normal,none,1.0,False,0.0,10,50,500,5000,4.28,4.0,0.0,0.0,0.0,23.5,51.4,103.9,0.00148,none,0,0,0,500.0,0.01,met,VALID
2025-03-19 00:00:00,GOV-EMERG-001,central,portal-main,157.05,5,0.196,0.0314,normal,none,1.0,False,0.0,10,50,500,5000,2.9,4.0,0.0,0.0,0.0,32.1,72.9,166.3,0.00171,none,0,0,0,500.0,0.01,met,IMPUTED_MISSING
2025-03-19 02:00:00,GOV-EMERG-001,central,portal-main,76.2,4,0.095,0.0152,normal,none,1.0,False,0.0,10,50,500,5000,6.8,4.0,0.0,0.0,0.0,32.4,83.8,190.3,0.00068,none,0,0,0,500.0,0.01,met,VALID
2025-03-19 04:00:00,GOV-EMERG-001,central,portal-main,62.4,2,0.078,0.0125,normal,none,1.0,False,0.0,10,50,500,5000,5.7,4.0,0.0,0.0,0.0,24.8,54.9,111.1,0.00027,none,0,0,0,500.0,0.01,met,VALID
2025-03-19 06:00:00,GOV-EMERG-001,central,status-page,199.1,12,0.249,0.0398,normal,none,1.0,False,0.0,10,50,500,5000,1.41,4.0,0.0,0.0,0.0,26.2,55.8,142.6,0.00088,none,0,0,0,500.0,0.01,met,VALID
2025-03-19 08:00:00,GOV-EMERG-001,central,api-data,538.3,31,0.673,0.1077,normal,none,1.0,False,0.0,10,50,500,5000,7.92,8.44,0.0,0.0,0.0,27.8,57.8,121.8,0.00201,none,0,0,0,500.0,0.01,met,VALID
2025-03-19 10:00:00,GOV-EMERG-001,central,api-data,820.0,43,1.025,0.164,normal,none,1.0,False,0.0,10,50,500,5000,15.02,7.4,0.0,0.0,0.0,27.3,69.1,144.0,0.00087,none,0,0,0,500.0,0.01,met,VALID
2025-03-19 12:00:00,GOV-EMERG-001,central,portal-main,732.8,38,0.916,0.1466,normal,none,1.0,False,0.0,10,50,500,5000,14.23,10.18,0.0,0.0,0.0,27.1,54.5,115.9,0.00142,none,0,0,0,500.0,0.01,met,VALID
2025-03-19 14:00:00,GOV-EMERG-001,central,portal-main,756.5,47,0.946,0.1513,normal,none,1.0,False,0.0,10,50,500,5000,13.46,11.05,0.0,0.0,0.0,34.7,88.4,197.7,0.00059,none,0,0,0,500.0,0.01,met,VALID
2025-03-19 16:00:00,GOV-EMERG-001,central,portal-main,720.7,43,0.901,0.1441,normal,none,1.0,False,0.0,10,50,500,5000,16.27,9.81,0.0,0.0,0.0,31.0,63.1,169.8,0.00067,none,0,0,0,500.0,0.01,met,VALID
2025-03-19 18:00:00,GOV-EMERG-001,central,portal-main,522.7,31,0.653,0.1045,normal,none,1.0,False,0.0,10,50,500,5000,8.17,4.0,0.0,0.0,0.0,25.7,63.0,137.8,0.00097,none,0,0,0,500.0,0.01,met,VALID
2025-03-19 20:00:00,GOV-EMERG-001,central,portal-main,328.9,18,0.411,0.0658,normal,none,1.0,False,0.0,10,50,500,5000,7.01,7.58,0.0,0.0,0.0,23.1,50.2,92.9,0.00184,none,0,0,0,500.0,0.01,met,VALID
2025-03-19 22:00:00,GOV-EMERG-001,central,portal-main,223.4,11,0.279,0.0447,normal,none,1.0,False,0.0,10,50,500,5000,4.59,4.0,0.0,0.0,0.0,23.1,49.7,131.3,0.00144,none,0,0,0,500.0,0.01,met,VALID
2025-03-20 00:00:00,GOV-EMERG-001,central,portal-main,121.7,7,0.152,0.0243,normal,none,1.0,False,0.0,10,50,500,5000,1.0,5.94,0.0,0.0,0.0,25.0,52.6,107.4,0.00018,none,0,0,0,500.0,0.01,met,VALID
2025-03-20 02:00:00,GOV-EMERG-001,central,status-page,83.9,5,0.105,0.0168,normal,none,1.0,False,0.0,10,50,500,5000,6.26,4.29,0.0,0.0,0.0,29.1,60.5,147.3,0.00127,none,0,0,0,500.0,0.01,met,VALID
2025-03-20 04:00:00,GOV-EMERG-001,central,portal-main,62.9,3,0.079,0.0126,normal,none,1.0,False,0.0,10,50,500,5000,1.0,4.0,0.0,0.0,0.0,21.9,44.6,121.5,0.00054,none,0,0,0,500.0,0.01,met,VALID
2025-03-20 06:00:00,GOV-EMERG-001,central,status-page,208.3,10,0.26,0.0417,normal,none,1.0,False,0.0,10,50,500,5000,7.49,5.77,0.0,0.0,0.0,29.7,62.2,156.3,0.00073,none,0,0,0,500.0,0.01,met,VALID
2025-03-20 08:00:00,GOV-EMERG-001,central,portal-main,565.2,34,0.706,0.113,normal,none,1.0,False,0.0,10,50,500,5000,7.08,7.01,0.0,0.0,0.0,29.0,68.2,163.3,0.0012,none,0,0,0,500.0,0.01,met,VALID
2025-03-20 10:00:00,GOV-EMERG-001,central,portal-main,747.4,32,0.934,0.1495,normal,none,1.0,False,0.0,10,50,500,5000,14.81,10.79,0.0,0.0,0.0,30.0,70.2,162.3,0.00156,none,0,0,0,500.0,0.01,met,IMPUTED_MISSING
2025-03-20 12:00:00,GOV-EMERG-001,central,portal-main,669.1,29,0.836,0.1338,normal,none,1.0,False,0.0,10,50,500,5000,9.32,9.03,0.0,0.0,0.0,33.0,71.5,181.7,0.00154,none,0,0,0,500.0,0.01,met,VALID
2025-03-20 14:00:00,GOV-EMERG-001,central,portal-main,844.9,40,1.056,0.169,normal,none,1.0,False,0.0,10,50,500,5000,14.69,8.17,0.0,0.0,0.0,28.3,80.6,153.8,0.00113,none,0,0,0,500.0,0.01,met,IMPUTED_MISSING
2025-03-20 16:00:00,GOV-EMERG-001,central,portal-main,720.7,34,0.901,0.1441,normal,none,1.0,False,0.0,10,50,500,5000,14.36,6.98,0.0,0.0,0.0,23.6,58.1,112.3,0.00114,none,0,0,0,500.0,0.01,met,IMPUTED_MISSING
2025-03-20 18:00:00,GOV-EMERG-001,central,portal-main,528.4,29,0.66,0.1057,normal,none,1.0,False,0.0,10,50,500,5000,10.17,4.0,0.0,0.0,0.0,23.6,61.1,118.2,0.00154,none,0,0,0,500.0,0.01,met,VALID
2025-03-20 20:00:00,GOV-EMERG-001,central,status-page,386.9,22,0.484,0.0774,normal,none,1.0,False,0.0,10,50,500,5000,9.72,5.74,0.0,0.0,0.0,26.2,59.3,135.4,0.00037,none,0,0,0,500.0,0.01,met,IMPUTED_MISSING
2025-03-20 22:00:00,GOV-EMERG-001,central,portal-main,235.8,15,0.295,0.0472,normal,none,1.0,False,0.0,10,50,500,5000,2.32,4.0,0.0,0.0,0.0,27.7,61.5,148.9,0.00173,none,0,0,0,500.0,0.01,met,VALID
2025-03-21 00:00:00,GOV-EMERG-001,central,portal-main,117.9,6,0.147,0.0236,normal,none,1.0,False,0.0,10,50,500,5000,3.72,5.43,0.0,0.0,0.0,31.1,80.3,158.8,0.00071,none,0,0,0,500.0,0.01,met,VALID
2025-03-21 02:00:00,GOV-EMERG-001,central,portal-main,72.5,4,0.091,0.0145,normal,none,1.0,False,0.0,10,50,500,5000,1.0,4.0,0.0,0.0,0.0,25.6,65.7,138.9,0.0011,none,0,0,0,500.0,0.01,met,VALID
2025-03-21 04:00:00,GOV-EMERG-001,central,portal-main,66.1,4,0.083,0.0132,normal,none,1.0,False,0.0,10,50,500,5000,1.0,4.0,0.0,0.0,0.0,32.1,82.2,138.3,0.0008,none,0,0,0,500.0,0.01,met,VALID
2025-03-21 06:00:00,GOV-EMERG-001,central,portal-main,195.1,9,0.244,0.039,normal,none,1.0,False,0.0,10,50,500,5000,4.05,6.195,0.0,0.0,0.0,23.2,54.8,111.1,0.00054,none,0,0,0,500.0,0.01,met,IMPUTED_MISSING
2025-03-21 08:00:00,GOV-EMERG-001,central,portal-main,521.7,26,0.652,0.1043,normal,none,1.0,False,0.0,10,50,500,5000,9.31,8.39,0.0,0.0,0.0,25.8,61.1,150.1,0.00118,none,0,0,0,500.0,0.01,met,VALID
2025-03-21 10:00:00,GOV-EMERG-001,central,status-page,734.6,29,0.918,0.1469,normal,none,1.0,False,0.0,10,50,500,5000,9.63,7.81,0.0,0.0,0.0,28.1,71.8,124.5,0.00109,none,0,0,0,500.0,0.01,met,VALID
2025-03-21 12:00:00,GOV-EMERG-001,central,api-data,692.8,34,0.866,0.1386,normal,none,1.0,False,0.0,10,50,500,5000,14.93,9.48,0.0,0.0,0.0,30.900000000000002,58.9,110.4,0.00096,none,0,0,0,500.0,0.01,met,IMPUTED_MISSING
2025-03-21 14:00:00,GOV-EMERG-001,central,api-data,696.5,26,0.871,0.1393,normal,none,1.0,False,0.0,10,50,500,5000,8.35,4.0,0.0,0.0,0.0,33.7,71.7,184.9,0.00094,none,0,0,0,500.0,0.01,met,VALID
2025-03-21 16:00:00,GOV-EMERG-001,central,portal-main,668.6,38,0.836,0.1337,normal,none,1.0,False,0.0,10,50,500,5000,11.81,7.23,0.0,0.0,0.0,29.650000000000002,67.9,78.0,0.00161,none,0,0,0,500.0,0.01,met,IMPUTED_MISSING
2025-03-21 18:00:00,GOV-EMERG-001,central,portal-main,470.4,25,0.588,0.0941,normal,none,1.0,False,0.0,10,50,500,5000,9.63,7.1,0.0,0.0,0.0,25.6,64.1,125.7,0.00188,none,0,0,0,500.0,0.01,met,VALID
2025-03-21 20:00:00,GOV-EMERG-001,central,status-page,348.3,17,0.435,0.0697,normal,none,1.0,False,0.0,10,50,500,5000,3.67,4.0,0.0,0.0,0.0,31.5,64.0,170.7,0.0015,none,0,0,0,500.0,0.01,met,VALID
2025-03-21 22:00:00,GOV-EMERG-001,central,portal-main,207.2,10,0.259,0.0414,normal,none,1.0,False,0.0,10,50,500,5000,2.335,7.33,0.0,0.0,0.0,24.8,51.3,123.4,0.00111,none,0,0,0,500.0,0.01,met,IMPUTED_MISSING
2025-03-22 00:00:00,GOV-EMERG-001,central,portal-main,94.7,5,0.118,0.0189,normal,none,1.0,False,0.0,10,50,500,5000,1.0,4.8,0.0,0.0,0.0,29.8,75.3,172.8,0.00035,none,0,0,0,500.0,0.01,met,VALID
2025-03-22 02:00:00,GOV-EMERG-001,central,portal-main,61.6,2,0.077,0.0123,normal,none,1.0,False,0.0,10,50,500,5000,2.13,4.0,0.0,0.0,0.0,34.1,74.4,196.3,0.00125,none,0,0,0,500.0,0.01,met,VALID
2025-03-22 04:00:00,GOV-EMERG-001,central,api-data,50.8,3,0.064,0.0102,normal,none,1.0,False,0.0,10,50,500,5000,1.0,4.0,0.0,0.0,0.0,25.6,61.8,128.0,0.00127,none,0,0,0,500.0,0.01,met,VALID
2025-03-22 06:00:00,GOV-EMERG-001,central,portal-main,175.1,10,0.219,0.035,normal,none,1.0,False,0.0,10,50,500,5000,1.0,4.29,0.0,0.0,0.0,30.6,63.3,181.1,0.00131,none,0,0,0,500.0,0.01,met,VALID
2025-03-22 08:00:00,GOV-EMERG-001,central,api-data,479.0,17,0.599,0.0958,normal,none,1.0,False,0.0,10,50,500,5000,8.25,4.0,0.0,0.0,0.0,37.3,78.5,171.1,0.00054,none,0,0,0,500.0,0.01,met,VALID
2025-03-22 10:00:00,GOV-EMERG-001,central,api-data,651.3,36,0.814,0.1303,normal,none,1.0,False,0.0,10,50,500,5000,8.39,5.68,0.0,0.0,0.0,30.4,74.3,135.6,0.00134,none,0,0,0,500.0,0.01,met,VALID
2025-03-22 12:00:00,GOV-EMERG-001,central,portal-main,575.3,21,0.719,0.1151,normal,none,1.0,False,0.0,10,50,500,5000,5.24,4.0,0.0,0.0,0.0,28.1,72.6,149.9,0.00162,none,0,0,0,500.0,0.01,met,VALID
2025-03-22 14:00:00,GOV-EMERG-001,central,status-page,667.0,33,0.834,0.1334,normal,none,1.0,False,0.0,10,50,500,5000,8.690000000000001,4.0,0.0,0.0,0.0,32.5,74.7,167.0,0.00061,none,0,0,0,500.0,0.01,met,IMPUTED_MISSING
2025-03-22 16:00:00,GOV-EMERG-001,central,portal-main,574.7,23,0.718,0.1149,normal,none,1.0,False,0.0,10,50,500,5000,12.14,9.23,0.0,0.0,0.0,33.0,66.8,148.5,0.00127,none,0,0,0,500.0,0.01,met,VALID
2025-03-22 18:00:00,GOV-EMERG-001,central,portal-main,398.7,25,0.498,0.0797,normal,none,1.0,False,0.0,10,50,500,5000,7.15,4.0,0.0,0.0,0.0,27.0,57.8,128.1,0.00068,none,0,0,0,500.0,0.01,met,VALID
2025-03-22 20:00:00,GOV-EMERG-001,central,portal-main,286.9,12,0.359,0.0574,normal,none,1.0,False,0.0,10,50,500,5000,4.19,7.29,0.0,0.0,0.0,24.6,52.3,109.8,0.00096,none,0,0,0,500.0,0.01,met,VALID
2025-03-22 22:00:00,GOV-EMERG-001,central,status-page,162.9,6,0.204,0.0326,normal,none,1.0,False,0.0,10,50,500,5000,1.0,4.0,0.0,0.0,0.0,32.7,83.8,146.4,0.00062,none,0,0,0,500.0,0.01,met,VALID
2025-03-23 00:00:00,GOV-EMERG-001,central,portal-main,95.1,5,0.119,0.019,normal,none,1.0,False,0.0,10,50,500,5000,6.26,4.0,0.0,0.0,0.0,31.400000000000002,54.9,115.5,0.00086,none,0,0,0,500.0,0.01,met,IMPUTED_MISSING
2025-03-23 02:00:00,GOV-EMERG-001,central,portal-main,66.2,3,0.083,0.0132,normal,none,1.0,False,0.0,10,50,500,5000,4.27,6.16,0.0,0.0,0.0,30.1,77.3,176.1,0.00086,none,0,0,0,500.0,0.01,met,VALID
2025-03-23 04:00:00,GOV-EMERG-001,central,portal-main,48.2,2,0.06,0.0096,normal,none,1.0,False,0.0,10,50,500,5000,2.76,4.0,0.0,0.0,0.0,26.3,66.1,149.1,0.00116,none,0,0,0,500.0,0.01,met,VALID
2025-03-23 06:00:00,GOV-EMERG-001,central,portal-main,134.1,7,0.168,0.0268,normal,none,1.0,False,0.0,10,50,500,5000,4.71,4.0,0.0,0.0,0.0,25.15,74.9,165.8,0.00136,none,0,0,0,500.0,0.01,met,IMPUTED_MISSING
2025-03-23 08:00:00,GOV-EMERG-001,central,portal-main,432.8,14,0.541,0.0866,normal,none,1.0,False,0.0,10,50,500,5000,3.17,4.0,0.0,0.0,0.0,24.0,48.3,118.8,0.00149,none,0,0,0,500.0,0.01,met,VALID
2025-03-23 10:00:00,GOV-EMERG-001,central,portal-main,572.9,24,0.716,0.1146,normal,none,1.0,False,0.0,10,50,500,5000,7.09,4.39,0.0,0.0,0.0,24.8,64.2,100.9,0.00074,none,0,0,0,500.0,0.01,met,VALID
2025-03-23 12:00:00,GOV-EMERG-001,central,portal-main,522.1,24,0.653,0.1044,normal,none,1.0,False,0.0,10,50,500,5000,7.17,7.3,0.0,0.0,0.0,31.3,62.9,154.3,0.00114,none,0,0,0,500.0,0.01,met,VALID
2025-03-23 14:00:00,GOV-EMERG-001,central,status-page,618.8,35,0.774,0.1238,normal,none,1.0,False,0.0,10,50,500,5000,10.15,10.66,0.0,0.0,0.0,24.0,60.4,126.0,0.00056,none,0,0,0,500.0,0.01,met,VALID
2025-03-23 16:00:00,GOV-EMERG-001,central,portal-main,516.5,31,0.646,0.1033,normal,none,1.0,False,0.0,10,50,500,5000,8.51,4.0,0.0,0.0,0.0,28.3,63.7,157.5,0.00096,none,0,0,0,500.0,0.01,met,VALID
2025-03-23 18:00:00,GOV-EMERG-001,central,api-data,380.5,23,0.476,0.0761,normal,none,1.0,False,0.0,10,50,500,5000,8.81,5.99,0.0,0.0,0.0,33.3,72.5,156.7,0.00102,none,0,0,0,500.0,0.01,met,VALID
2025-03-23 20:00:00,GOV-EMERG-001,central,portal-main,261.2,13,0.326,0.0522,normal,none,1.0,False,0.0,10,50,500,5000,6.44,5.09,0.0,0.0,0.0,19.2,43.2,112.3,0.00063,none,0,0,0,500.0,0.01,met,VALID
2025-03-23 22:00:00,GOV-EMERG-001,central,api-data,169.1,5,0.211,0.0338,normal,none,1.0,False,0.0,10,50,500,5000,2.14,4.0,0.0,0.0,0.0,27.5,60.9,156.1,0.00122,none,0,0,0,500.0,0.01,met,VALID
2025-03-24 00:00:00,GOV-EMERG-001,central,portal-main,117.5,6,0.147,0.0235,normal,none,1.0,False,0.0,10,50,500,5000,5.42,8.03,0.0,0.0,0.0,30.4,73.5,126.8,0.00094,none,0,0,0,500.0,0.01,met,VALID
2025-03-24 02:00:00,GOV-EMERG-001,central,portal-main,90.2,5,0.113,0.018,normal,none,1.0,False,0.0,10,50,500,5000,2.17,8.63,0.0,0.0,0.0,25.3,59.2,146.8,0.00106,none,0,0,0,500.0,0.01,met,IMPUTED_MISSING
2025-03-24 04:00:00,GOV-EMERG-001,central,status-page,62.9,4,0.079,0.0126,normal,none,1.0,False,0.0,10,50,500,5000,5.16,4.0,0.0,0.0,0.0,21.6,46.6,96.1,0.00149,none,0,0,0,500.0,0.01,met,VALID
2025-03-24 06:00:00,GOV-EMERG-001,central,portal-main,203.4,11,0.254,0.0407,normal,none,1.0,False,0.0,10,50,500,5000,8.82,5.17,0.0,0.0,0.0,25.0,57.9,146.2,0.00083,none,0,0,0,500.0,0.01,met,VALID
2025-03-24 08:00:00,GOV-EMERG-001,central,portal-main,473.45000000000005,22,0.592,0.0947,normal,none,1.0,False,0.0,10,50,500,5000,3.7,4.0,0.0,0.0,0.0,24.8,55.6,130.3,0.00134,none,0,0,0,500.0,0.01,met,IMPUTED_MISSING
2025-03-24 10:00:00,GOV-EMERG-001,central,api-data,743.5,34,0.929,0.1487,normal,none,1.0,False,0.0,10,50,500,5000,13.21,13.76,0.0,0.0,0.0,29.6,75.7,143.0,0.00158,none,0,0,0,500.0,0.01,met,VALID
2025-03-24 12:00:00,GOV-EMERG-001,central,api-data,755.6,50,0.944,0.1511,normal,none,1.0,False,0.0,10,50,500,5000,13.77,6.61,0.0,0.0,0.0,28.3,71.9,138.1,0.00155,none,0,0,0,500.0,0.01,met,VALID
2025-03-24 14:00:00,GOV-EMERG-001,central,portal-main,690.4,26,0.863,0.1381,normal,none,1.0,False,0.0,10,50,500,5000,15.2,11.69,0.0,0.0,0.0,27.0,63.9,138.1,0.00092,none,0,0,0,500.0,0.01,met,VALID
2025-03-24 16:00:00,GOV-EMERG-001,central,portal-main,664.8,27,0.831,0.133,normal,none,1.0,False,0.0,10,50,500,5000,9.32,4.47,0.0,0.0,0.0,30.7,79.2,174.6,0.00061,none,0,0,0,500.0,0.01,met,VALID
2025-03-24 18:00:00,GOV-EMERG-001,central,api-data,503.9,29,0.63,0.1008,normal,none,1.0,False,0.0,10,50,500,5000,5.98,4.0,0.0,0.0,0.0,34.1,75.9,193.6,0.00072,none,0,0,0,500.0,0.01,met,IMPUTED_MISSING
2025-03-24 20:00:00,GOV-EMERG-001,central,api-data,362.7,17,0.453,0.0725,normal,none,1.0,False,0.0,10,50,500,5000,6.24,4.96,0.0,0.0,0.0,28.3,58.0,136.5,0.00037,none,0,0,0,500.0,0.01,met,VALID
2025-03-24 22:00:00,GOV-EMERG-001,central,status-page,230.3,9,0.288,0.0461,normal,none,1.0,False,0.0,10,50,500,5000,6.69,4.0,0.0,0.0,0.0,31.6,64.1,180.0,0.00127,none,0,0,0,500.0,0.01,met,VALID
2025-03-25 00:00:00,GOV-EMERG-001,central,portal-main,126.8,8,0.158,0.0254,normal,none,1.0,False,0.0,10,50,500,5000,3.86,4.0,0.0,0.0,0.0,32.0,79.9,158.0,0.0013,none,0,0,0,500.0,0.01,met,VALID
2025-03-25 02:00:00,GOV-EMERG-001,central,api-data,77.2,4,0.096,0.0154,normal,none,1.0,False,0.0,10,50,500,5000,3.6,4.0,0.0,0.0,0.0,23.0,51.4,111.4,0.00105,none,0,0,0,500.0,0.01,met,VALID
2025-03-25 04:00:00,GOV-EMERG-001,central,portal-main,65.9,3,0.082,0.0132,normal,none,1.0,False,0.0,10,50,500,5000,2.3,4.0,0.0,0.0,0.0,26.4,66.5,118.6,0.00045,none,0,0,0,500.0,0.01,met,VALID
2025-03-25 06:00:00,GOV-EMERG-001,central,status-page,202.0,8,0.252,0.0404,normal,none,1.0,False,0.0,10,50,500,5000,1.92,4.0,0.0,0.0,0.0,24.4,55.4,137.7,0.00085,none,0,0,0,500.0,0.01,met,VALID
2025-03-25 08:00:00,GOV-EMERG-001,central,portal-main,512.1,34,0.64,0.1024,normal,none,1.0,False,0.0,10,50,500,5000,11.15,10.9,0.0,0.0,0.0,21.9,44.0,114.9,0.00155,none,0,0,0,500.0,0.01,met,VALID
2025-03-25 10:00:00,GOV-EMERG-001,central,api-data,876.0,44,1.095,0.1752,normal,none,1.0,False,0.0,10,50,500,5000,15.66,4.68,0.0,0.0,0.0,31.7,73.5,154.3,0.00124,none,0,0,0,500.0,0.01,met,VALID
2025-03-25 12:00:00,GOV-EMERG-001,central,portal-main,668.2,46,0.835,0.1336,normal,none,1.0,False,0.0,10,50,500,5000,8.64,4.0,0.0,0.0,0.0,24.6,58.1,131.2,0.00131,none,0,0,0,500.0,0.01,met,IMPUTED_MISSING
2025-03-25 14:00:00,GOV-EMERG-001,central,portal-main,816.8,47,1.021,0.1634,normal,none,1.0,False,0.0,10,50,500,5000,15.85,15.45,0.0,0.0,0.0,31.8,72.3,182.1,0.00232,none,0,0,0,500.0,0.01,met,VALID
2025-03-25 16:00:00,GOV-EMERG-001,central,api-data,693.3,32,0.867,0.1387,normal,none,1.0,False,0.0,10,50,500,5000,9.46,10.34,0.0,0.0,0.0,22.8,57.1,100.2,0.00113,none,0,0,0,500.0,0.01,met,VALID
2025-03-25 18:00:00,GOV-EMERG-001,central,portal-main,527.2,24,0.659,0.1054,normal,none,1.0,False,0.0,10,50,500,5000,8.06,8.62,0.0,0.0,0.0,28.6,68.3,137.0,0.00014,none,0,0,0,500.0,0.01,met,VALID
2025-03-25 20:00:00,GOV-EMERG-001,central,status-page,351.1,22,0.439,0.0702,normal,none,1.0,False,0.0,10,50,500,5000,5.61,4.0,0.0,0.0,0.0,20.6,45.7,98.1,0.00056,none,0,0,0,500.0,0.01,met,VALID
2025-03-25 22:00:00,GOV-EMERG-001,central,portal-main,233.3,15,0.292,0.0467,normal,none,1.0,False,0.0,10,50,500,5000,1.0,4.0,0.0,0.0,0.0,28.9,70.3,120.1,0.00112,none,0,0,0,500.0,0.01,met,VALID
2025-03-26 00:00:00,GOV-EMERG-001,central,portal-main,110.6,4,0.138,0.0221,normal,none,1.0,False,0.0,10,50,500,5000,1.0,4.0,0.0,0.0,0.0,24.0,52.6,112.0,0.00101,none,0,0,0,500.0,0.01,met,VALID
2025-03-26 02:00:00,GOV-EMERG-001,central,portal-main,79.7,4,0.1,0.0159,normal,none,1.0,False,0.0,10,50,500,5000,3.32,4.0,0.0,0.0,0.0,23.4,58.7,129.5,0.00093,none,0,0,0,500.0,0.01,met,VALID
2025-03-26 04:00:00,GOV-EMERG-001,central,portal-main,62.2,3,0.078,0.0124,normal,none,1.0,False,0.0,10,50,500,5000,1.0,4.0,0.0,0.0,0.0,29.8,64.7,134.4,0.00094,none,0,0,0,500.0,0.01,met,VALID
2025-03-26 06:00:00,GOV-EMERG-001,central,portal-main,193.2,8,0.242,0.0386,normal,none,1.0,False,0.0,10,50,500,5000,3.64,4.0,0.0,0.0,0.0,24.7,59.3,139.0,0.00069,none,0,0,0,500.0,0.01,met,VALID
2025-03-26 08:00:00,GOV-EMERG-001,central,portal-main,572.0,30,0.715,0.1144,normal,none,1.0,False,0.0,10,50,500,5000,7.77,7.46,0.0,0.0,0.0,28.7,64.5,169.5,0.00115,none,0,0,0,500.0,0.01,met,VALID
2025-03-26 10:00:00,GOV-EMERG-001,central,portal-main,843.1,33,1.054,0.1686,normal,none,1.0,False,0.0,10,50,500,5000,15.55,11.99,0.0,0.0,0.0,29.3,60.3,130.2,0.00156,none,0,0,0,500.0,0.01,met,IMPUTED_MISSING
2025-03-26 12:00:00,GOV-EMERG-001,central,api-data,707.6,34,0.885,0.1415,normal,none,1.0,False,0.0,10,50,500,5000,14.75,7.65,0.0,0.0,0.0,31.2,74.1,150.1,0.00169,none,0,0,0,500.0,0.01,met,IMPUTED_MISSING
2025-03-26 14:00:00,GOV-EMERG-001,central,api-data,831.2,36,1.039,0.1662,normal,none,1.0,False,0.0,10,50,500,5000,9.91,4.91,0.0,0.0,0.0,34.2,76.2,145.6,0.00168,none,0,0,0,500.0,0.01,met,VALID
2025-03-26 16:00:00,GOV-EMERG-001,central,api-data,681.7,31,0.852,0.1363,normal,none,1.0,False,0.0,10,50,500,5000,14.84,7.25,0.0,0.0,0.0,32.3,76.9,173.8,0.00062,none,0,0,0,500.0,0.01,met,VALID
2025-03-26 18:00:00,GOV-EMERG-001,central,portal-main,496.8,25,0.621,0.0994,normal,none,1.0,False,0.0,10,50,500,5000,6.61,4.3,0.0,0.0,0.0,25.9,60.2,128.5,0.00099,none,0,0,0,500.0,0.01,met,VALID
2025-03-26 20:00:00,GOV-EMERG-001,central,portal-main,358.7,15,0.448,0.0717,normal,none,1.0,False,0.0,10,50,500,5000,2.63,4.0,0.0,0.0,0.0,31.7,64.3,164.4,0.00087,none,0,0,0,500.0,0.01,met,IMPUTED_MISSING
2025-03-26 22:00:00,GOV-EMERG-001,central,portal-main,220.6,14,0.276,0.0441,normal,none,1.0,False,0.0,10,50,500,5000,9.82,10.34,0.0,0.0,0.0,22.5,47.7,125.0,0.00124,none,0,0,0,500.0,0.01,met,VALID
2025-03-27 00:00:00,GOV-EMERG-001,central,api-data,115.8,6,0.145,0.0232,normal,none,1.0,False,0.0,10,50,500,5000,5.38,4.0,0.0,0.0,0.0,22.6,54.8,125.6,0.00097,none,0,0,0,500.0,0.01,met,VALID
2025-03-27 02:00:00,GOV-EMERG-001,central,api-data,81.7,5,0.102,0.0163,normal,none,1.0,False,0.0,10,50,500,5000,1.0,4.0,0.0,0.0,0.0,24.9,56.8,125.3,0.00091,none,0,0,0,500.0,0.01,met,VALID
2025-03-27 04:00:00,GOV-EMERG-001,central,portal-main,64.8,3,0.081,0.013,normal,none,1.0,False,0.0,10,50,500,5000,1.11,7.54,0.0,0.0,0.0,29.5,67.3,170.2,0.00158,none,0,0,0,500.0,0.01,met,VALID
2025-03-27 06:00:00,GOV-EMERG-001,central,api-data,289.29999999999995,8,0.362,0.0579,normal,none,1.0,False,0.0,10,50,500,5000,2.37,4.0,0.0,0.0,0.0,21.3,42.6,124.8,0.00104,none,0,0,0,500.0,0.01,met,IMPUTED_MISSING
2025-03-27 08:00:00,GOV-EMERG-001,central,portal-main,513.8,33,0.642,0.1028,normal,none,1.0,False,0.0,10,50,500,5000,7.76,5.34,0.0,0.0,0.0,31.4,68.6,165.4,0.00105,none,0,0,0,500.0,0.01,met,VALID
2025-03-27 10:00:00,GOV-EMERG-001,central,portal-main,817.0,37,1.021,0.1634,normal,none,1.0,False,0.0,10,50,500,5000,10.425,8.47,0.0,0.0,0.0,29.7,71.2,120.9,0.00117,none,0,0,0,500.0,0.01,met,IMPUTED_MISSING
2025-03-27 12:00:00,GOV-EMERG-001,central,portal-main,690.6,34,0.863,0.1381,normal,none,1.0,False,0.0,10,50,500,5000,13.09,9.07,0.0,0.0,0.0,27.3,69.1,151.4,0.00127,none,0,0,0,500.0,0.01,met,VALID
2025-03-27 14:00:00,GOV-EMERG-001,central,portal-main,812.1,45,1.015,0.1624,normal,none,1.0,False,0.0,10,50,500,5000,12.71,8.68,0.0,0.0,0.0,34.2,80.3,198.0,0.00127,none,0,0,0,500.0,0.01,met,VALID
2025-03-27 16:00:00,GOV-EMERG-001,central,api-data,706.6,28,0.883,0.1413,normal,none,1.0,False,0.0,10,50,500,5000,11.19,7.15,0.0,0.0,0.0,25.9,60.2,132.4,0.00162,none,0,0,0,500.0,0.01,met,VALID
2025-03-27 18:00:00,GOV-EMERG-001,central,status-page,487.0,27,0.609,0.0974,normal,none,1.0,False,0.0,10,50,500,5000,8.06,4.0,0.0,0.0,0.0,36.8,84.1,199.0,0.00049,none,0,0,0,500.0,0.01,met,VALID
2025-03-27 20:00:00,GOV-EMERG-001,central,portal-main,334.6,18,0.418,0.0669,normal,none,1.0,False,0.0,10,50,500,5000,7.4,10.32,0.0,0.0,0.0,26.1,62.8,122.9,0.00113,none,0,0,0,500.0,0.01,met,VALID
2025-03-27 22:00:00,GOV-EMERG-001,central,portal-main,242.8,15,0.304,0.0486,normal,none,1.0,False,0.0,10,50,500,5000,2.47,4.0,0.0,0.0,0.0,26.9,66.6,134.5,0.00096,none,0,0,0,500.0,0.01,met,VALID
2025-03-28 00:00:00,GOV-EMERG-001,central,api-data,116.0,7,0.145,0.0232,normal,none,1.0,False,0.0,10,50,500,5000,3.98,4.0,0.0,0.0,0.0,31.8,67.7,177.8,0.00088,none,0,0,0,500.0,0.01,met,VALID
2025-03-28 02:00:00,GOV-EMERG-001,central,status-page,74.4,5,0.093,0.0149,normal,none,1.0,False,0.0,10,50,500,5000,2.05,4.0,0.0,0.0,0.0,26.1,63.3,150.0,0.0013,none,0,0,0,500.0,0.01,met,VALID
2025-03-28 04:00:00,GOV-EMERG-001,central,portal-main,58.0,3,0.072,0.0116,normal,none,1.0,False,0.0,10,50,500,5000,1.0,4.0,0.0,0.0,0.0,30.0,64.5,127.1,0.00152,none,0,0,0,500.0,0.01,met,VALID
2025-03-28 06:00:00,GOV-EMERG-001,central,portal-main,185.2,8,0.231,0.037,normal,none,1.0,False,0.0,10,50,500,5000,2.9,4.14,0.0,0.0,0.0,18.1,36.6,73.2,0.00076,none,0,0,0,500.0,0.01,met,VALID
2025-03-28 08:00:00,GOV-EMERG-001,central,portal-main,500.3,34,0.625,0.1001,normal,none,1.0,False,0.0,10,50,500,5000,10.33,10.14,0.0,0.0,0.0,26.0,53.2,123.5,0.00167,none,0,0,0,500.0,0.01,met,VALID
2025-03-28 10:00:00,GOV-EMERG-001,central,portal-main,793.6,30,0.992,0.1587,normal,none,1.0,False,0.0,10,50,500,5000,11.49,4.0,0.0,0.0,0.0,31.3,63.5,149.7,0.00043,none,0,0,0,500.0,0.01,met,VALID
2025-03-28 12:00:00,GOV-EMERG-001,central,status-page,657.4,25,0.822,0.1315,normal,none,1.0,False,0.0,10,50,500,5000,11.71,7.85,0.0,0.0,0.0,33.1,71.8,183.7,0.00124,none,0,0,0,500.0,0.01,met,VALID
2025-03-28 14:00:00,GOV-EMERG-001,central,portal-main,801.6,44,1.002,0.1603,normal,none,1.0,False,0.0,10,50,500,5000,12.0,4.0,0.0,0.0,0.0,32.9,68.2,132.0,0.00064,none,0,0,0,500.0,0.01,met,VALID
2025-03-28 16:00:00,GOV-EMERG-001,central,api-data,633.1,40,0.791,0.1266,normal,none,1.0,False,0.0,10,50,500,5000,14.0,4.62,0.0,0.0,0.0,31.3,64.3,173.2,0.00074,none,0,0,0,500.0,0.01,met,VALID
2025-03-28 18:00:00,GOV-EMERG-001,central,portal-main,468.2,24,0.585,0.0936,normal,none,1.0,False,0.0,10,50,500,5000,5.14,4.3100000000000005,0.0,0.0,0.0,31.8,66.5,161.4,0.00102,none,0,0,0,500.0,0.01,met,IMPUTED_MISSING
2025-03-28 20:00:00,GOV-EMERG-001,central,portal-main,334.7,20,0.418,0.0669,normal,none,1.0,False,0.0,10,50,500,5000,2.61,4.0,0.0,0.0,0.0,28.7,58.0,154.8,0.00084,none,0,0,0,500.0,0.01,met,VALID
2025-03-28 22:00:00,GOV-EMERG-001,central,api-data,184.9,6,0.231,0.037,normal,none,1.0,False,0.0,10,50,500,5000,1.0,5.94,0.0,0.0,0.0,17.4,38.4,87.3,0.0,none,0,0,0,500.0,0.01,met,VALID
2025-03-29 00:00:00,GOV-EMERG-001,central,portal-main,95.4,4,0.119,0.0191,normal,none,1.0,False,0.0,10,50,500,5000,1.0,4.0,0.0,0.0,0.0,31.3,77.9,174.5,0.00124,none,0,0,0,500.0,0.01,met,VALID
2025-03-29 02:00:00,GOV-EMERG-001,central,portal-main,63.5,2,0.079,0.0127,normal,none,1.0,False,0.0,10,50,500,5000,1.58,4.0,0.0,0.0,0.0,22.0,51.2,107.1,0.00131,none,0,0,0,500.0,0.01,met,VALID
2025-03-29 04:00:00,GOV-EMERG-001,central,status-page,53.3,3,0.067,0.0107,normal,none,1.0,False,0.0,10,50,500,5000,3.41,4.0,0.0,0.0,0.0,26.5,55.05,124.4,0.00094,none,0,0,0,500.0,0.01,met,IMPUTED_MISSING
2025-03-29 06:00:00,GOV-EMERG-001,central,api-data,144.9,5,0.181,0.029,normal,none,1.0,False,0.0,10,50,500,5000,1.23,4.0,0.0,0.0,0.0,26.5,58.9,139.6,0.0009,none,0,0,0,500.0,0.01,met,VALID
2025-03-29 08:00:00,GOV-EMERG-001,central,portal-main,474.0,19,0.592,0.0948,normal,none,1.0,False,0.0,10,50,500,5000,11.09,6.84,0.0,0.0,0.0,27.8,62.8,135.9,0.00085,none,0,0,0,500.0,0.01,met,VALID
2025-03-29 10:00:00,GOV-EMERG-001,central,portal-main,666.3,36,0.833,0.1333,normal,none,1.0,False,0.0,10,50,500,5000,11.82,12.77,0.0,0.0,0.0,24.4,51.4,112.5,0.00032,none,0,0,0,500.0,0.01,met,VALID
2025-03-29 12:00:00,GOV-EMERG-001,central,portal-main,612.1,36,0.765,0.1224,normal,none,1.0,False,0.0,10,50,500,5000,13.93,6.91,0.0,0.0,0.0,20.7,46.1,120.8,0.00027,none,0,0,0,500.0,0.01,met,VALID
2025-03-29 14:00:00,GOV-EMERG-001,central,portal-main,638.3,31,0.798,0.1277,normal,none,1.0,False,0.0,10,50,500,5000,11.72,13.5,0.0,0.0,0.0,24.7,54.3,134.3,0.00132,none,0,0,0,500.0,0.01,met,VALID
2025-03-29 16:00:00,GOV-EMERG-001,central,portal-main,571.6,31,0.714,0.1143,normal,none,1.0,False,0.0,10,50,500,5000,13.45,8.54,0.0,0.0,0.0,31.5,72.4,138.5,0.00143,none,0,0,0,500.0,0.01,met,VALID
2025-03-29 18:00:00,GOV-EMERG-001,central,portal-main,385.4,21,0.482,0.0771,normal,none,1.0,False,0.0,10,50,500,5000,4.45,4.0,0.0,0.0,0.0,21.3,51.5,116.7,0.00124,none,0,0,0,500.0,0.01,met,VALID
2025-03-29 20:00:00,GOV-EMERG-001,central,status-page,298.3,14,0.373,0.0597,normal,none,1.0,False,0.0,10,50,500,5000,7.28,4.0,0.0,0.0,0.0,23.1,52.8,103.9,0.00115,none,0,0,0,500.0,0.01,met,VALID
2025-03-29 22:00:00,GOV-EMERG-001,central,status-page,172.3,7,0.215,0.0345,normal,none,1.0,False,0.0,10,50,500,5000,1.0,4.0,0.0,0.0,0.0,27.6,56.4,134.0,0.00131,none,0,0,0,500.0,0.01,met,VALID
2025-03-30 00:00:00,GOV-EMERG-001,central,api-data,82.6,5,0.103,0.0165,normal,none,1.0,False,0.0,10,50,500,5000,1.82,4.0,0.0,0.0,0.0,21.3,43.3,94.5,0.00129,none,0,0,0,500.0,0.01,met,VALID
2025-03-30 02:00:00,GOV-EMERG-001,central,status-page,56.6,3,0.071,0.0113,normal,none,1.0,False,0.0,10,50,500,5000,1.0,4.0,0.0,0.0,0.0,23.1,58.5,97.7,0.00069,none,0,0,0,500.0,0.01,met,VALID
2025-03-30 04:00:00,GOV-EMERG-001,central,api-data,48.0,3,0.06,0.0096,normal,none,1.0,False,0.0,10,50,500,5000,1.0,4.0,0.0,0.0,0.0,25.6,61.8,122.7,0.00109,none,0,0,0,500.0,0.01,met,VALID
2025-03-30 06:00:00,GOV-EMERG-001,central,api-data,143.8,8,0.18,0.0288,normal,none,1.0,False,0.0,10,50,500,5000,1.46,4.0,0.0,0.0,0.0,26.9,64.3,137.3,0.00088,none,0,0,0,500.0,0.01,met,VALID
2025-03-30 08:00:00,GOV-EMERG-001,central,api-data,427.9,17,0.535,0.0856,normal,none,1.0,False,0.0,10,50,500,5000,6.63,4.0,0.0,0.0,0.0,23.2,59.0,106.6,0.00089,none,0,0,0,500.0,0.01,met,VALID
2025-03-30 10:00:00,GOV-EMERG-001,central,portal-main,545.8,30,0.682,0.1092,normal,none,1.0,False,0.0,10,50,500,5000,8.83,4.0,0.0,0.0,0.0,28.6,66.6,118.8,0.00146,none,0,0,0,500.0,0.01,met,VALID
2025-03-30 12:00:00,GOV-EMERG-001,central,portal-main,482.6,24,0.603,0.0965,normal,none,1.0,False,0.0,10,50,500,5000,7.75,4.0,0.0,0.0,0.0,29.3,59.8,131.7,0.00163,none,0,0,0,500.0,0.01,met,VALID
2025-03-30 14:00:00,GOV-EMERG-001,central,portal-main,641.2,29,0.802,0.1282,normal,none,1.0,False,0.0,10,50,500,5000,10.2,4.0,0.0,0.0,0.0,23.6,57.3,105.9,6e-05,none,0,0,0,500.0,0.01,met,VALID
2025-03-30 16:00:00,GOV-EMERG-001,central,portal-main,533.0,25,0.666,0.1066,normal,none,1.0,False,0.0,10,50,500,5000,6.77,4.0,0.0,0.0,0.0,28.8,60.5,149.4,0.0009,none,0,0,0,500.0,0.01,met,VALID
2025-03-30 18:00:00,GOV-EMERG-001,central,portal-main,369.5,16,0.462,0.0739,normal,none,1.0,False,0.0,10,50,500,5000,5.5,4.0,0.0,0.0,0.0,24.1,57.9,110.1,0.00088,none,0,0,0,500.0,0.01,met,VALID
2025-03-30 20:00:00,GOV-EMERG-001,central,portal-main,270.0,12,0.338,0.054,normal,none,1.0,False,0.0,10,50,500,5000,5.68,4.0,0.0,0.0,0.0,26.9,60.3,136.4,0.00146,none,0,0,0,500.0,0.01,met,IMPUTED_MISSING
2025-03-30 22:00:00,GOV-EMERG-001,central,portal-main,176.6,7,0.221,0.0353,normal,none,1.0,False,0.0,10,50,500,5000,3.63,4.0,0.0,0.0,0.0,28.8,58.1,142.3,0.00042,none,0,0,0,500.0,0.01,met,VALID
2025-03-31 00:00:00,GOV-EMERG-001,central,portal-main,122.5,5,0.153,0.0245,seasonal,low,1.0,False,2880.0,10,50,500,5000,1.0,4.0,0.0,0.0,0.0,24.9,50.7,113.0,0.0,none,0,0,0,500.0,0.01,met,VALID
2025-03-31 02:00:00,GOV-EMERG-001,central,portal-main,84.8,4,0.106,0.017,seasonal,low,1.0522,False,2880.0,10,50,500,5000,1.53,4.0,0.0,0.0,0.0,29.1,65.0,159.5,0.00133,none,0,0,0,500.0,0.01,met,VALID
2025-03-31 04:00:00,GOV-EMERG-001,central,api-data,74.5,5,0.093,0.0149,seasonal,low,1.1035,False,2880.0,10,50,500,5000,1.0,6.22,0.0,0.0,0.0,28.5,67.3,152.3,0.00139,none,0,0,0,500.0,0.01,met,VALID
2025-03-31 06:00:00,GOV-EMERG-001,central,api-data,222.2,13,0.278,0.0444,seasonal,low,1.1531,False,2880.0,10,50,500,5000,1.91,4.49,0.0,0.0,0.0,29.8,62.6,159.7,0.00029,none,0,0,0,500.0,0.01,met,VALID
2025-03-31 08:00:00,GOV-EMERG-001,central,portal-main,673.0,24,0.841,0.1346,seasonal,low,1.2,False,2880.0,10,50,500,5000,10.84,9.88,0.0,0.0,0.0,30.5,63.0,148.5,0.00095,none,0,0,0,500.0,0.01,met,VALID
2025-03-31 10:00:00,GOV-EMERG-001,central,portal-main,993.9,61,1.242,0.1988,seasonal,low,1.2435,False,2880.0,10,50,500,5000,14.89,8.97,0.0,0.0,0.0,35.6,79.3,165.0,0.00161,none,0,0,0,500.0,0.01,met,VALID
2025-03-31 12:00:00,GOV-EMERG-001,central,portal-main,911.0,56,1.139,0.1822,seasonal,low,1.2828,False,2880.0,10,50,500,5000,11.9,6.6,0.0,0.0,0.0,32.1,79.7,166.4,0.00057,none,0,0,0,500.0,0.01,met,VALID
2025-03-31 14:00:00,GOV-EMERG-001,central,api-data,1033.3,42,1.292,0.2067,seasonal,low,1.3173,False,2880.0,10,50,500,5000,19.27,13.99,0.0,0.0,0.0,24.8,61.4,147.0,0.00104,none,0,0,0,500.0,0.01,met,VALID
2025-03-31 16:00:00,GOV-EMERG-001,central,api-data,918.9,27,1.149,0.1838,seasonal,low,1.3464,False,2880.0,10,50,500,5000,16.17,15.48,0.0,0.0,0.0,27.5,66.2,133.7,0.0012,none,0,0,0,500.0,0.01,met,VALID
2025-03-31 18:00:00,GOV-EMERG-001,central,portal-main,713.4,35,0.892,0.1427,seasonal,low,1.3696,False,2880.0,10,50,500,5000,12.73,8.86,0.0,0.0,0.0,28.3,63.9,150.9,0.00043,none,0,0,0,500.0,0.01,met,VALID
2025-03-31 20:00:00,GOV-EMERG-001,central,api-data,472.9,28,0.591,0.0946,seasonal,low,1.3864,False,2880.0,10,50,500,5000,8.94,4.0,0.0,0.0,0.0,27.3,61.8,133.2,0.00077,none,0,0,0,500.0,0.01,met,VALID
2025-03-31 22:00:00,GOV-EMERG-001,central,portal-main,325.4,21,0.407,0.0651,seasonal,low,1.3966,False,2880.0,10,50,500,5000,2.76,6.59,0.0,0.0,0.0,28.2,60.2,165.2,0.00032,none,0,0,0,500.0,0.01,met,VALID
2025-04-01 00:00:00,GOV-EMERG-001,central,portal-main,159.8,7,0.2,0.032,seasonal,low,1.4,False,2880.0,10,50,500,5000,1.0,4.0,0.0,0.0,0.0,22.6,47.1,102.4,0.00093,none,0,0,0,500.0,0.01,met,VALID
2025-04-01 02:00:00,GOV-EMERG-001,central,status-page,110.5,7,0.138,0.0221,seasonal,low,1.3966,False,2880.0,10,50,500,5000,4.34,7.14,0.0,0.0,0.0,33.6,67.5,165.2,0.00068,none,0,0,0,500.0,0.01,met,IMPUTED_MISSING
2025-04-01 04:00:00,GOV-EMERG-001,central,portal-main,87.4,3,0.109,0.0175,seasonal,low,1.3864,False,2880.0,10,50,500,5000,1.96,4.0,0.0,0.0,0.0,25.0,63.0,124.9,0.00108,none,0,0,0,500.0,0.01,met,VALID
2025-04-01 06:00:00,GOV-EMERG-001,central,portal-main,278.8,13,0.349,0.0558,seasonal,low,1.3696,False,2880.0,10,50,500,5000,5.86,5.48,0.0,0.0,0.0,26.4,60.8,144.3,0.00125,none,0,0,0,500.0,0.01,met,VALID
2025-04-01 08:00:00,GOV-EMERG-001,central,portal-main,674.1,31,0.843,0.1348,seasonal,low,1.3464,False,2880.0,10,50,500,5000,10.89,4.0,0.0,0.0,0.0,27.2,52.5,142.7,0.00156,none,0,0,0,500.0,0.01,met,IMPUTED_MISSING
2025-04-01 10:00:00,GOV-EMERG-001,central,portal-main,1100.8,66,1.376,0.2202,seasonal,low,1.3173,False,2880.0,10,50,500,5000,17.07,6.26,0.0,0.0,0.0,28.0,65.0,153.7,0.00193,none,0,0,0,500.0,0.01,met,VALID
2025-04-01 12:00:00,GOV-EMERG-001,central,status-page,892.4,54,1.116,0.1785,seasonal,low,1.2828,False,2880.0,10,50,500,5000,12.68,5.94,0.0,0.0,0.0,29.9,64.5,163.6,0.00108,none,0,0,0,500.0,0.01,met,VALID
2025-04-01 14:00:00,GOV-EMERG-001,central,status-page,1055.5,61,1.319,0.2111,seasonal,low,1.2435,False,2880.0,10,50,500,5000,20.3,15.9,0.0,0.0,0.0,31.8,71.8,157.1,0.00087,none,0,0,0,500.0,0.01,met,VALID
2025-04-01 16:00:00,GOV-EMERG-001,central,portal-main,796.5,31,0.996,0.1593,seasonal,low,1.2,False,2880.0,10,50,500,5000,20.18,12.38,0.0,0.0,0.0,29.4,70.6,126.7,0.00085,none,0,0,0,500.0,0.01,met,VALID
2025-04-01 18:00:00,GOV-EMERG-001,central,portal-main,598.1,34,0.748,0.1196,seasonal,low,1.1531,False,2880.0,10,50,500,5000,11.96,4.0,0.0,0.0,0.0,35.0,87.0,201.0,0.00061,none,0,0,0,500.0,0.01,met,VALID
2025-04-01 20:00:00,GOV-EMERG-001,central,api-data,435.3,24,0.544,0.0871,seasonal,low,1.1035,False,2880.0,10,50,500,5000,7.21,8.11,0.0,0.0,0.0,26.9,65.1,125.0,0.00118,none,0,0,0,500.0,0.01,met,VALID
2025-04-01 22:00:00,GOV-EMERG-001,central,portal-main,232.4,8,0.29,0.0465,seasonal,low,1.0522,False,2880.0,10,50,500,5000,2.39,4.0,0.0,0.0,0.0,25.9,65.7,109.2,0.0008,none,0,0,0,500.0,0.01,met,VALID
2025-04-02 00:00:00,GOV-EMERG-001,central,api-data,127.4,4,0.159,0.0255,normal,none,1.0,False,0.0,10,50,500,5000,1.76,4.0,0.0,0.0,0.0,28.9,61.9,123.1,0.00121,none,0,0,0,500.0,0.01,met,VALID
2025-04-02 02:00:00,GOV-EMERG-001,central,api-data,80.2,5,0.1,0.016,normal,none,1.0,False,0.0,10,50,500,5000,2.01,4.0,0.0,0.0,0.0,24.7,59.3,123.4,0.00063,none,0,0,0,500.0,0.01,met,VALID
2025-04-02 04:00:00,GOV-EMERG-001,central,portal-main,65.3,3,0.082,0.0131,normal,none,1.0,False,0.0,10,50,500,5000,2.74,4.0,0.0,0.0,0.0,27.5,69.7,133.4,0.00081,none,0,0,0,500.0,0.01,met,VALID
2025-04-02 06:00:00,GOV-EMERG-001,central,api-data,200.7,8,0.251,0.0401,normal,none,1.0,False,0.0,10,50,500,5000,1.0,4.0,0.0,0.0,0.0,20.9,45.7,111.5,0.00117,none,0,0,0,500.0,0.01,met,VALID
2025-04-02 08:00:00,GOV-EMERG-001,central,portal-main,583.7,28,0.73,0.1167,normal,none,1.0,False,0.0,10,50,500,5000,9.81,10.91,0.0,0.0,0.0,23.2,57.6,121.3,0.00095,none,0,0,0,500.0,0.01,met,IMPUTED_MISSING
2025-04-02 10:00:00,GOV-EMERG-001,central,portal-main,772.6,41,0.966,0.1545,normal,none,1.0,False,0.0,10,50,500,5000,14.63,13.68,0.0,0.0,0.0,30.1,77.1,126.7,0.00023,none,0,0,0,500.0,0.01,met,VALID
2025-04-02 12:00:00,GOV-EMERG-001,central,portal-main,684.6,34,0.856,0.1369,normal,none,1.0,False,0.0,10,50,500,5000,10.55,12.75,0.0,0.0,0.0,28.0,66.9,128.8,0.00099,none,0,0,0,500.0,0.01,met,VALID
2025-04-02 14:00:00,GOV-EMERG-001,central,portal-main,774.5,29,0.968,0.1549,normal,none,1.0,False,0.0,10,50,500,5000,12.29,10.84,0.0,0.0,0.0,26.3,55.3,152.6,0.00068,none,0,0,0,500.0,0.01,met,VALID
2025-04-02 16:00:00,GOV-EMERG-001,central,api-data,683.4,45,0.854,0.1367,normal,none,1.0,False,0.0,10,50,500,5000,11.57,7.78,0.0,0.0,0.0,29.4,63.5,162.9,0.00147,none,0,0,0,500.0,0.01,met,VALID
2025-04-02 18:00:00,GOV-EMERG-001,central,api-data,514.3,30,0.643,0.1029,normal,none,1.0,False,0.0,10,50,500,5000,8.38,4.0,0.0,0.0,0.0,28.7,69.1,164.8,0.00139,none,0,0,0,500.0,0.01,met,VALID
2025-04-02 20:00:00,GOV-EMERG-001,central,status-page,372.8,18,0.466,0.0746,normal,none,1.0,False,0.0,10,50,500,5000,4.65,4.0,0.0,0.0,0.0,24.2,60.9,97.8,9e-05,none,0,0,0,500.0,0.01,met,VALID
2025-04-02 22:00:00,GOV-EMERG-001,central,status-page,238.6,11,0.298,0.0477,normal,none,1.0,False,0.0,10,50,500,5000,6.1,6.81,0.0,0.0,0.0,24.2,48.7,140.8,0.00132,none,0,0,0,500.0,0.01,met,VALID
2025-04-03 00:00:00,GOV-EMERG-001,midwest,portal-main,114.1,6,0.143,0.0228,disaster,critical,1.0,True,840.0,10,50,500,5000,2.84,4.0,0.0,0.0,0.0,26.4,58.1,151.3,0.00116,none,0,0,0,500.0,0.01,met,VALID
2025-04-03 00:30:00,GOV-EMERG-001,midwest,portal-main,1491.6,61,1.864,0.2983,disaster,critical,1.0,True,840.0,10,50,500,5000,22.55,18.74,0.0,0.0,0.0,31.5,67.5,154.7,0.00041,none,0,0,0,500.0,0.01,met,VALID
2025-04-03 01:00:00,GOV-EMERG-001,midwest,api-data,1613.0,85,2.016,0.3226,disaster,critical,1.0,True,840.0,10,50,500,5000,26.33,11.74,0.0,0.0,0.0,34.5,77.7,184.4,0.00135,none,0,0,0,500.0,0.01,met,VALID
2025-04-03 01:30:00,GOV-EMERG-001,midwest,status-page,1408.75,49,1.761,0.2818,disaster,critical,1.0,True,840.0,10,50,500,5000,21.21,13.96,0.0,0.0,0.0,35.6,87.6,161.7,0.00049,none,0,0,0,500.0,0.01,met,IMPUTED_MISSING
2025-04-03 02:00:00,GOV-EMERG-001,midwest,portal-main,1204.5,60,1.506,0.2409,disaster,critical,1.0,True,840.0,10,50,500,5000,19.16,13.25,0.0,0.0,0.0,32.8,75.6,174.6,0.00146,none,0,0,0,500.0,0.01,met,VALID
2025-04-03 02:30:00,GOV-EMERG-001,midwest,portal-main,1142.4,46,1.428,0.2285,disaster,critical,1.0,True,840.0,10,50,500,5000,20.12,13.74,0.0,0.0,0.0,30.5,70.5,170.7,0.00074,none,0,0,0,500.0,0.01,met,VALID
2025-04-03 03:00:00,GOV-EMERG-001,midwest,portal-main,1147.2,47,1.434,0.2294,disaster,critical,1.0,True,840.0,10,50,500,5000,22.8,8.62,0.0,0.0,0.0,28.8,68.2,143.2,0.00039,none,0,0,0,500.0,0.01,met,VALID
2025-04-03 03:30:00,GOV-EMERG-001,midwest,portal-main,908.1,58,1.135,0.1816,disaster,critical,1.0,True,840.0,10,50,500,5000,14.86,10.54,0.0,0.0,0.0,26.5,61.2,107.5,0.00185,none,0,0,0,500.0,0.01,met,VALID
2025-04-03 04:00:00,GOV-EMERG-001,midwest,api-data,1154.3,58,1.443,0.2309,disaster,critical,1.0,True,840.0,10,50,500,5000,21.96,18.24,0.0,0.0,0.0,32.0,77.2,154.5,0.00038,none,0,0,0,500.0,0.01,met,VALID
2025-04-03 04:30:00,GOV-EMERG-001,midwest,portal-main,1447.6,75,1.81,0.2895,disaster,critical,1.0,True,840.0,10,50,500,5000,24.58,18.82,0.0,0.0,0.0,43.3,89.4,235.9,0.00068,none,0,0,0,500.0,0.01,met,VALID
2025-04-03 05:00:00,GOV-EMERG-001,midwest,api-data,1500.0,50,1.875,0.3,disaster,critical,1.0,True,840.0,10,50,500,5000,25.02,22.83,0.0,0.0,0.0,38.0,76.5,205.4,0.00076,none,0,0,0,500.0,0.01,met,IMPUTED_MISSING
2025-04-03 05:30:00,GOV-EMERG-001,midwest,api-data,2382.7,107,2.978,0.4765,disaster,critical,1.0,True,840.0,10,50,500,5000,40.15,26.84,0.0,0.0,0.0,42.4,105.9,211.0,0.00082,none,0,0,0,500.0,0.01,met,VALID
2025-04-03 06:00:00,GOV-EMERG-001,midwest,api-data,2688.7,145,3.361,0.5377,disaster,critical,1.0,True,840.0,10,50,500,5000,40.05,27.35,0.0,0.0,0.0,56.9,130.2,339.8,0.00128,none,0,0,0,500.0,0.01,met,VALID
2025-04-03 06:30:00,GOV-EMERG-001,midwest,portal-main,3801.8,196,4.752,0.7604,disaster,critical,1.0,True,840.0,10,50,500,5000,61.32,35.68,0.0,0.0,0.0,101.3,220.8,428.9,0.00102,none,0,0,0,500.0,0.01,met,VALID
2025-04-03 07:00:00,GOV-EMERG-001,midwest,portal-main,5834.5,187,7.293,1.1669,disaster,critical,1.0,True,840.0,10,50,500,5000,96.32,65.45,25034.8,834.49,300.42,2139.4,3303.85,9234.8,0.01058,scale_out,5,0,3600,500.0,0.01,breached,IMPUTED_MISSING
2025-04-03 07:30:00,GOV-EMERG-001,midwest,api-data,7010.4,363,8.763,1.4021,disaster,critical,1.0,True,840.0,10,50,500,5000,99.8,57.4,85148.0,2003.77,600.0,2672.3,6386.9,12069.8,0.08356,none,0,0,0,500.0,0.01,breached,VALID
2025-04-03 08:00:00,GOV-EMERG-001,midwest,api-data,7785.7,413,9.732,1.0381,disaster,critical,1.0,True,840.0,15,50,500,7500,97.54,75.83,93418.2,275.67,600.0,2089.25,3673.2,9935.3,0.00423,scale_out,6,0,5400,500.0,0.01,breached,IMPUTED_MISSING
2025-04-03 08:30:00,GOV-EMERG-001,midwest,portal-main,7734.4,469,9.668,1.0313,disaster,critical,1.0,True,840.0,15,50,500,7500,95.14,59.15,100149.4,224.37,600.0,1506.2,3485.5,8322.5,0.00453,none,0,0,0,500.0,0.01,breached,VALID
2025-04-03 09:00:00,GOV-EMERG-001,midwest,api-data,8954.3,399,11.193,1.1939,disaster,critical,1.0,True,840.0,15,50,500,7500,95.67,68.09,143478.1,1444.29,600.0,2016.7,4167.3,11183.6,0.01698,none,0,0,0,500.0,0.01,breached,VALID
2025-04-03 09:30:00,GOV-EMERG-001,midwest,portal-main,9759.0,306,12.199,0.9294,disaster,critical,1.0,True,840.0,21,50,500,10500,90.38,56.52,143058.1,-14.0,600.0,351.4,883.9,2023.6,0.0045,scale_out,5,0,1800,500.0,0.01,met,VALID
2025-04-03 10:00:00,GOV-EMERG-001,midwest,api-data,9394.6,392,11.743,0.7227,disaster,critical,1.0,True,840.0,26,50,500,13000,58.36,37.81,142538.1,-17.33,600.0,93.1,217.6,454.9,0.00183,none,0,0,0,500.0,0.01,met,VALID
2025-04-03 10:30:00,GOV-EMERG-001,midwest,portal-main,6695.4,274,8.369,0.515,disaster,critical,1.0,True,840.0,26,50,500,13000,42.59,27.46,142018.1,-17.33,600.0,52.7,131.1,244.5,0.00124,none,0,0,0,500.0,0.01,met,VALID
2025-04-03 11:00:00,GOV-EMERG-001,midwest,portal-main,5893.8,331,7.367,0.4534,disaster,critical,1.0,True,840.0,26,50,500,13000,38.69,24.63,141498.1,-17.33,600.0,50.8,123.5,264.0,0.00138,none,0,0,0,500.0,0.01,met,VALID
2025-04-03 11:30:00,GOV-EMERG-001,midwest,portal-main,5106.2,140,6.383,0.3928,disaster,critical,1.0,True,840.0,26,50,500,13000,32.85,19.4,140978.1,-17.33,600.0,44.0,109.6,212.3,0.00139,none,0,0,0,500.0,0.01,met,VALID
2025-04-03 12:00:00,GOV-EMERG-001,midwest,portal-main,4022.25,177,5.028,0.3094,disaster,critical,1.0,True,840.0,26,50,500,13000,24.96,13.24,140458.1,-17.33,600.0,32.6,72.0,164.7,0.00083,scale_in,0,16,3600,500.0,0.01,met,IMPUTED_MISSING
2025-04-03 12:30:00,GOV-EMERG-001,midwest,portal-main,2938.3,182,3.673,0.226,disaster,critical,1.0,True,840.0,26,50,500,13000,21.85,12.5,139938.1,-17.33,600.0,44.0,91.6,188.2,0.00125,none,0,0,0,500.0,0.01,met,VALID
2025-04-03 13:00:00,GOV-EMERG-001,midwest,portal-main,2036.8,122,2.546,0.4074,disaster,critical,1.0,True,840.0,10,50,500,5000,32.06,17.04,139738.1,-6.67,600.0,44.4,112.6,212.8,0.00113,none,0,0,0,500.0,0.01,met,IMPUTED_MISSING
2025-04-03 13:30:00,GOV-EMERG-001,midwest,portal-main,1086.2,62,1.358,0.2172,disaster,critical,1.0,True,840.0,10,50,500,5000,19.51,7.12,139538.1,-6.67,600.0,29.7,75.3,147.0,0.00078,none,0,0,0,500.0,0.01,met,VALID
2025-04-03 14:00:00,GOV-EMERG-001,central,api-data,865.9,31,1.082,0.1732,normal,none,1.0,False,0.0,10,50,500,5000,11.82,7.85,139338.1,-6.67,600.0,31.1,78.6,129.7,0.00051,none,0,0,0,500.0,0.01,met,VALID
2025-04-03 16:00:00,GOV-EMERG-001,central,portal-main,699.9,26,0.875,0.14,normal,none,1.0,False,0.0,10,50,500,5000,13.56,7.31,138538.1,-6.67,600.0,31.6,81.9,189.2,0.00101,none,0,0,0,500.0,0.01,met,VALID
2025-04-03 18:00:00,GOV-EMERG-001,central,api-data,540.9,34,0.676,0.1082,normal,none,1.0,False,0.0,10,50,500,5000,8.31,4.0,137738.1,-6.67,600.0,30.4,71.7,123.9,0.00123,none,0,0,0,500.0,0.01,met,VALID
2025-04-03 20:00:00,GOV-EMERG-001,central,api-data,356.4,18,0.445,0.0713,normal,none,1.0,False,0.0,10,50,500,5000,8.22,10.16,136938.1,-6.67,600.0,28.9,66.7,168.8,0.00101,none,0,0,0,500.0,0.01,met,VALID
2025-04-03 22:00:00,GOV-EMERG-001,central,portal-main,216.1,11,0.27,0.0432,normal,none,1.0,False,0.0,10,50,500,5000,4.65,4.0,136138.1,-6.67,600.0,30.0,74.3,124.8,0.00093,none,0,0,0,500.0,0.01,met,VALID
2025-04-04 00:00:00,GOV-EMERG-001,central,portal-main,117.7,5,0.147,0.0235,normal,none,1.0,False,0.0,10,50,500,5000,5.24,7.75,135338.1,-6.67,600.0,29.1,60.1,166.3,0.00101,none,0,0,0,500.0,0.01,met,VALID
2025-04-04 02:00:00,GOV-EMERG-001,central,api-data,76.7,4,0.096,0.0153,normal,none,1.0,False,0.0,10,50,500,5000,1.0,4.0,134538.1,-6.67,600.0,22.0,72.0,112.1,0.00089,none,0,0,0,500.0,0.01,met,IMPUTED_MISSING
2025-04-04 04:00:00,GOV-EMERG-001,central,api-data,56.5,2,0.071,0.0113,normal,none,1.0,False,0.0,10,50,500,5000,1.0,4.0,133738.1,-6.67,600.0,33.7,83.9,148.1,0.00162,none,0,0,0,500.0,0.01,met,VALID
2025-04-04 06:00:00,GOV-EMERG-001,central,portal-main,186.9,11,0.234,0.0374,normal,none,1.0,False,0.0,10,50,500,5000,3.11,4.0,132938.1,-6.67,600.0,33.8,79.4,151.0,0.00111,none,0,0,0,500.0,0.01,met,VALID
2025-04-04 08:00:00,GOV-EMERG-001,central,api-data,529.8,39,0.662,0.106,normal,none,1.0,False,0.0,10,50,500,5000,10.25,4.0,132138.1,-6.67,600.0,31.2,69.6,146.6,0.00081,none,0,0,0,500.0,0.01,met,VALID
2025-04-04 10:00:00,GOV-EMERG-001,central,portal-main,740.6,40,0.926,0.1481,normal,none,1.0,False,0.0,10,50,500,5000,15.57,13.69,131338.1,-6.67,600.0,29.5,70.6,164.9,0.00028,none,0,0,0,500.0,0.01,met,VALID
2025-04-04 12:00:00,GOV-EMERG-001,central,portal-main,734.7,33,0.918,0.1469,normal,none,1.0,False,0.0,10,50,500,5000,7.27,7.06,130538.1,-6.67,600.0,29.5,75.3,126.8,0.00092,none,0,0,0,500.0,0.01,met,VALID
2025-04-04 14:00:00,GOV-EMERG-001,central,api-data,778.2,22,0.973,0.1556,normal,none,1.0,False,0.0,10,50,500,5000,12.76,8.53,129738.1,-6.67,600.0,28.3,59.3,127.0,0.00077,none,0,0,0,500.0,0.01,met,VALID
2025-04-04 16:00:00,GOV-EMERG-001,central,portal-main,690.4,25,0.863,0.1381,normal,none,1.0,False,0.0,10,50,500,5000,11.49,6.1,128938.1,-6.67,600.0,28.2,61.7,152.0,0.00075,none,0,0,0,500.0,0.01,met,VALID
2025-04-04 18:00:00,GOV-EMERG-001,central,api-data,500.5,32,0.626,0.1001,normal,none,1.0,False,0.0,10,50,500,5000,8.12,12.56,128138.1,-6.67,600.0,19.0,45.7,99.5,0.00138,none,0,0,0,500.0,0.01,met,VALID
2025-04-04 20:00:00,GOV-EMERG-001,central,portal-main,343.4,14,0.429,0.0687,normal,none,1.0,False,0.0,10,50,500,5000,5.03,4.0,127338.1,-6.67,600.0,33.0,82.4,159.6,0.00103,none,0,0,0,500.0,0.01,met,VALID
2025-04-04 22:00:00,GOV-EMERG-001,central,api-data,202.8,10,0.254,0.0406,normal,none,1.0,False,0.0,10,50,500,5000,7.77,6.31,126538.1,-6.67,600.0,30.8,73.6,126.8,0.00033,none,0,0,0,500.0,0.01,met,VALID
2025-04-05 00:00:00,GOV-EMERG-001,central,portal-main,96.1,5,0.12,0.0192,normal,none,1.0,False,0.0,10,50,500,5000,1.0,4.0,125738.1,-6.67,600.0,18.8,44.2,96.1,0.00125,none,0,0,0,500.0,0.01,met,VALID
2025-04-05 02:00:00,GOV-EMERG-001,central,portal-main,64.0,4,0.08,0.0128,normal,none,1.0,False,0.0,10,50,500,5000,1.84,4.0,124938.1,-6.67,600.0,28.9,59.3,128.8,0.00037,none,0,0,0,500.0,0.01,met,VALID
2025-04-05 04:00:00,GOV-EMERG-001,central,portal-main,47.7,2,0.06,0.0095,normal,none,1.0,False,0.0,10,50,500,5000,5.11,4.0,124138.1,-6.67,600.0,25.2,57.0,131.7,0.00128,none,0,0,0,500.0,0.01,met,VALID
2025-04-05 06:00:00,GOV-EMERG-001,central,portal-main,155.7,7,0.195,0.0311,normal,none,1.0,False,0.0,10,50,500,5000,1.0,4.0,123338.1,-6.67,600.0,25.0,63.4,113.8,0.00081,none,0,0,0,500.0,0.01,met,VALID
2025-04-05 08:00:00,GOV-EMERG-001,central,api-data,440.8,22,0.551,0.0882,normal,none,1.0,False,0.0,10,50,500,5000,7.61,9.42,122538.1,-6.67,600.0,29.4,65.2,175.2,0.00103,none,0,0,0,500.0,0.01,met,VALID
2025-04-05 10:00:00,GOV-EMERG-001,central,portal-main,653.2,29,0.816,0.1306,normal,none,1.0,False,0.0,10,50,500,5000,10.7,11.19,121738.1,-6.67,600.0,21.8,48.5,112.9,0.00099,none,0,0,0,500.0,0.01,met,REPAIRED_CAPACITY
2025-04-05 12:00:00,GOV-EMERG-001,central,portal-main,589.3,27,0.737,0.1179,normal,none,1.0,False,0.0,10,50,500,5000,12.82,7.02,120938.1,-6.67,600.0,28.3,62.7,145.5,0.00094,none,0,0,0,500.0,0.01,met,VALID
2025-04-05 14:00:00,GOV-EMERG-001,central,portal-main,621.4,33,0.777,0.1243,normal,none,1.0,False,0.0,10,50,500,5000,11.75,4.0,120138.1,-6.67,600.0,28.9,64.0,163.8,0.00108,none,0,0,0,500.0,0.01,met,VALID
2025-04-05 16:00:00,GOV-EMERG-001,central,portal-main,556.8,29,0.696,0.1114,normal,none,1.0,False,0.0,10,50,500,5000,10.54,11.16,119338.1,-6.67,600.0,28.5,63.8,170.3,0.00103,none,0,0,0,500.0,0.01,met,VALID
2025-04-05 18:00:00,GOV-EMERG-001,central,api-data,412.2,28,0.515,0.0824,normal,none,1.0,False,0.0,10,50,500,5000,4.93,4.02,118538.1,-6.67,600.0,21.8,53.7,121.0,0.00175,none,0,0,0,500.0,0.01,met,VALID
2025-04-05 20:00:00,GOV-EMERG-001,central,portal-main,246.7,13,0.308,0.0493,normal,none,1.0,False,0.0,10,50,500,5000,4.26,4.0,117738.1,-6.67,600.0,28.1,63.8,145.7,0.00109,none,0,0,0,500.0,0.01,met,VALID
2025-04-05 22:00:00,GOV-EMERG-001,central,status-page,174.9,10,0.219,0.035,normal,none,1.0,False,0.0,10,50,500,5000,3.4,5.97,116938.1,-6.67,600.0,30.1,71.3,172.6,0.0011,none,0,0,0,500.0,0.01,met,VALID
2025-04-06 00:00:00,GOV-EMERG-001,central,portal-main,94.9,4,0.119,0.019,normal,none,1.0,False,0.0,10,50,500,5000,1.0,4.0,116138.1,-6.67,600.0,27.1,61.4,118.3,0.00072,none,0,0,0,500.0,0.01,met,VALID
2025-04-06 02:00:00,GOV-EMERG-001,central,api-data,55.0,3,0.069,0.011,normal,none,1.0,False,0.0,10,50,500,5000,1.0,4.0,115338.1,-6.67,600.0,24.4,61.5,134.7,0.00115,none,0,0,0,500.0,0.01,met,VALID
2025-04-06 04:00:00,GOV-EMERG-001,central,portal-main,48.3,2,0.06,0.0097,normal,none,1.0,False,0.0,10,50,500,5000,1.99,4.0,114538.1,-6.67,600.0,36.0,75.9,193.0,0.00059,none,0,0,0,500.0,0.01,met,VALID
2025-04-06 06:00:00,GOV-EMERG-001,central,portal-main,161.9,9,0.202,0.0324,normal,none,1.0,False,0.0,10,50,500,5000,3.7,4.0,113738.1,-6.67,600.0,22.1,45.9,113.5,0.00146,none,0,0,0,500.0,0.01,met,VALID
2025-04-06 08:00:00,GOV-EMERG-001,central,api-data,404.0,23,0.505,0.0808,normal,none,1.0,False,0.0,10,50,500,5000,3.7,8.19,112938.1,-6.67,600.0,30.3,68.0,173.7,0.00041,none,0,0,0,500.0,0.01,met,VALID
2025-04-06 10:00:00,GOV-EMERG-001,central,status-page,600.1,30,0.75,0.12,normal,none,1.0,False,0.0,10,50,500,5000,6.94,7.33,112138.1,-6.67,600.0,29.4,75.9,159.2,0.00066,none,0,0,0,500.0,0.01,met,VALID
2025-04-06 12:00:00,GOV-EMERG-001,central,api-data,504.8,35,0.631,0.101,normal,none,1.0,False,0.0,10,50,500,5000,2.36,4.0,111338.1,-6.67,600.0,35.9,86.8,194.8,0.00035,none,0,0,0,500.0,0.01,met,VALID
2025-04-06 14:00:00,GOV-EMERG-001,central,portal-main,648.8,40,0.811,0.1298,normal,none,1.0,False,0.0,10,50,500,5000,9.97,5.45,110538.1,-6.67,600.0,30.3,71.7,176.2,0.00117,none,0,0,0,500.0,0.01,met,VALID
2025-04-06 16:00:00,GOV-EMERG-001,central,portal-main,507.9,30,0.635,0.1016,normal,none,1.0,False,0.0,10,50,500,5000,7.51,4.0,109738.1,-6.67,600.0,30.2,67.5,163.2,0.00083,none,0,0,0,500.0,0.01,met,VALID
2025-04-06 18:00:00,GOV-EMERG-001,central,api-data,390.9,22,0.489,0.0782,normal,none,1.0,False,0.0,10,50,500,5000,5.55,4.0,108938.1,-6.67,600.0,29.1,63.4,131.5,0.00127,none,0,0,0,500.0,0.01,met,VALID
2025-04-06 20:00:00,GOV-EMERG-001,central,portal-main,288.3,19,0.36,0.0577,normal,none,1.0,False,0.0,10,50,500,5000,1.0,4.0,108138.1,-6.67,600.0,22.3,57.4,97.4,0.00061,none,0,0,0,500.0,0.01,met,VALID
2025-04-06 22:00:00,GOV-EMERG-001,central,api-data,173.6,7,0.217,0.0347,normal,none,1.0,False,0.0,10,50,500,5000,1.88,4.0,107338.1,-6.67,600.0,22.4,50.6,112.7,0.00121,none,0,0,0,500.0,0.01,met,VALID
2025-04-07 00:00:00,GOV-EMERG-001,central,portal-main,114.7,7,0.143,0.0229,normal,none,1.0,False,0.0,10,50,500,5000,1.0,4.0,106538.1,-6.67,600.0,24.5,59.4,109.4,0.00123,none,0,0,0,500.0,0.01,met,VALID
2025-04-07 02:00:00,GOV-EMERG-001,central,portal-main,77.4,3,0.097,0.0155,normal,none,1.0,False,0.0,10,50,500,5000,1.0,4.2,105738.1,-6.67,600.0,29.2,72.7,157.8,0.00108,none,0,0,0,500.0,0.01,met,VALID
2025-04-07 04:00:00,GOV-EMERG-001,central,api-data,65.6,3,0.082,0.0131,normal,none,1.0,False,0.0,10,50,500,5000,1.0,4.0,104938.1,-6.67,600.0,26.3,62.9,149.3,0.00101,none,0,0,0,500.0,0.01,met,VALID
2025-04-07 06:00:00,GOV-EMERG-001,central,api-data,193.8,11,0.242,0.0388,normal,none,1.0,False,0.0,10,50,500,5000,4.55,4.0,104138.1,-6.67,600.0,25.2,53.9,115.4,0.00105,none,0,0,0,500.0,0.01,met,VALID
2025-04-07 08:00:00,GOV-EMERG-001,central,portal-main,500.7,30,0.626,0.1001,normal,none,1.0,False,0.0,10,50,500,5000,5.81,4.0,103338.1,-6.67,600.0,33.3,72.3,193.9,0.00064,none,0,0,0,500.0,0.01,met,VALID
2025-04-07 10:00:00,GOV-EMERG-001,central,portal-main,797.9,32,0.997,0.1596,normal,none,1.0,False,0.0,10,50,500,5000,11.39,7.56,102538.1,-6.67,600.0,21.8,43.9,119.9,0.00057,none,0,0,0,500.0,0.01,met,VALID
2025-04-07 12:00:00,GOV-EMERG-001,central,portal-main,666.7,30,0.833,0.1333,normal,none,1.0,False,0.0,10,50,500,5000,9.14,6.72,101738.1,-6.67,600.0,23.7,61.1,141.4,0.00122,none,0,0,0,500.0,0.01,met,VALID
2025-04-07 14:00:00,GOV-EMERG-001,central,portal-main,864.7,44,1.081,0.1729,normal,none,1.0,False,0.0,10,50,500,5000,14.01,10.37,100938.1,-6.67,600.0,28.75,50.6,89.0,0.00085,none,0,0,0,500.0,0.01,met,IMPUTED_MISSING
2025-04-07 16:00:00,GOV-EMERG-001,central,portal-main,686.0,33,0.858,0.1372,normal,none,1.0,False,0.0,10,50,500,5000,7.77,4.0,100138.1,-6.67,600.0,33.8,75.8,166.4,0.00118,none,0,0,0,500.0,0.01,met,VALID
2025-04-07 18:00:00,GOV-EMERG-001,central,portal-main,496.5,28,0.621,0.0993,normal,none,1.0,False,0.0,10,50,500,5000,9.54,9.48,99338.1,-6.67,600.0,27.4,69.4,144.5,0.00162,none,0,0,0,500.0,0.01,met,VALID
2025-04-07 20:00:00,GOV-EMERG-001,central,api-data,347.4,27,0.434,0.0695,normal,none,1.0,False,0.0,10,50,500,5000,5.58,6.63,98538.1,-6.67,600.0,30.7,64.3,169.8,0.00082,none,0,0,0,500.0,0.01,met,VALID
2025-04-07 22:00:00,GOV-EMERG-001,central,api-data,230.39999999999998,11,0.288,0.0461,normal,none,1.0,False,0.0,10,50,500,5000,5.95,4.0,97738.1,-6.67,600.0,25.6,51.9,149.2,0.00076,none,0,0,0,500.0,0.01,met,IMPUTED_MISSING
2025-04-08 00:00:00,GOV-EMERG-001,central,portal-main,113.4,5,0.142,0.0227,normal,none,1.0,False,0.0,10,50,500,5000,4.92,4.73,96938.1,-6.67,600.0,29.7,61.8,171.6,0.00087,none,0,0,0,500.0,0.01,met,VALID
2025-04-08 02:00:00,GOV-EMERG-001,central,portal-main,84.1,3,0.105,0.0168,normal,none,1.0,False,0.0,10,50,500,5000,1.0,4.0,96138.1,-6.67,600.0,24.9,63.0,111.4,0.00102,none,0,0,0,500.0,0.01,met,VALID
2025-04-08 04:00:00,GOV-EMERG-001,central,portal-main,71.1,3,0.089,0.0142,normal,none,1.0,False,0.0,10,50,500,5000,1.0,4.0,95338.1,-6.67,600.0,27.0,56.6,130.8,0.00125,none,0,0,0,500.0,0.01,met,VALID
2025-04-08 06:00:00,GOV-EMERG-001,central,portal-main,207.3,9,0.259,0.0415,normal,none,1.0,False,0.0,10,50,500,5000,1.0,4.0,94538.1,-6.67,600.0,27.1,55.4,147.5,0.00099,none,0,0,0,500.0,0.01,met,VALID
2025-04-08 08:00:00,GOV-EMERG-001,central,portal-main,557.4,30,0.697,0.1115,normal,none,1.0,False,0.0,10,50,500,5000,5.57,4.0,93738.1,-6.67,600.0,29.5,62.3,125.8,0.00183,none,0,0,0,500.0,0.01,met,VALID
2025-04-08 10:00:00,GOV-EMERG-001,central,portal-main,782.7,42,0.978,0.1565,normal,none,1.0,False,0.0,10,50,500,5000,15.0,9.93,92938.1,-6.67,600.0,36.4,81.8,215.3,0.00117,none,0,0,0,500.0,0.01,met,VALID
2025-04-08 12:00:00,GOV-EMERG-001,central,api-data,685.6,32,0.857,0.1371,normal,none,1.0,False,0.0,10,50,500,5000,8.38,7.61,92138.1,-6.67,600.0,22.5,51.6,123.5,0.00131,none,0,0,0,500.0,0.01,met,VALID
2025-04-08 14:00:00,GOV-EMERG-001,central,portal-main,882.4,59,1.103,0.1765,normal,none,1.0,False,0.0,10,50,500,5000,14.11,6.53,91338.1,-6.67,600.0,30.1,64.4,170.2,0.00099,none,0,0,0,500.0,0.01,met,VALID
2025-04-08 16:00:00,GOV-EMERG-001,central,portal-main,673.6,30,0.842,0.1347,normal,none,1.0,False,0.0,10,50,500,5000,9.14,11.38,90538.1,-6.67,600.0,29.7,73.7,172.6,0.0014,none,0,0,0,500.0,0.01,met,VALID
2025-04-08 18:00:00,GOV-EMERG-001,central,portal-main,575.0,28,0.719,0.115,normal,none,1.0,False,0.0,10,50,500,5000,8.05,4.0,89738.1,-6.67,600.0,28.4,73.3,123.9,0.00092,none,0,0,0,500.0,0.01,met,VALID
2025-04-08 20:00:00,GOV-EMERG-001,central,api-data,385.1,21,0.481,0.077,normal,none,1.0,False,0.0,10,50,500,5000,8.63,5.18,88938.1,-6.67,600.0,25.5,55.4,123.5,0.00074,none,0,0,0,500.0,0.01,met,VALID
2025-04-08 22:00:00,GOV-EMERG-001,central,portal-main,250.55,12,0.313,0.0501,normal,none,1.0,False,0.0,10,50,500,5000,6.28,5.44,88138.1,-6.67,600.0,23.9,61.2,126.9,0.00136,none,0,0,0,500.0,0.01,met,IMPUTED_MISSING
2025-04-09 00:00:00,GOV-EMERG-001,central,portal-main,116.0,7,0.145,0.0232,normal,none,1.0,False,0.0,10,50,500,5000,1.0,4.0,87338.1,-6.67,600.0,31.7,79.0,179.0,0.00098,none,0,0,0,500.0,0.01,met,VALID
2025-04-09 02:00:00,GOV-EMERG-001,central,api-data,77.3,4,0.097,0.0155,normal,none,1.0,False,0.0,10,50,500,5000,1.0,4.0,86538.1,-6.67,600.0,25.1,63.6,137.5,0.0011,none,0,0,0,500.0,0.01,met,VALID
2025-04-09 04:00:00,GOV-EMERG-001,central,portal-main,63.7,4,0.08,0.0127,normal,none,1.0,False,0.0,10,50,500,5000,1.0,5.4,85738.1,-6.67,600.0,35.1,71.4,148.8,0.00139,none,0,0,0,500.0,0.01,met,VALID
2025-04-09 06:00:00,GOV-EMERG-001,central,portal-main,199.4,9,0.249,0.0399,normal,none,1.0,False,0.0,10,50,500,5000,7.06,4.0,84938.1,-6.67,600.0,28.2,70.4,149.0,0.00106,none,0,0,0,500.0,0.01,met,IMPUTED_MISSING
2025-04-09 08:00:00,GOV-EMERG-001,central,status-page,643.9,37,0.805,0.1288,normal,none,1.0,False,0.0,10,50,500,5000,13.12,7.64,84138.1,-6.67,600.0,27.5,64.8,126.3,0.00094,none,0,0,0,500.0,0.01,met,VALID
2025-04-09 10:00:00,GOV-EMERG-001,central,portal-main,756.9,44,0.946,0.1514,normal,none,1.0,False,0.0,10,50,500,5000,12.7,7.48,83338.1,-6.67,600.0,31.7,64.1,152.4,0.00079,none,0,0,0,500.0,0.01,met,VALID
2025-04-09 12:00:00,GOV-EMERG-001,central,portal-main,728.2,46,0.91,0.1456,normal,none,1.0,False,0.0,10,50,500,5000,14.95,11.09,82538.1,-6.67,600.0,29.7,72.8,177.8,0.00142,none,0,0,0,500.0,0.01,met,VALID
2025-04-09 14:00:00,GOV-EMERG-001,central,portal-main,704.05,30,0.88,0.1408,normal,none,1.0,False,0.0,10,50,500,5000,16.96,11.41,81738.1,-6.67,600.0,35.3,75.7,152.3,0.00086,none,0,0,0,500.0,0.01,met,IMPUTED_MISSING
2025-04-09 16:00:00,GOV-EMERG-001,central,portal-main,679.9,29,0.85,0.136,normal,none,1.0,False,0.0,10,50,500,5000,13.66,11.39,80938.1,-6.67,600.0,24.3,60.1,102.1,0.00098,none,0,0,0,500.0,0.01,met,VALID
2025-04-09 18:00:00,GOV-EMERG-001,central,api-data,522.9,30,0.654,0.1046,normal,none,1.0,False,0.0,10,50,500,5000,10.15,5.77,80138.1,-6.67,600.0,20.7,49.2,99.8,0.00111,none,0,0,0,500.0,0.01,met,VALID
2025-04-09 20:00:00,GOV-EMERG-001,central,portal-main,341.2,10,0.426,0.0682,normal,none,1.0,False,0.0,10,50,500,5000,5.21,4.0,79338.1,-6.67,600.0,28.3,64.9,162.0,0.00111,none,0,0,0,500.0,0.01,met,VALID
2025-04-09 22:00:00,GOV-EMERG-001,central,portal-main,225.2,12,0.282,0.045,normal,none,1.0,False,0.0,10,50,500,5000,1.0,4.0,78538.1,-6.67,600.0,29.5,59.5,127.7,0.00141,none,0,0,0,500.0,0.01,met,VALID
2025-04-10 00:00:00,GOV-EMERG-001,central,portal-main,123.1,7,0.154,0.0246,normal,none,1.0,False,0.0,10,50,500,5000,2.44,4.98,77738.1,-6.67,600.0,26.8,67.8,111.4,0.00097,none,0,0,0,500.0,0.01,met,VALID
2025-04-10 02:00:00,GOV-EMERG-001,central,portal-main,81.3,4,0.102,0.0163,normal,none,1.0,False,0.0,10,50,500,5000,2.89,4.0,76938.1,-6.67,600.0,28.1,58.7,136.0,0.00155,none,0,0,0,500.0,0.01,met,VALID
2025-04-10 04:00:00,GOV-EMERG-001,central,portal-main,65.8,3,0.082,0.0132,normal,none,1.0,False,0.0,10,50,500,5000,1.57,4.0,76138.1,-6.67,600.0,27.4,68.5,144.4,0.0009,none,0,0,0,500.0,0.01,met,VALID
2025-04-10 06:00:00,GOV-EMERG-001,central,portal-main,214.1,9,0.268,0.0428,normal,none,1.0,False,0.0,10,50,500,5000,3.94,4.0,75338.1,-6.67,600.0,20.2,48.7,87.0,0.00115,none,0,0,0,500.0,0.01,met,VALID
2025-04-10 08:00:00,GOV-EMERG-001,central,api-data,586.2,27,0.733,0.1172,normal,none,1.0,False,0.0,10,50,500,5000,7.14,5.55,74538.1,-6.67,600.0,29.4,60.1,165.2,0.00093,none,0,0,0,500.0,0.01,met,VALID
2025-04-10 10:00:00,GOV-EMERG-001,central,portal-main,802.9,37,1.004,0.1606,normal,none,1.0,False,0.0,10,50,500,5000,16.82,10.01,73738.1,-6.67,600.0,35.1,81.5,199.5,0.00184,none,0,0,0,500.0,0.01,met,VALID
2025-04-10 12:00:00,GOV-EMERG-001,central,portal-main,677.8,30,0.847,0.1356,normal,none,1.0,False,0.0,10,50,500,5000,14.06,6.61,72938.1,-6.67,600.0,29.6,76.3,149.4,0.00086,none,0,0,0,500.0,0.01,met,VALID
2025-04-10 14:00:00,GOV-EMERG-001,central,portal-main,776.0,34,0.97,0.1552,normal,none,1.0,False,0.0,10,50,500,5000,10.88,4.29,72138.1,-6.67,600.0,24.4,62.2,98.9,0.0009,none,0,0,0,500.0,0.01,met,VALID
2025-04-10 16:00:00,GOV-EMERG-001,central,portal-main,672.5,32,0.841,0.1345,normal,none,1.0,False,0.0,10,50,500,5000,9.13,10.75,71338.1,-6.67,600.0,27.5,57.5,138.6,0.00105,none,0,0,0,500.0,0.01,met,VALID
2025-04-10 18:00:00,GOV-EMERG-001,central,portal-main,526.6,25,0.658,0.1053,normal,none,1.0,False,0.0,10,50,500,5000,5.36,4.0,70538.1,-6.67,600.0,30.2,63.5,133.6,0.00089,none,0,0,0,500.0,0.01,met,VALID
2025-04-10 20:00:00,GOV-EMERG-001,central,portal-main,351.4,23,0.439,0.0703,normal,none,1.0,False,0.0,10,50,500,5000,6.63,5.19,69738.1,-6.67,600.0,34.1,71.3,166.7,0.00113,none,0,0,0,500.0,0.01,met,VALID
2025-04-10 22:00:00,GOV-EMERG-001,central,portal-main,213.5,10,0.267,0.0427,normal,none,1.0,False,0.0,10,50,500,5000,2.76,4.0,68938.1,-6.67,600.0,18.3,44.9,100.9,0.00149,none,0,0,0,500.0,0.01,met,VALID
2025-04-11 00:00:00,GOV-EMERG-001,central,api-data,107.2,6,0.134,0.0214,normal,none,1.0,False,0.0,10,50,500,5000,3.06,4.55,68138.1,-6.67,600.0,27.0,56.6,110.9,0.00106,none,0,0,0,500.0,0.01,met,VALID
2025-04-11 02:00:00,GOV-EMERG-001,central,status-page,69.7,3,0.087,0.0139,normal,none,1.0,False,0.0,10,50,500,5000,1.0,4.0,67338.1,-6.67,600.0,21.6,44.1,86.5,0.00107,none,0,0,0,500.0,0.01,met,VALID
2025-04-11 04:00:00,GOV-EMERG-001,central,portal-main,60.1,3,0.075,0.012,normal,none,1.0,False,0.0,10,50,500,5000,1.0,4.0,66538.1,-6.67,600.0,27.3,61.1,116.6,0.00091,none,0,0,0,500.0,0.01,met,VALID
2025-04-11 06:00:00,GOV-EMERG-001,central,portal-main,176.0,6,0.22,0.0352,normal,none,1.0,False,0.0,10,50,500,5000,1.0,4.0,65738.1,-6.67,600.0,28.3,72.9,115.6,0.0008,none,0,0,0,500.0,0.01,met,VALID
2025-04-11 08:00:00,GOV-EMERG-001,central,portal-main,505.4,19,0.632,0.1011,normal,none,1.0,False,0.0,10,50,500,5000,5.07,7.88,64938.1,-6.67,600.0,26.9,58.7,121.5,0.00104,none,0,0,0,500.0,0.01,met,VALID
2025-04-11 10:00:00,GOV-EMERG-001,central,portal-main,745.0,30,0.931,0.149,normal,none,1.0,False,0.0,10,50,500,5000,11.93,7.154999999999999,64138.1,-6.67,600.0,31.9,77.7,153.4,0.001,none,0,0,0,500.0,0.01,met,IMPUTED_MISSING
2025-04-11 12:00:00,GOV-EMERG-001,central,portal-main,638.3,38,0.798,0.1277,normal,none,1.0,False,0.0,10,50,500,5000,12.66,6.43,63338.1,-6.67,600.0,33.2,69.3,184.7,0.00147,none,0,0,0,500.0,0.01,met,IMPUTED_MISSING
2025-04-11 14:00:00,GOV-EMERG-001,central,api-data,774.4,46,0.968,0.1549,normal,none,1.0,False,0.0,10,50,500,5000,13.84,5.95,62538.1,-6.67,600.0,28.9,68.6,117.5,0.00062,none,0,0,0,500.0,0.01,met,VALID
2025-04-11 16:00:00,GOV-EMERG-001,central,api-data,669.9,24,0.837,0.134,normal,none,1.0,False,0.0,10,50,500,5000,14.57,10.14,61738.1,-6.67,600.0,23.5,55.2,110.6,0.00158,none,0,0,0,500.0,0.01,met,VALID
2025-04-11 18:00:00,GOV-EMERG-001,central,api-data,480.4,22,0.6,0.0961,normal,none,1.0,False,0.0,10,50,500,5000,3.06,4.0,60938.1,-6.67,600.0,33.4,84.8,195.5,0.00094,none,0,0,0,500.0,0.01,met,VALID
2025-04-11 20:00:00,GOV-EMERG-001,central,portal-main,334.5,16,0.418,0.0669,normal,none,1.0,False,0.0,10,50,500,5000,5.06,4.0,60138.1,-6.67,600.0,30.1,73.2,155.1,0.00106,none,0,0,0,500.0,0.01,met,IMPUTED_MISSING
2025-04-11 22:00:00,GOV-EMERG-001,central,status-page,218.5,10,0.273,0.0437,normal,none,1.0,False,0.0,10,50,500,5000,8.0,6.36,59338.1,-6.67,600.0,28.4,58.9,160.5,0.00057,none,0,0,0,500.0,0.01,met,VALID
2025-04-12 00:00:00,GOV-EMERG-001,central,portal-main,92.6,5,0.116,0.0185,normal,none,1.0,False,0.0,10,50,500,5000,1.0,4.0,58538.1,-6.67,600.0,22.7,50.9,112.8,0.00122,none,0,0,0,500.0,0.01,met,VALID
2025-04-12 02:00:00,GOV-EMERG-001,central,portal-main,61.5,3,0.077,0.0123,normal,none,1.0,False,0.0,10,50,500,5000,1.0,4.0,57738.1,-6.67,600.0,29.3,58.5,122.7,0.00062,none,0,0,0,500.0,0.01,met,VALID
2025-04-12 04:00:00,GOV-EMERG-001,central,portal-main,54.3,3,0.068,0.0109,normal,none,1.0,False,0.0,10,50,500,5000,1.0,5.07,56938.1,-6.67,600.0,33.4,71.7,146.3,0.00115,none,0,0,0,500.0,0.01,met,VALID
2025-04-12 06:00:00,GOV-EMERG-001,central,status-page,167.1,10,0.209,0.0334,normal,none,1.0,False,0.0,10,50,500,5000,7.63,4.0,56138.1,-6.67,600.0,25.4,65.5,140.0,0.00111,none,0,0,0,500.0,0.01,met,VALID
2025-04-12 08:00:00,GOV-EMERG-001,central,portal-main,461.5,25,0.577,0.0923,normal,none,1.0,False,0.0,10,50,500,5000,9.41,4.0,55338.1,-6.67,600.0,27.9,63.5,159.9,0.00087,none,0,0,0,500.0,0.01,met,VALID
2025-04-12 10:00:00,GOV-EMERG-001,central,api-data,669.6,29,0.837,0.1339,normal,none,1.0,False,0.0,10,50,500,5000,14.69,8.23,54538.1,-6.67,600.0,24.6,62.0,121.4,0.00017,none,0,0,0,500.0,0.01,met,VALID
2025-04-12 12:00:00,GOV-EMERG-001,central,portal-main,519.1,27,0.649,0.1038,normal,none,1.0,False,0.0,10,50,500,5000,7.63,4.0,53738.1,-6.67,600.0,25.0,50.4,124.7,0.00186,none,0,0,0,500.0,0.01,met,VALID
2025-04-12 14:00:00,GOV-EMERG-001,central,status-page,683.3,29,0.854,0.1367,normal,none,1.0,False,0.0,10,50,500,5000,10.49,7.91,52938.1,-6.67,600.0,24.7,62.3,120.8,0.00058,none,0,0,0,500.0,0.01,met,VALID
2025-04-12 16:00:00,GOV-EMERG-001,central,portal-main,554.7,30,0.693,0.1109,normal,none,1.0,False,0.0,10,50,500,5000,10.05,8.13,52138.1,-6.67,600.0,28.6,72.6,115.6,0.00111,none,0,0,0,500.0,0.01,met,IMPUTED_MISSING
2025-04-12 18:00:00,GOV-EMERG-001,central,portal-main,437.0,24,0.546,0.0874,normal,none,1.0,False,0.0,10,50,500,5000,9.81,7.76,51338.1,-6.67,600.0,26.0,62.3,109.1,0.00071,none,0,0,0,500.0,0.01,met,VALID
2025-04-12 20:00:00,GOV-EMERG-001,central,status-page,293.6,11,0.367,0.0587,normal,none,1.0,False,0.0,10,50,500,5000,7.16,13.2,50538.1,-6.67,600.0,28.1,58.1,167.8,0.00142,none,0,0,0,500.0,0.01,met,VALID
2025-04-12 22:00:00,GOV-EMERG-001,central,portal-main,179.6,9,0.224,0.0359,normal,none,1.0,False,0.0,10,50,500,5000,5.99,4.0,49738.1,-6.67,596.86,22.4,56.5,91.3,0.00085,none,0,0,0,500.0,0.01,met,VALID
2025-04-13 00:00:00,GOV-EMERG-001,central,portal-main,88.8,4,0.111,0.0178,normal,none,1.0,False,0.0,10,50,500,5000,1.0,4.0,48938.1,-6.67,587.26,24.8,62.9,116.4,0.0007,none,0,0,0,500.0,0.01,met,VALID
2025-04-13 02:00:00,GOV-EMERG-001,central,portal-main,61.1,3,0.076,0.0122,normal,none,1.0,False,0.0,10,50,500,5000,1.0,4.0,48138.1,-6.67,577.66,21.5,45.6,115.7,0.00124,none,0,0,0,500.0,0.01,met,VALID
2025-04-13 04:00:00,GOV-EMERG-001,central,portal-main,47.3,3,0.059,0.0095,normal,none,1.0,False,0.0,10,50,500,5000,1.0,4.0,47338.1,-6.67,568.06,26.0,66.6,126.0,0.00049,none,0,0,0,500.0,0.01,met,VALID
2025-04-13 06:00:00,GOV-EMERG-001,central,portal-main,156.5,8,0.196,0.0313,normal,none,1.0,False,0.0,10,50,500,5000,1.0,4.0,46538.1,-6.67,558.46,19.3,48.7,115.0,0.00083,none,0,0,0,500.0,0.01,met,VALID
2025-04-13 08:00:00,GOV-EMERG-001,central,portal-main,386.7,18,0.483,0.0773,normal,none,1.0,False,0.0,10,50,500,5000,6.37,4.0,45738.1,-6.67,548.86,27.7,58.8,112.6,0.00128,none,0,0,0,500.0,0.01,met,VALID
2025-04-13 10:00:00,GOV-EMERG-001,central,portal-main,583.8,34,0.73,0.1168,normal,none,1.0,False,0.0,10,50,500,5000,9.56,10.41,44938.1,-6.67,539.26,27.2,60.8,156.3,0.0016,none,0,0,0,500.0,0.01,met,VALID
2025-04-13 12:00:00,GOV-EMERG-001,central,api-data,595.2,25,0.744,0.119,normal,none,1.0,False,0.0,10,50,500,5000,10.13,5.51,44138.1,-6.67,529.66,29.1,64.1,124.2,0.00062,none,0,0,0,500.0,0.01,met,VALID
2025-04-13 14:00:00,GOV-EMERG-001,central,portal-main,581.2,23,0.726,0.1162,normal,none,1.0,False,0.0,10,50,500,5000,10.74,10.0,43338.1,-6.67,520.06,21.7,49.8,95.6,0.00076,none,0,0,0,500.0,0.01,met,VALID
2025-04-13 16:00:00,GOV-EMERG-001,central,portal-main,503.9,13,0.63,0.1008,normal,none,1.0,False,0.0,10,50,500,5000,3.54,4.0,42538.1,-6.67,510.46,30.4,77.1,153.8,0.00114,none,0,0,0,500.0,0.01,met,VALID
2025-04-13 18:00:00,GOV-EMERG-001,central,portal-main,372.8,18,0.466,0.0746,normal,none,1.0,False,0.0,10,50,500,5000,6.05,4.0,41738.1,-6.67,500.86,25.8,65.2,148.3,0.0002,none,0,0,0,500.0,0.01,met,VALID
2025-04-13 20:00:00,GOV-EMERG-001,central,portal-main,274.5,12,0.343,0.0549,normal,none,1.0,False,0.0,10,50,500,5000,6.52,4.0,40938.1,-6.67,491.26,27.3,57.5,131.9,0.00154,none,0,0,0,500.0,0.01,met,VALID
2025-04-13 22:00:00,GOV-EMERG-001,central,portal-main,161.8,9,0.202,0.0324,normal,none,1.0,False,0.0,10,50,500,5000,4.8,4.0,40138.1,-6.67,481.66,18.4,42.8,84.2,0.0006,none,0,0,0,500.0,0.01,met,VALID
2025-04-14 00:00:00,GOV-EMERG-001,central,status-page,118.9,4,0.149,0.0238,normal,none,1.0,False,0.0,10,50,500,5000,1.0,4.31,39338.1,-6.67,472.06,20.6,47.9,99.1,0.00083,none,0,0,0,500.0,0.01,met,VALID
2025-04-14 02:00:00,GOV-EMERG-001,central,status-page,83.4,4,0.104,0.0167,normal,none,1.0,False,0.0,10,50,500,5000,1.0,4.0,38538.1,-6.67,462.46,23.9,54.2,100.0,0.0011,none,0,0,0,500.0,0.01,met,VALID
2025-04-14 04:00:00,GOV-EMERG-001,central,portal-main,61.8,3,0.077,0.0124,normal,none,1.0,False,0.0,10,50,500,5000,1.0,4.0,37738.1,-6.67,452.86,30.8,74.8,174.9,0.00102,none,0,0,0,500.0,0.01,met,VALID
2025-04-14 06:00:00,GOV-EMERG-001,central,portal-main,207.9,9,0.26,0.0416,normal,none,1.0,False,0.0,10,50,500,5000,6.13,5.22,36938.1,-6.67,443.26,28.2,67.3,164.4,0.00061,none,0,0,0,500.0,0.01,met,VALID
2025-04-14 08:00:00,GOV-EMERG-001,central,portal-main,583.0,31,0.729,0.1166,normal,none,1.0,False,0.0,10,50,500,5000,10.24,4.0,36138.1,-6.67,433.66,28.8,62.4,154.2,0.00169,none,0,0,0,500.0,0.01,met,VALID
2025-04-14 10:00:00,GOV-EMERG-001,central,portal-main,842.2,38,1.053,0.1684,normal,none,1.0,False,0.0,10,50,500,5000,11.24,6.16,35338.1,-6.67,424.06,26.4,58.2,128.9,0.0,none,0,0,0,500.0,0.01,met,VALID
2025-04-14 12:00:00,GOV-EMERG-001,central,portal-main,725.1,36,0.906,0.145,normal,none,1.0,False,0.0,10,50,500,5000,12.47,7.63,34538.1,-6.67,414.46,24.8,62.9,129.7,0.00055,none,0,0,0,500.0,0.01,met,VALID
2025-04-14 14:00:00,GOV-EMERG-001,central,api-data,920.0,51,1.15,0.184,normal,none,1.0,False,0.0,10,50,500,5000,12.9,5.63,33738.1,-6.67,404.86,31.7,69.7,162.0,0.00075,none,0,0,0,500.0,0.01,met,VALID
2025-04-14 16:00:00,GOV-EMERG-001,central,portal-main,715.9,41,0.895,0.1432,normal,none,1.0,False,0.0,10,50,500,5000,8.94,5.1,32938.1,-6.67,395.26,32.0,72.5,131.2,0.00062,none,0,0,0,500.0,0.01,met,VALID
2025-04-14 18:00:00,GOV-EMERG-001,central,portal-main,528.4,27,0.66,0.1057,normal,none,1.0,False,0.0,10,50,500,5000,10.7,5.93,32138.1,-6.67,385.66,28.8,74.4,137.9,0.00149,none,0,0,0,500.0,0.01,met,VALID
2025-04-14 20:00:00,GOV-EMERG-001,central,portal-main,344.2,15,0.43,0.0688,normal,none,1.0,False,0.0,10,50,500,5000,10.33,10.69,31338.1,-6.67,376.06,33.7,84.7,179.0,0.00034,none,0,0,0,500.0,0.01,met,VALID
2025-04-14 22:00:00,GOV-EMERG-001,central,portal-main,222.9,10,0.279,0.0446,normal,none,1.0,False,0.0,10,50,500,5000,7.79,4.42,30538.1,-6.67,366.46,23.4,56.7,133.5,0.00162,none,0,0,0,500.0,0.01,met,VALID
2025-04-15 00:00:00,GOV-EMERG-001,central,portal-main,128.6,7,0.161,0.0257,normal,none,1.0,False,0.0,10,50,500,5000,5.68,4.0,29738.1,-6.67,356.86,26.4,57.6,124.4,0.00089,none,0,0,0,500.0,0.01,met,VALID
2025-04-15 02:00:00,GOV-EMERG-001,central,portal-main,86.8,4,0.108,0.0174,normal,none,1.0,False,0.0,10,50,500,5000,1.0,4.0,28938.1,-6.67,347.26,18.7,44.4,105.3,0.00046,none,0,0,0,500.0,0.01,met,VALID
2025-04-15 04:00:00,GOV-EMERG-001,central,api-data,68.7,3,0.086,0.0137,normal,none,1.0,False,0.0,10,50,500,5000,3.9,4.0,28138.1,-6.67,337.66,25.35,62.5,144.4,0.00016,none,0,0,0,500.0,0.01,met,IMPUTED_MISSING
2025-04-15 06:00:00,GOV-EMERG-001,central,portal-main,207.9,10,0.26,0.0416,normal,none,1.0,False,0.0,10,50,500,5000,1.0,4.0,27338.1,-6.67,328.06,32.0,71.8,187.3,0.00091,none,0,0,0,500.0,0.01,met,VALID
2025-04-15 08:00:00,GOV-EMERG-001,central,portal-main,524.8,26,0.656,0.105,normal,none,1.0,False,0.0,10,50,500,5000,5.66,6.32,26538.1,-6.67,318.46,23.8,48.0,142.1,0.00072,none,0,0,0,500.0,0.01,met,VALID
2025-04-15 10:00:00,GOV-EMERG-001,central,portal-main,819.5,34,1.024,0.1639,normal,none,1.0,False,0.0,10,50,500,5000,14.54,7.83,25738.1,-6.67,308.86,33.3,73.9,135.9,0.00109,none,0,0,0,500.0,0.01,met,VALID
2025-04-15 12:00:00,GOV-EMERG-001,central,api-data,675.3,23,0.844,0.1351,normal,none,1.0,False,0.0,10,50,500,5000,10.24,5.27,24938.1,-6.67,299.26,34.7,79.9,169.0,0.00082,none,0,0,0,500.0,0.01,met,VALID
2025-04-15 14:00:00,GOV-EMERG-001,central,portal-main,740.5,40,0.926,0.1481,normal,none,1.0,False,0.0,10,50,500,5000,14.23,6.48,24138.1,-6.67,289.66,26.6,68.3,147.5,0.00138,none,0,0,0,500.0,0.01,met,VALID
2025-04-15 16:00:00,GOV-EMERG-001,central,api-data,688.1,40,0.86,0.1376,normal,none,1.0,False,0.0,10,50,500,5000,9.55,4.0,23338.1,-6.67,280.06,30.9,75.2,174.2,0.00094,none,0,0,0,500.0,0.01,met,VALID
2025-04-15 18:00:00,GOV-EMERG-001,central,status-page,533.6,19,0.667,0.1067,normal,none,1.0,False,0.0,10,50,500,5000,7.58,4.0,22538.1,-6.67,270.46,34.3,70.8,142.9,0.00083,none,0,0,0,500.0,0.01,met,VALID
2025-04-15 20:00:00,GOV-EMERG-001,central,portal-main,376.3,20,0.47,0.0753,normal,none,1.0,False,0.0,10,50,500,5000,5.13,4.4,21738.1,-6.67,260.86,28.0,61.0,145.7,0.00139,none,0,0,0,500.0,0.01,met,IMPUTED_MISSING
2025-04-15 22:00:00,GOV-EMERG-001,central,api-data,229.6,14,0.287,0.0459,normal,none,1.0,False,0.0,10,50,500,5000,2.68,4.0,20938.1,-6.67,251.26,29.3,67.9,170.1,0.00109,none,0,0,0,500.0,0.01,met,VALID
2025-04-16 00:00:00,GOV-EMERG-001,midwest,portal-main,123.2,7,0.154,0.0246,breaking_news,medium,1.0,False,240.0,10,50,500,5000,1.66,4.0,20138.1,-6.67,241.66,18.5,62.95,82.6,0.00131,none,0,0,0,500.0,0.01,met,IMPUTED_MISSING
2025-04-16 02:00:00,GOV-EMERG-001,midwest,status-page,293.5,14,0.367,0.0587,breaking_news,medium,1.0,False,240.0,10,50,500,5000,8.16,8.35,19338.1,-6.67,232.06,28.9,58.0,135.9,0.00146,none,0,0,0,500.0,0.01,met,VALID
2025-04-16 04:00:00,GOV-EMERG-001,central,portal-main,63.7,3,0.08,0.0127,normal,none,1.0,False,0.0,10,50,500,5000,1.0,4.0,18538.1,-6.67,222.46,27.4,70.1,131.2,0.00088,none,0,0,0,500.0,0.01,met,VALID
2025-04-16 06:00:00,GOV-EMERG-001,central,status-page,184.9,9,0.231,0.037,normal,none,1.0,False,0.0,10,50,500,5000,1.0,4.0,17738.1,-6.67,212.86,20.7,52.5,98.9,0.00102,none,0,0,0,500.0,0.01,met,VALID
2025-04-16 08:00:00,GOV-EMERG-001,central,portal-main,503.9,26,0.63,0.1008,normal,none,1.0,False,0.0,10,50,500,5000,8.4,8.28,16938.1,-6.67,203.26,23.9,61.2,122.7,0.00134,none,0,0,0,500.0,0.01,met,VALID
2025-04-16 10:00:00,GOV-EMERG-001,central,portal-main,829.6,42,1.037,0.1659,normal,none,1.0,False,0.0,10,50,500,5000,17.28,14.57,16138.1,-6.67,193.66,32.4,73.1,133.5,2e-05,none,0,0,0,500.0,0.01,met,VALID
2025-04-16 12:00:00,GOV-EMERG-001,central,portal-main,692.9,34,0.866,0.1386,normal,none,1.0,False,0.0,10,50,500,5000,16.07,5.7,15338.1,-6.67,184.06,27.8,69.5,154.6,0.00096,none,0,0,0,500.0,0.01,met,VALID
2025-04-16 14:00:00,GOV-EMERG-001,central,api-data,834.9,34,1.044,0.167,normal,none,1.0,False,0.0,10,50,500,5000,13.940000000000001,13.15,14538.1,-6.67,174.46,34.5,83.6,146.3,0.00091,none,0,0,0,500.0,0.01,met,IMPUTED_MISSING
2025-04-16 16:00:00,GOV-EMERG-001,central,portal-main,717.7,38,0.897,0.1435,normal,none,1.0,False,0.0,10,50,500,5000,11.81,6.04,13738.1,-6.67,164.86,30.4,70.2,171.2,0.00115,none,0,0,0,500.0,0.01,met,VALID
2025-04-16 18:00:00,GOV-EMERG-001,central,portal-main,503.9,27,0.63,0.1008,normal,none,1.0,False,0.0,10,50,500,5000,6.55,6.36,12938.1,-6.67,155.26,28.0,57.4,113.1,0.00068,none,0,0,0,500.0,0.01,met,VALID
2025-04-16 20:00:00,GOV-EMERG-001,central,api-data,370.6,19,0.463,0.0741,normal,none,1.0,False,0.0,10,50,500,5000,5.85,6.0,12138.1,-6.67,145.66,26.3,55.3,146.7,0.00144,none,0,0,0,500.0,0.01,met,VALID
2025-04-16 22:00:00,GOV-EMERG-001,central,api-data,216.6,11,0.271,0.0433,normal,none,1.0,False,0.0,10,50,500,5000,5.63,4.0,11338.1,-6.67,136.06,27.3,64.15,128.6,0.0007,none,0,0,0,500.0,0.01,met,IMPUTED_MISSING
2025-04-17 00:00:00,GOV-EMERG-001,central,portal-main,108.9,7,0.136,0.0218,normal,none,1.0,False,0.0,10,50,500,5000,1.0,4.0,10538.1,-6.67,126.46,28.8,73.0,152.8,0.00082,none,0,0,0,500.0,0.01,met,VALID
2025-04-17 02:00:00,GOV-EMERG-001,central,portal-main,80.5,4,0.101,0.0161,normal,none,1.0,False,0.0,10,50,500,5000,1.0,4.0,9738.1,-6.67,116.86,27.5,66.1,120.0,0.00073,none,0,0,0,500.0,0.01,met,VALID
2025-04-17 04:00:00,GOV-EMERG-001,central,portal-main,62.5,6,0.078,0.0125,normal,none,1.0,False,0.0,10,50,500,5000,1.0,4.0,8938.1,-6.67,107.26,23.6,61.2,119.9,0.00149,none,0,0,0,500.0,0.01,met,IMPUTED_MISSING
2025-04-17 06:00:00,GOV-EMERG-001,central,api-data,195.6,9,0.244,0.0391,normal,none,1.0,False,0.0,10,50,500,5000,2.66,4.0,8138.1,-6.67,97.66,31.0,72.5,142.4,0.00017,none,0,0,0,500.0,0.01,met,VALID
2025-04-17 08:00:00,GOV-EMERG-001,central,portal-main,615.3,36,0.769,0.1231,normal,none,1.0,False,0.0,10,50,500,5000,11.63,8.7,7338.1,-6.67,88.06,31.1,63.9,124.8,0.00171,none,0,0,0,500.0,0.01,met,VALID
2025-04-17 10:00:00,GOV-EMERG-001,central,api-data,739.0,45,0.924,0.1478,normal,none,1.0,False,0.0,10,50,500,5000,14.08,15.71,6538.1,-6.67,78.46,30.9,70.6,168.3,0.00159,none,0,0,0,500.0,0.01,met,VALID
2025-04-17 12:00:00,GOV-EMERG-001,central,portal-main,733.8,35,0.917,0.1468,normal,none,1.0,False,0.0,10,50,500,5000,12.96,8.01,5738.1,-6.67,68.86,29.7,61.3,126.5,0.00077,none,0,0,0,500.0,0.01,met,VALID
2025-04-17 14:00:00,GOV-EMERG-001,central,portal-main,760.2,49,0.95,0.152,normal,none,1.0,False,0.0,10,50,500,5000,10.53,10.72,4938.1,-6.67,59.26,31.5,80.0,185.1,0.00141,none,0,0,0,500.0,0.01,met,VALID
2025-04-17 16:00:00,GOV-EMERG-001,central,portal-main,644.0,38,0.805,0.1288,normal,none,1.0,False,0.0,10,50,500,5000,9.14,7.83,4138.1,-6.67,49.66,21.8,47.3,111.0,0.00105,none,0,0,0,500.0,0.01,met,IMPUTED_MISSING
2025-04-17 18:00:00,GOV-EMERG-001,central,portal-main,527.8,28,0.66,0.1056,normal,none,1.0,False,0.0,10,50,500,5000,10.95,4.2,3338.1,-6.67,40.06,28.9,61.3,115.8,0.00166,none,0,0,0,500.0,0.01,met,IMPUTED_MISSING
2025-04-17 20:00:00,GOV-EMERG-001,central,api-data,366.8,17,0.458,0.0734,normal,none,1.0,False,0.0,10,50,500,5000,6.96,4.0,2538.1,-6.67,30.46,33.5,77.4,197.6,0.00138,none,0,0,0,500.0,0.01,met,VALID
2025-04-17 22:00:00,GOV-EMERG-001,central,portal-main,213.4,13,0.267,0.0427,normal,none,1.0,False,0.0,10,50,500,5000,4.075,4.0,1738.1,-6.67,20.86,27.0,67.1,115.1,0.00188,none,0,0,0,500.0,0.01,met,IMPUTED_MISSING
2025-04-18 00:00:00,GOV-EMERG-001,central,portal-main,109.6,6,0.137,0.0219,normal,none,1.0,False,0.0,10,50,500,5000,1.19,4.0,938.1,-6.67,11.26,25.9,59.7,146.8,0.00038,none,0,0,0,500.0,0.01,met,VALID
2025-04-18 02:00:00,GOV-EMERG-001,central,status-page,79.5,3,0.099,0.0159,normal,none,1.0,False,0.0,10,50,500,5000,4.23,4.0,138.1,-6.67,1.66,23.0,46.6,107.2,0.00108,none,0,0,0,500.0,0.01,met,VALID
2025-04-18 04:00:00,GOV-EMERG-001,central,status-page,66.2,3,0.083,0.0132,normal,none,1.0,False,0.0,10,50,500,5000,1.0,4.0,0.0,-1.15,0.0,24.1,66.8,140.2,0.00031,none,0,0,0,500.0,0.01,met,IMPUTED_MISSING
2025-04-18 06:00:00,GOV-EMERG-001,central,api-data,194.6,10,0.243,0.0389,normal,none,1.0,False,0.0,10,50,500,5000,1.42,4.0,0.0,0.0,0.0,25.2,51.0,143.1,0.00079,none,0,0,0,500.0,0.01,met,IMPUTED_MISSING
2025-04-18 08:00:00,GOV-EMERG-001,central,portal-main,508.1,23,0.635,0.1016,normal,none,1.0,False,0.0,10,50,500,5000,8.78,5.28,0.0,0.0,0.0,33.1,78.1,135.6,0.0019,none,0,0,0,500.0,0.01,met,VALID
2025-04-18 10:00:00,GOV-EMERG-001,central,portal-main,772.9,54,0.966,0.1546,normal,none,1.0,False,0.0,10,50,500,5000,9.23,7.19,0.0,0.0,0.0,26.1,61.9,140.0,0.00119,none,0,0,0,500.0,0.01,met,VALID
2025-04-18 12:00:00,GOV-EMERG-001,central,api-data,767.0,40,0.959,0.1534,normal,none,1.0,False,0.0,10,50,500,5000,10.9,6.69,0.0,0.0,0.0,27.7,58.9,119.1,0.00139,none,0,0,0,500.0,0.01,met,VALID
2025-04-18 14:00:00,GOV-EMERG-001,central,portal-main,730.1,38,0.913,0.146,normal,none,1.0,False,0.0,10,50,500,5000,11.98,4.0,0.0,0.0,0.0,27.1,61.5,147.3,0.00121,none,0,0,0,500.0,0.01,met,IMPUTED_MISSING
2025-04-18 16:00:00,GOV-EMERG-001,central,portal-main,693.2,42,0.866,0.1386,normal,none,1.0,False,0.0,10,50,500,5000,9.68,11.35,0.0,0.0,0.0,36.4,72.9,157.1,0.00118,none,0,0,0,500.0,0.01,met,VALID
2025-04-18 18:00:00,GOV-EMERG-001,central,api-data,475.7,22,0.595,0.0951,normal,none,1.0,False,0.0,10,50,500,5000,13.52,9.43,0.0,0.0,0.0,26.9,58.3,108.7,0.00079,none,0,0,0,500.0,0.01,met,VALID
2025-04-18 20:00:00,GOV-EMERG-001,central,portal-main,341.3,20,0.427,0.0683,normal,none,1.0,False,0.0,10,50,500,5000,7.64,6.34,0.0,0.0,0.0,24.6,58.4,106.2,0.00072,none,0,0,0,500.0,0.01,met,VALID
2025-04-18 22:00:00,GOV-EMERG-001,central,portal-main,219.4,8,0.274,0.0439,normal,none,1.0,False,0.0,10,50,500,5000,5.91,5.38,0.0,0.0,0.0,17.8,38.6,93.4,0.00078,none,0,0,0,500.0,0.01,met,VALID
2025-04-19 00:00:00,GOV-EMERG-001,central,status-page,97.9,5,0.122,0.0196,normal,none,1.0,False,0.0,10,50,500,5000,1.0,4.0,0.0,0.0,0.0,21.9,44.3,130.5,0.0,none,0,0,0,500.0,0.01,met,VALID
2025-04-19 02:00:00,GOV-EMERG-001,central,portal-main,61.5,4,0.077,0.0123,normal,none,1.0,False,0.0,10,50,500,5000,1.0,4.0,0.0,0.0,0.0,27.4,65.9,162.9,0.00097,none,0,0,0,500.0,0.01,met,VALID
2025-04-19 04:00:00,GOV-EMERG-001,central,portal-main,49.1,3,0.061,0.0098,normal,none,1.0,False,0.0,10,50,500,5000,1.0,4.0,0.0,0.0,0.0,27.3,66.9,150.2,0.0011,none,0,0,0,500.0,0.01,met,VALID
2025-04-19 06:00:00,GOV-EMERG-001,central,portal-main,167.9,7,0.21,0.0336,normal,none,1.0,False,0.0,10,50,500,5000,3.22,4.0,0.0,0.0,0.0,23.3,58.6,131.4,0.00075,none,0,0,0,500.0,0.01,met,VALID
2025-04-19 08:00:00,GOV-EMERG-001,central,portal-main,474.7,20,0.593,0.0949,normal,none,1.0,False,0.0,10,50,500,5000,9.98,5.77,0.0,0.0,0.0,25.2,63.7,145.1,0.00095,none,0,0,0,500.0,0.01,met,VALID
2025-04-19 10:00:00,GOV-EMERG-001,central,portal-main,688.4,38,0.86,0.1377,normal,none,1.0,False,0.0,10,50,500,5000,10.82,5.25,0.0,0.0,0.0,36.4,83.7,184.2,0.00121,none,0,0,0,500.0,0.01,met,VALID
2025-04-19 12:00:00,GOV-EMERG-001,central,api-data,628.0,28,0.785,0.1256,normal,none,1.0,False,0.0,10,50,500,5000,8.89,7.4,0.0,0.0,0.0,39.4,88.4,175.5,0.00135,none,0,0,0,500.0,0.01,met,VALID
2025-04-19 14:00:00,GOV-EMERG-001,central,api-data,644.3,31,0.805,0.1289,normal,none,1.0,False,0.0,10,50,500,5000,11.58,11.49,0.0,0.0,0.0,33.3,78.3,177.2,0.00052,none,0,0,0,500.0,0.01,met,VALID
2025-04-19 16:00:00,GOV-EMERG-001,central,portal-main,535.5,31,0.669,0.1071,normal,none,1.0,False,0.0,10,50,500,5000,13.67,9.57,0.0,0.0,0.0,34.2,84.8,146.6,0.00068,none,0,0,0,500.0,0.01,met,VALID
2025-04-19 18:00:00,GOV-EMERG-001,central,portal-main,444.1,20,0.555,0.0888,normal,none,1.0,False,0.0,10,50,500,5000,6.06,4.0,0.0,0.0,0.0,34.5,78.9,195.6,0.0013,none,0,0,0,500.0,0.01,met,VALID
2025-04-19 20:00:00,GOV-EMERG-001,central,api-data,298.3,10,0.373,0.0597,normal,none,1.0,False,0.0,10,50,500,5000,1.22,4.0,0.0,0.0,0.0,35.4,92.1,171.0,0.00124,none,0,0,0,500.0,0.01,met,VALID
2025-04-19 22:00:00,GOV-EMERG-001,central,portal-main,170.4,7,0.213,0.0341,normal,none,1.0,False,0.0,10,50,500,5000,3.89,5.66,0.0,0.0,0.0,24.7,58.8,111.9,0.00154,none,0,0,0,500.0,0.01,met,VALID
2025-04-20 00:00:00,GOV-EMERG-001,central,portal-main,85.3,4,0.107,0.0171,normal,none,1.0,False,0.0,10,50,500,5000,4.56,6.43,0.0,0.0,0.0,21.9,47.9,124.7,0.00152,none,0,0,0,500.0,0.01,met,VALID
2025-04-20 02:00:00,GOV-EMERG-001,central,portal-main,61.5,2,0.077,0.0123,normal,none,1.0,False,0.0,10,50,500,5000,1.03,4.0,0.0,0.0,0.0,32.6,80.8,137.8,0.00197,none,0,0,0,500.0,0.01,met,VALID
2025-04-20 04:00:00,GOV-EMERG-001,central,api-data,47.6,2,0.06,0.0095,normal,none,1.0,False,0.0,10,50,500,5000,1.0,4.0,0.0,0.0,0.0,21.4,44.7,127.2,0.00088,none,0,0,0,500.0,0.01,met,VALID
2025-04-20 06:00:00,GOV-EMERG-001,central,portal-main,149.8,6,0.187,0.03,normal,none,1.0,False,0.0,10,50,500,5000,1.83,4.0,0.0,0.0,0.0,21.7,55.5,127.8,0.00163,none,0,0,0,500.0,0.01,met,VALID
2025-04-20 08:00:00,GOV-EMERG-001,central,api-data,442.5,28,0.553,0.0885,normal,none,1.0,False,0.0,10,50,500,5000,5.075,4.0,0.0,0.0,0.0,23.4,51.6,122.1,0.00063,none,0,0,0,500.0,0.01,met,IMPUTED_MISSING
2025-04-20 10:00:00,GOV-EMERG-001,central,portal-main,622.8,42,0.778,0.1246,normal,none,1.0,False,0.0,10,50,500,5000,8.32,4.0,0.0,0.0,0.0,28.0,67.6,152.1,0.00196,none,0,0,0,500.0,0.01,met,VALID
2025-04-20 12:00:00,GOV-EMERG-001,central,portal-main,575.9,24,0.72,0.1152,normal,none,1.0,False,0.0,10,50,500,5000,7.32,5.555,0.0,0.0,0.0,20.3,48.3,82.8,0.0015899999999999998,none,0,0,0,500.0,0.01,met,IMPUTED_MISSING
2025-04-20 14:00:00,GOV-EMERG-001,central,portal-main,542.1,28,0.678,0.1084,normal,none,1.0,False,0.0,10,50,500,5000,9.86,7.11,0.0,0.0,0.0,22.3,45.9,108.7,0.00122,none,0,0,0,500.0,0.01,met,VALID
2025-04-20 16:00:00,GOV-EMERG-001,central,portal-main,516.5,22,0.646,0.1033,normal,none,1.0,False,0.0,10,50,500,5000,11.04,4.83,0.0,0.0,0.0,25.4,61.8,146.5,0.0014,none,0,0,0,500.0,0.01,met,VALID
2025-04-20 18:00:00,GOV-EMERG-001,central,portal-main,403.5,19,0.504,0.0807,normal,none,1.0,False,0.0,10,50,500,5000,7.72,4.415,0.0,0.0,0.0,22.4,49.0,90.2,0.00046,none,0,0,0,500.0,0.01,met,IMPUTED_MISSING
2025-04-20 20:00:00,GOV-EMERG-001,central,portal-main,249.4,16,0.312,0.0499,normal,none,1.0,False,0.0,10,50,500,5000,2.11,4.0,0.0,0.0,0.0,30.6,68.1,140.0,0.00057,none,0,0,0,500.0,0.01,met,VALID
2025-04-20 22:00:00,GOV-EMERG-001,central,portal-main,162.5,7,0.203,0.0325,normal,none,1.0,False,0.0,10,50,500,5000,1.0,4.0,0.0,0.0,0.0,25.9,53.2,121.8,0.00105,none,0,0,0,500.0,0.01,met,VALID
2025-04-21 00:00:00,GOV-EMERG-001,central,portal-main,115.0,5,0.144,0.023,normal,none,1.0,False,0.0,10,50,500,5000,2.43,4.0,0.0,0.0,0.0,27.9,69.4,149.3,0.00114,none,0,0,0,500.0,0.01,met,VALID
2025-04-21 02:00:00,GOV-EMERG-001,central,portal-main,80.1,3,0.1,0.016,normal,none,1.0,False,0.0,10,50,500,5000,1.0,4.0,0.0,0.0,0.0,27.3,68.6,147.6,0.00183,none,0,0,0,500.0,0.01,met,VALID
2025-04-21 04:00:00,GOV-EMERG-001,central,portal-main,69.2,4,0.087,0.0138,normal,none,1.0,False,0.0,10,50,500,5000,1.0,4.0,0.0,0.0,0.0,24.5,51.0,101.3,0.00062,none,0,0,0,500.0,0.01,met,VALID
2025-04-21 06:00:00,GOV-EMERG-001,central,status-page,220.2,6,0.275,0.044,normal,none,1.0,False,0.0,10,50,500,5000,7.46,7.94,0.0,0.0,0.0,30.1,74.9,133.5,0.00162,none,0,0,0,500.0,0.01,met,VALID
2025-04-21 08:00:00,GOV-EMERG-001,central,portal-main,537.2,25,0.672,0.1074,normal,none,1.0,False,0.0,10,50,500,5000,8.66,4.0,0.0,0.0,0.0,29.8,75.7,168.5,0.00089,none,0,0,0,500.0,0.01,met,VALID
2025-04-21 10:00:00,GOV-EMERG-001,central,api-data,821.1,41,1.026,0.1642,normal,none,1.0,False,0.0,10,50,500,5000,11.07,8.46,0.0,0.0,0.0,28.6,58.9,125.5,0.00089,none,0,0,0,500.0,0.01,met,VALID
2025-04-21 12:00:00,GOV-EMERG-001,central,status-page,740.1,33,0.925,0.148,normal,none,1.0,False,0.0,10,50,500,5000,16.76,9.48,0.0,0.0,0.0,22.6,58.7,103.4,0.00093,none,0,0,0,500.0,0.01,met,VALID
2025-04-21 14:00:00,GOV-EMERG-001,central,portal-main,815.5,47,1.019,0.1631,normal,none,1.0,False,0.0,10,50,500,5000,11.13,7.06,0.0,0.0,0.0,32.0,64.0,138.2,0.00088,none,0,0,0,500.0,0.01,met,VALID
2025-04-21 16:00:00,GOV-EMERG-001,central,api-data,693.6,42,0.867,0.1387,normal,none,1.0,False,0.0,10,50,500,5000,11.38,7.82,0.0,0.0,0.0,24.0,60.1,132.1,0.00119,none,0,0,0,500.0,0.01,met,VALID
2025-04-21 18:00:00,GOV-EMERG-001,central,api-data,527.9,20,0.66,0.1056,normal,none,1.0,False,0.0,10,50,500,5000,5.64,6.91,0.0,0.0,0.0,29.5,68.8,119.5,0.00084,none,0,0,0,500.0,0.01,met,VALID
2025-04-21 20:00:00,GOV-EMERG-001,central,portal-main,390.4,26,0.488,0.0781,normal,none,1.0,False,0.0,10,50,500,5000,7.56,4.0,0.0,0.0,0.0,27.4,70.6,126.3,0.00044,none,0,0,0,500.0,0.01,met,VALID
2025-04-21 22:00:00,GOV-EMERG-001,central,portal-main,236.3,9,0.295,0.0473,normal,none,1.0,False,0.0,10,50,500,5000,4.04,4.03,0.0,0.0,0.0,20.8,45.8,105.3,0.00089,none,0,0,0,500.0,0.01,met,VALID
2025-04-22 00:00:00,GOV-EMERG-001,central,portal-main,113.6,7,0.142,0.0227,normal,none,1.0,False,0.0,10,50,500,5000,1.62,4.0,0.0,0.0,0.0,26.6,59.0,106.8,0.00118,none,0,0,0,500.0,0.01,met,VALID
2025-04-22 02:00:00,GOV-EMERG-001,central,portal-main,83.2,4,0.104,0.0166,normal,none,1.0,False,0.0,10,50,500,5000,1.0,4.0,0.0,0.0,0.0,26.2,65.6,154.7,0.00044,none,0,0,0,500.0,0.01,met,VALID
2025-04-22 04:00:00,GOV-EMERG-001,central,portal-main,66.9,3,0.084,0.0134,normal,none,1.0,False,0.0,10,50,500,5000,1.33,4.0,0.0,0.0,0.0,26.1,63.4,149.9,0.00123,none,0,0,0,500.0,0.01,met,VALID
2025-04-22 06:00:00,GOV-EMERG-001,central,status-page,203.1,9,0.254,0.0406,normal,none,1.0,False,0.0,10,50,500,5000,2.75,6.25,0.0,0.0,0.0,26.6,62.9,141.1,0.00147,none,0,0,0,500.0,0.01,met,VALID
2025-04-22 08:00:00,GOV-EMERG-001,central,status-page,591.7,29,0.74,0.1183,normal,none,1.0,False,0.0,10,50,500,5000,11.63,14.96,0.0,0.0,0.0,25.7,61.4,125.6,0.00159,none,0,0,0,500.0,0.01,met,VALID
2025-04-22 10:00:00,GOV-EMERG-001,central,portal-main,807.5,42,1.009,0.1615,normal,none,1.0,False,0.0,10,50,500,5000,10.03,4.0,0.0,0.0,0.0,32.2,77.5,138.7,0.00114,none,0,0,0,500.0,0.01,met,VALID
2025-04-22 12:00:00,GOV-EMERG-001,central,api-data,727.2,31,0.909,0.1454,normal,none,1.0,False,0.0,10,50,500,5000,14.22,9.52,0.0,0.0,0.0,26.5,53.8,135.4,0.00028,none,0,0,0,500.0,0.01,met,VALID
2025-04-22 14:00:00,GOV-EMERG-001,central,portal-main,804.8,39,1.006,0.161,normal,none,1.0,False,0.0,10,50,500,5000,10.13,6.15,0.0,0.0,0.0,25.5,52.8,114.2,0.00126,none,0,0,0,500.0,0.01,met,VALID
2025-04-22 16:00:00,GOV-EMERG-001,central,status-page,611.4,27,0.764,0.1223,normal,none,1.0,False,0.0,10,50,500,5000,11.98,9.74,0.0,0.0,0.0,31.2,65.8,164.5,0.00139,none,0,0,0,500.0,0.01,met,VALID
2025-04-22 18:00:00,GOV-EMERG-001,central,portal-main,517.9,21,0.647,0.1036,normal,none,1.0,False,0.0,10,50,500,5000,8.18,7.6,0.0,0.0,0.0,31.6,66.6,135.8,0.00072,none,0,0,0,500.0,0.01,met,VALID
2025-04-22 20:00:00,GOV-EMERG-001,central,status-page,348.0,15,0.435,0.0696,normal,none,1.0,False,0.0,10,50,500,5000,2.74,5.41,0.0,0.0,0.0,29.3,73.4,159.2,0.00097,none,0,0,0,500.0,0.01,met,VALID
2025-04-22 22:00:00,GOV-EMERG-001,central,api-data,210.7,9,0.263,0.0421,normal,none,1.0,False,0.0,10,50,500,5000,4.62,7.63,0.0,0.0,0.0,25.3,56.5,117.4,0.00119,none,0,0,0,500.0,0.01,met,VALID
2025-04-23 00:00:00,GOV-EMERG-001,central,portal-main,128.6,6,0.161,0.0257,normal,none,1.0,False,0.0,10,50,500,5000,1.0,4.0,0.0,0.0,0.0,17.9,41.1,89.6,0.00171,none,0,0,0,500.0,0.01,met,IMPUTED_MISSING
2025-04-23 02:00:00,GOV-EMERG-001,central,portal-main,82.0,4,0.102,0.0164,normal,none,1.0,False,0.0,10,50,500,5000,4.08,4.0,0.0,0.0,0.0,31.3,64.4,135.5,0.0009,none,0,0,0,500.0,0.01,met,VALID
2025-04-23 04:00:00,GOV-EMERG-001,central,api-data,63.9,3,0.08,0.0128,normal,none,1.0,False,0.0,10,50,500,5000,1.0,4.0,0.0,0.0,0.0,17.5,44.2,79.0,0.00136,none,0,0,0,500.0,0.01,met,VALID
2025-04-23 06:00:00,GOV-EMERG-001,central,portal-main,194.4,13,0.243,0.0389,normal,none,1.0,False,0.0,10,50,500,5000,1.63,4.0,0.0,0.0,0.0,28.4,56.9,139.0,0.00113,none,0,0,0,500.0,0.01,met,VALID
2025-04-23 08:00:00,GOV-EMERG-001,central,portal-main,568.3,18,0.71,0.1137,normal,none,1.0,False,0.0,10,50,500,5000,13.7,18.35,0.0,0.0,0.0,36.6,75.1,180.2,0.00108,none,0,0,0,500.0,0.01,met,VALID
2025-04-23 10:00:00,GOV-EMERG-001,central,status-page,839.7,45,1.05,0.1679,normal,none,1.0,False,0.0,10,50,500,5000,14.28,8.24,0.0,0.0,0.0,30.6,76.2,183.8,0.00153,none,0,0,0,500.0,0.01,met,VALID
2025-04-23 12:00:00,GOV-EMERG-001,central,portal-main,690.2,35,0.863,0.138,normal,none,1.0,False,0.0,10,50,500,5000,11.31,4.0,0.0,0.0,0.0,30.2,62.7,140.9,0.00067,none,0,0,0,500.0,0.01,met,VALID
2025-04-23 14:00:00,GOV-EMERG-001,central,portal-main,799.8,45,1.0,0.16,normal,none,1.0,False,0.0,10,50,500,5000,11.1,4.0,0.0,0.0,0.0,31.3,64.4,130.4,0.00109,none,0,0,0,500.0,0.01,met,IMPUTED_MISSING
2025-04-23 16:00:00,GOV-EMERG-001,central,portal-main,709.5,40,0.887,0.1419,normal,none,1.0,False,0.0,10,50,500,5000,12.74,4.83,0.0,0.0,0.0,29.9,66.1,151.1,0.00101,none,0,0,0,500.0,0.01,met,VALID
2025-04-23 18:00:00,GOV-EMERG-001,central,portal-main,469.7,23,0.587,0.0939,normal,none,1.0,False,0.0,10,50,500,5000,12.63,5.09,0.0,0.0,0.0,37.0,91.2,171.8,0.0004,none,0,0,0,500.0,0.01,met,VALID
2025-04-23 20:00:00,GOV-EMERG-001,central,status-page,359.0,18,0.449,0.0718,normal,none,1.0,False,0.0,10,50,500,5000,5.42,4.0,0.0,0.0,0.0,23.6,47.8,135.6,0.0008650000000000001,none,0,0,0,500.0,0.01,met,IMPUTED_MISSING
2025-04-23 22:00:00,GOV-EMERG-001,central,portal-main,219.2,10,0.274,0.0438,normal,none,1.0,False,0.0,10,50,500,5000,3.98,4.0,0.0,0.0,0.0,22.3,49.1,98.4,0.00133,none,0,0,0,500.0,0.01,met,VALID
2025-04-24 00:00:00,GOV-EMERG-001,central,portal-main,119.2,7,0.149,0.0238,normal,none,1.0,False,0.0,10,50,500,5000,1.0,4.0,0.0,0.0,0.0,24.3,55.6,138.8,0.00101,none,0,0,0,500.0,0.01,met,VALID
2025-04-24 02:00:00,GOV-EMERG-001,central,portal-main,78.0,3,0.098,0.0156,normal,none,1.0,False,0.0,10,50,500,5000,2.395,4.0,0.0,0.0,0.0,32.4,76.9,172.4,0.0009,none,0,0,0,500.0,0.01,met,IMPUTED_MISSING
2025-04-24 04:00:00,GOV-EMERG-001,central,status-page,64.4,4,0.08,0.0129,normal,none,1.0,False,0.0,10,50,500,5000,3.79,6.43,0.0,0.0,0.0,23.0,57.6,100.7,0.001,none,0,0,0,500.0,0.01,met,VALID
2025-04-24 06:00:00,GOV-EMERG-001,central,portal-main,219.2,11,0.274,0.0438,normal,none,1.0,False,0.0,10,50,500,5000,6.105,4.0,0.0,0.0,0.0,27.9,59.8,134.1,0.00128,none,0,0,0,500.0,0.01,met,IMPUTED_MISSING
2025-04-24 08:00:00,GOV-EMERG-001,central,api-data,550.9,25,0.689,0.1102,normal,none,1.0,False,0.0,10,50,500,5000,8.42,7.5,0.0,0.0,0.0,32.4,77.6,161.4,0.00102,none,0,0,0,500.0,0.01,met,VALID
2025-04-24 10:00:00,GOV-EMERG-001,central,api-data,811.7,39,1.015,0.1623,normal,none,1.0,False,0.0,10,50,500,5000,13.92,9.07,0.0,0.0,0.0,33.0,68.9,166.2,0.00073,none,0,0,0,500.0,0.01,met,VALID
2025-04-24 12:00:00,GOV-EMERG-001,central,api-data,791.8,39,0.99,0.1584,normal,none,1.0,False,0.0,10,50,500,5000,14.65,7.09,0.0,0.0,0.0,33.8,83.7,161.9,0.00079,none,0,0,0,500.0,0.01,met,VALID
2025-04-24 14:00:00,GOV-EMERG-001,central,status-page,778.0,47,0.972,0.1556,normal,none,1.0,False,0.0,10,50,500,5000,6.57,9.24,0.0,0.0,0.0,35.3,90.3,182.4,0.001,none,0,0,0,500.0,0.01,met,VALID
2025-04-24 16:00:00,GOV-EMERG-001,central,api-data,741.7,57,0.927,0.1483,normal,none,1.0,False,0.0,10,50,500,5000,10.23,7.25,0.0,0.0,0.0,30.6,62.0,166.2,0.00063,none,0,0,0,500.0,0.01,met,VALID
2025-04-24 18:00:00,GOV-EMERG-001,central,status-page,520.1,31,0.65,0.104,normal,none,1.0,False,0.0,10,50,500,5000,7.47,12.01,0.0,0.0,0.0,26.1,53.4,130.7,0.00113,none,0,0,0,500.0,0.01,met,VALID
2025-04-24 20:00:00,GOV-EMERG-001,central,portal-main,392.1,18,0.49,0.0784,normal,none,1.0,False,0.0,10,50,500,5000,6.34,4.0,0.0,0.0,0.0,27.7,68.5,144.3,0.00068,none,0,0,0,500.0,0.01,met,VALID
2025-04-24 22:00:00,GOV-EMERG-001,central,api-data,232.4,13,0.29,0.0465,normal,none,1.0,False,0.0,10,50,500,5000,3.38,5.85,0.0,0.0,0.0,24.9,62.9,142.2,0.00062,none,0,0,0,500.0,0.01,met,VALID
2025-04-25 00:00:00,GOV-EMERG-001,central,portal-main,115.8,6,0.145,0.0232,normal,none,1.0,False,0.0,10,50,500,5000,1.7,4.0,0.0,0.0,0.0,35.7,85.2,178.2,0.00228,none,0,0,0,500.0,0.01,met,VALID
2025-04-25 02:00:00,GOV-EMERG-001,central,portal-main,75.8,3,0.095,0.0152,normal,none,1.0,False,0.0,10,50,500,5000,2.9749999999999996,5.16,0.0,0.0,0.0,23.3,52.9,112.4,0.00178,none,0,0,0,500.0,0.01,met,IMPUTED_MISSING
2025-04-25 04:00:00,GOV-EMERG-001,central,api-data,58.9,2,0.074,0.0118,normal,none,1.0,False,0.0,10,50,500,5000,4.25,4.0,0.0,0.0,0.0,27.2,67.0,122.4,0.00106,none,0,0,0,500.0,0.01,met,VALID
2025-04-25 06:00:00,GOV-EMERG-001,central,status-page,190.7,9,0.238,0.0381,normal,none,1.0,False,0.0,10,50,500,5000,1.0,4.0,0.0,0.0,0.0,20.0,43.6,85.2,0.00134,none,0,0,0,500.0,0.01,met,VALID
2025-04-25 08:00:00,GOV-EMERG-001,central,api-data,555.9,32,0.695,0.1112,normal,none,1.0,False,0.0,10,50,500,5000,11.36,11.36,0.0,0.0,0.0,28.7,74.4,131.4,0.00141,none,0,0,0,500.0,0.01,met,VALID
2025-04-25 10:00:00,GOV-EMERG-001,central,portal-main,759.5,28,0.949,0.1519,normal,none,1.0,False,0.0,10,50,500,5000,11.5,5.81,0.0,0.0,0.0,28.3,71.1,136.3,0.00097,none,0,0,0,500.0,0.01,met,VALID
2025-04-25 12:00:00,GOV-EMERG-001,central,portal-main,673.2,30,0.842,0.1346,normal,none,1.0,False,0.0,10,50,500,5000,8.23,5.94,0.0,0.0,0.0,31.6,80.0,174.7,0.00111,none,0,0,0,500.0,0.01,met,VALID
2025-04-25 14:00:00,GOV-EMERG-001,central,portal-main,750.5,41,0.938,0.1501,normal,none,1.0,False,0.0,10,50,500,5000,13.83,8.12,0.0,0.0,0.0,32.2,81.0,142.9,0.0009,none,0,0,0,500.0,0.01,met,VALID
2025-04-25 16:00:00,GOV-EMERG-001,central,portal-main,678.1,34,0.848,0.1356,normal,none,1.0,False,0.0,10,50,500,5000,5.67,4.0,0.0,0.0,0.0,34.6,88.5,186.9,0.0015,none,0,0,0,500.0,0.01,met,VALID
2025-04-25 18:00:00,GOV-EMERG-001,central,portal-main,524.3,32,0.655,0.1049,normal,none,1.0,False,0.0,10,50,500,5000,5.85,4.0,0.0,0.0,0.0,33.3,67.8,138.4,0.00151,none,0,0,0,500.0,0.01,met,VALID
2025-04-25 20:00:00,GOV-EMERG-001,central,portal-main,330.6,13,0.413,0.0661,normal,none,1.0,False,0.0,10,50,500,5000,9.83,6.96,0.0,0.0,0.0,26.5,67.5,114.4,0.00162,none,0,0,0,500.0,0.01,met,VALID
2025-04-25 22:00:00,GOV-EMERG-001,central,portal-main,205.7,14,0.257,0.0411,normal,none,1.0,False,0.0,10,50,500,5000,1.0,4.0,0.0,0.0,0.0,22.3,47.9,103.7,0.00111,none,0,0,0,500.0,0.01,met,VALID
2025-04-26 00:00:00,GOV-EMERG-001,central,api-data,97.8,4,0.122,0.0196,normal,none,1.0,False,0.0,10,50,500,5000,1.08,4.0,0.0,0.0,0.0,22.2,49.2,109.6,0.00187,none,0,0,0,500.0,0.01,met,VALID
2025-04-26 02:00:00,GOV-EMERG-001,central,portal-main,68.9,2,0.086,0.0138,normal,none,1.0,False,0.0,10,50,500,5000,1.04,4.0,0.0,0.0,0.0,26.6,59.0,115.9,0.00097,none,0,0,0,500.0,0.01,met,IMPUTED_MISSING
2025-04-26 04:00:00,GOV-EMERG-001,central,status-page,54.1,3,0.068,0.0108,normal,none,1.0,False,0.0,10,50,500,5000,1.0,4.0,0.0,0.0,0.0,25.9,55.4,109.4,0.00182,none,0,0,0,500.0,0.01,met,VALID
2025-04-26 06:00:00,GOV-EMERG-001,central,portal-main,150.0,6,0.188,0.03,normal,none,1.0,False,0.0,10,50,500,5000,4.07,4.0,0.0,0.0,0.0,26.8,60.7,137.6,0.00081,none,0,0,0,500.0,0.01,met,VALID
2025-04-26 08:00:00,GOV-EMERG-001,central,portal-main,442.1,22,0.553,0.0884,normal,none,1.0,False,0.0,10,50,500,5000,6.44,4.0,0.0,0.0,0.0,25.3,58.2,122.0,0.00048,none,0,0,0,500.0,0.01,met,VALID
2025-04-26 10:00:00,GOV-EMERG-001,central,portal-main,610.2,30,0.763,0.122,normal,none,1.0,False,0.0,10,50,500,5000,5.83,4.0,0.0,0.0,0.0,34.2,71.5,165.4,0.00181,none,0,0,0,500.0,0.01,met,VALID
2025-04-26 12:00:00,GOV-EMERG-001,central,portal-main,568.3,27,0.71,0.1137,normal,none,1.0,False,0.0,10,50,500,5000,12.3,11.11,0.0,0.0,0.0,22.3,49.4,103.0,0.00126,none,0,0,0,500.0,0.01,met,VALID
2025-04-26 14:00:00,GOV-EMERG-001,central,status-page,691.3,30,0.864,0.1383,normal,none,1.0,False,0.0,10,50,500,5000,5.83,8.25,0.0,0.0,0.0,26.7,58.9,126.4,0.00121,none,0,0,0,500.0,0.01,met,VALID
2025-04-26 16:00:00,GOV-EMERG-001,central,portal-main,505.3,27,0.632,0.1011,normal,none,1.0,False,0.0,10,50,500,5000,10.07,4.0,0.0,0.0,0.0,23.5,56.5,102.7,0.00086,none,0,0,0,500.0,0.01,met,VALID
2025-04-26 18:00:00,GOV-EMERG-001,central,portal-main,382.3,18,0.478,0.0765,normal,none,1.0,False,0.0,10,50,500,5000,2.96,4.0,0.0,0.0,0.0,26.2,61.6,119.1,0.00066,none,0,0,0,500.0,0.01,met,VALID
2025-04-26 20:00:00,GOV-EMERG-001,central,status-page,276.1,16,0.345,0.0552,normal,none,1.0,False,0.0,10,50,500,5000,4.35,4.0,0.0,0.0,0.0,31.4,76.4,159.9,0.0007,none,0,0,0,500.0,0.01,met,IMPUTED_MISSING
2025-04-26 22:00:00,GOV-EMERG-001,central,status-page,181.8,9,0.227,0.0364,normal,none,1.0,False,0.0,10,50,500,5000,4.0,4.0,0.0,0.0,0.0,24.8,61.2,125.1,0.00106,none,0,0,0,500.0,0.01,met,VALID
2025-04-27 00:00:00,GOV-EMERG-001,central,portal-main,92.8,4,0.116,0.0186,normal,none,1.0,False,0.0,10,50,500,5000,1.0,4.0,0.0,0.0,0.0,25.9,62.1,150.4,0.00094,none,0,0,0,500.0,0.01,met,VALID
2025-04-27 02:00:00,GOV-EMERG-001,central,portal-main,61.3,2,0.077,0.0123,normal,none,1.0,False,0.0,10,50,500,5000,2.61,4.0,0.0,0.0,0.0,28.0,60.0,158.4,0.00022,none,0,0,0,500.0,0.01,met,VALID
2025-04-27 04:00:00,GOV-EMERG-001,central,portal-main,50.8,2,0.064,0.0102,normal,none,1.0,False,0.0,10,50,500,5000,3.08,4.0,0.0,0.0,0.0,23.9,55.0,96.0,0.00168,none,0,0,0,500.0,0.01,met,VALID
2025-04-27 06:00:00,GOV-EMERG-001,central,portal-main,136.8,5,0.171,0.0274,normal,none,1.0,False,0.0,10,50,500,5000,1.04,4.0,0.0,0.0,0.0,27.2,62.1,121.5,0.00083,none,0,0,0,500.0,0.01,met,VALID
2025-04-27 08:00:00,GOV-EMERG-001,central,portal-main,445.0,17,0.556,0.089,normal,none,1.0,False,0.0,10,50,500,5000,5.9,7.07,0.0,0.0,0.0,28.4,58.2,164.3,0.0015,none,0,0,0,500.0,0.01,met,VALID
2025-04-27 10:00:00,GOV-EMERG-001,central,portal-main,590.6,32,0.738,0.1181,normal,none,1.0,False,0.0,10,50,500,5000,7.83,11.56,0.0,0.0,0.0,23.8,60.4,110.3,0.00072,none,0,0,0,500.0,0.01,met,VALID
2025-04-27 12:00:00,GOV-EMERG-001,central,status-page,559.8,20,0.7,0.112,normal,none,1.0,False,0.0,10,50,500,5000,11.18,5.76,0.0,0.0,0.0,26.3,54.0,130.3,0.00106,none,0,0,0,500.0,0.01,met,VALID
2025-04-27 14:00:00,GOV-EMERG-001,central,portal-main,560.3,35,0.7,0.1121,normal,none,1.0,False,0.0,10,50,500,5000,11.87,7.9,0.0,0.0,0.0,29.6,76.5,158.2,0.00139,none,0,0,0,500.0,0.01,met,VALID
2025-04-27 16:00:00,GOV-EMERG-001,central,portal-main,510.1,26,0.638,0.102,normal,none,1.0,False,0.0,10,50,500,5000,13.42,7.49,0.0,0.0,0.0,33.0,66.6,167.7,0.00133,none,0,0,0,500.0,0.01,met,VALID
2025-04-27 18:00:00,GOV-EMERG-001,central,portal-main,394.6,20,0.493,0.0789,normal,none,1.0,False,0.0,10,50,500,5000,4.21,4.0,0.0,0.0,0.0,32.3,78.7,129.4,0.00089,none,0,0,0,500.0,0.01,met,VALID
2025-04-27 20:00:00,GOV-EMERG-001,central,api-data,285.6,12,0.357,0.0571,normal,none,1.0,False,0.0,10,50,500,5000,7.24,6.55,0.0,0.0,0.0,34.9,75.8,154.0,0.0012,none,0,0,0,500.0,0.01,met,VALID
2025-04-27 22:00:00,GOV-EMERG-001,central,portal-main,154.7,9,0.193,0.0309,normal,none,1.0,False,0.0,10,50,500,5000,1.0,4.0,0.0,0.0,0.0,27.7,70.5,116.5,0.00127,none,0,0,0,500.0,0.01,met,VALID
2025-04-28 00:00:00,GOV-EMERG-001,central,api-data,120.2,6,0.15,0.024,normal,none,1.0,False,0.0,10,50,500,5000,1.0,4.0,0.0,0.0,0.0,24.0,59.8,103.9,0.00094,none,0,0,0,500.0,0.01,met,VALID
2025-04-28 02:00:00,GOV-EMERG-001,central,status-page,75.7,3,0.095,0.0151,normal,none,1.0,False,0.0,10,50,500,5000,3.34,4.0,0.0,0.0,0.0,25.1,50.6,107.9,0.00055,none,0,0,0,500.0,0.01,met,IMPUTED_MISSING
2025-04-28 04:00:00,GOV-EMERG-001,central,portal-main,65.6,3,0.082,0.0131,normal,none,1.0,False,0.0,10,50,500,5000,1.94,4.0,0.0,0.0,0.0,24.9,50.1,130.5,0.00075,none,0,0,0,500.0,0.01,met,VALID
2025-04-28 06:00:00,GOV-EMERG-001,central,portal-main,207.8,7,0.26,0.0416,normal,none,1.0,False,0.0,10,50,500,5000,2.8,4.0,0.0,0.0,0.0,24.5,57.8,117.7,0.00085,none,0,0,0,500.0,0.01,met,VALID
2025-04-28 08:00:00,GOV-EMERG-001,central,portal-main,596.0,22,0.745,0.1192,normal,none,1.0,False,0.0,10,50,500,5000,6.78,4.0,0.0,0.0,0.0,29.9,62.5,123.6,0.001245,none,0,0,0,500.0,0.01,met,IMPUTED_MISSING
2025-04-28 10:00:00,GOV-EMERG-001,central,portal-main,778.6,32,0.973,0.1557,normal,none,1.0,False,0.0,10,50,500,5000,8.77,6.85,0.0,0.0,0.0,31.3,62.9,130.5,0.00164,none,0,0,0,500.0,0.01,met,VALID
2025-04-28 12:00:00,GOV-EMERG-001,central,status-page,753.4,40,0.942,0.1507,normal,none,1.0,False,0.0,10,50,500,5000,12.71,8.0,0.0,0.0,0.0,24.7,63.8,146.0,0.00136,none,0,0,0,500.0,0.01,met,VALID
2025-04-28 14:00:00,GOV-EMERG-001,central,portal-main,854.4,43,1.068,0.1709,normal,none,1.0,False,0.0,10,50,500,5000,10.48,10.15,0.0,0.0,0.0,34.5,82.1,148.7,0.001545,none,0,0,0,500.0,0.01,met,IMPUTED_MISSING
2025-04-28 16:00:00,GOV-EMERG-001,central,api-data,624.1,37,0.78,0.1248,normal,none,1.0,False,0.0,10,50,500,5000,8.25,9.09,0.0,0.0,0.0,21.2,42.6,95.6,0.00173,none,0,0,0,500.0,0.01,met,VALID
2025-04-28 18:00:00,GOV-EMERG-001,central,portal-main,535.9,23,0.67,0.1072,normal,none,1.0,False,0.0,10,50,500,5000,11.87,8.15,0.0,0.0,0.0,27.1,62.2,139.6,0.00097,none,0,0,0,500.0,0.01,met,VALID
2025-04-28 20:00:00,GOV-EMERG-001,central,portal-main,377.3,21,0.472,0.0755,normal,none,1.0,False,0.0,10,50,500,5000,6.27,4.0,0.0,0.0,0.0,31.6,66.3,138.4,0.00127,none,0,0,0,500.0,0.01,met,VALID
2025-04-28 22:00:00,GOV-EMERG-001,central,portal-main,221.1,11,0.276,0.0442,normal,none,1.0,False,0.0,10,50,500,5000,1.0,4.0,0.0,0.0,0.0,28.6,71.0,125.6,0.00062,none,0,0,0,500.0,0.01,met,VALID
2025-04-29 00:00:00,GOV-EMERG-001,southeast,api-data,112.7,5,0.141,0.0225,extreme_disaster,critical,1.0,True,2160.0,10,50,500,5000,5.38,4.0,0.0,0.0,0.0,24.1,48.7,100.1,0.00082,none,0,0,0,500.0,0.01,met,VALID
2025-04-29 00:30:00,GOV-EMERG-001,southeast,api-data,3284.8,175,4.106,0.657,extreme_disaster,critical,1.0,True,2160.0,10,50,500,5000,55.92,40.96,0.0,0.0,0.0,80.8,179.5,481.5,0.00142,none,0,0,0,500.0,0.01,met,VALID
2025-04-29 01:00:00,GOV-EMERG-001,southeast,portal-main,3100.0,153,3.875,0.62,extreme_disaster,critical,1.0,True,2160.0,10,50,500,5000,52.86,29.67,0.0,0.0,0.0,64.0,137.2,333.7,0.00065,none,0,0,0,500.0,0.01,met,VALID
2025-04-29 01:30:00,GOV-EMERG-001,southeast,portal-main,3179.5,142,3.974,0.6359,extreme_disaster,critical,1.0,True,2160.0,10,50,500,5000,54.68,40.06,0.0,0.0,0.0,60.7,157.0,306.9,0.00102,none,0,0,0,500.0,0.01,met,VALID
2025-04-29 02:00:00,GOV-EMERG-001,southeast,api-data,2912.7,147,3.641,0.5825,extreme_disaster,critical,1.0,True,2160.0,10,50,500,5000,47.71,23.35,0.0,0.0,0.0,61.7,126.3,356.4,0.00119,none,0,0,0,500.0,0.01,met,VALID
2025-04-29 02:30:00,GOV-EMERG-001,southeast,portal-main,2081.5,102,2.602,0.4163,extreme_disaster,critical,1.0,True,2160.0,10,50,500,5000,33.16,20.24,0.0,0.0,0.0,35.7,86.9,185.3,0.00059,none,0,0,0,500.0,0.01,met,VALID
2025-04-29 03:00:00,GOV-EMERG-001,southeast,status-page,1791.9,87,2.24,0.3584,extreme_disaster,critical,1.0,True,2160.0,10,50,500,5000,31.17,21.77,0.0,0.0,0.0,35.6,81.5,161.3,0.00029,none,0,0,0,500.0,0.01,met,VALID
2025-04-29 03:30:00,GOV-EMERG-001,southeast,portal-main,2812.3,131,3.515,0.5625,extreme_disaster,critical,1.0,True,2160.0,10,50,500,5000,46.6,34.07,0.0,0.0,0.0,59.6,148.5,294.9,0.00136,none,0,0,0,500.0,0.01,met,VALID
2025-04-29 04:00:00,GOV-EMERG-001,southeast,portal-main,2179.0,85,2.724,0.4358,extreme_disaster,critical,1.0,True,2160.0,10,50,500,5000,39.74,22.74,0.0,0.0,0.0,56.3,90.4,210.4,0.00215,none,0,0,0,500.0,0.01,met,IMPUTED_MISSING
2025-04-29 04:30:00,GOV-EMERG-001,southeast,portal-main,2530.8,128,3.164,0.5062,extreme_disaster,critical,1.0,True,2160.0,10,50,500,5000,47.14,32.16,0.0,0.0,0.0,53.0,133.1,254.0,0.00118,none,0,0,0,500.0,0.01,met,VALID
2025-04-29 05:00:00,GOV-EMERG-001,southeast,portal-main,4708.8,204,5.886,0.9418,extreme_disaster,critical,1.0,True,2160.0,10,50,500,5000,88.98,54.64,0.0,0.0,0.0,424.9,1092.1,2340.2,0.00321,scale_out,3,0,3600,500.0,0.01,met,VALID
2025-04-29 05:30:00,GOV-EMERG-001,southeast,portal-main,5032.5,209,6.291,1.0065,extreme_disaster,critical,1.0,True,2160.0,10,50,500,5000,95.67,53.98,975.5,32.52,11.71,1854.5,3946.2,7825.0,0.0,none,0,0,0,500.0,0.01,breached,VALID
2025-04-29 06:00:00,GOV-EMERG-001,southeast,portal-main,7850.3,377,9.813,1.2077,extreme_disaster,critical,1.0,True,2160.0,13,50,500,6500,97.2,50.16,41225.4,1341.66,380.54,2103.3,4513.0,9083.0,0.01871,scale_out,7,0,1800,500.0,0.01,breached,VALID
2025-04-29 06:30:00,GOV-EMERG-001,southeast,status-page,9037.3,507,11.297,0.9037,extreme_disaster,critical,1.0,True,2160.0,20,50,500,10000,86.95,49.0,40825.4,-13.33,244.95,264.9,682.9,1256.7,0.00351,none,0,0,0,500.0,0.01,met,VALID
2025-04-29 07:00:00,GOV-EMERG-001,southeast,portal-main,12482.3,643,15.603,1.2482,extreme_disaster,critical,1.0,True,2160.0,20,50,500,10000,97.11,67.46,114893.9,2468.95,600.0,2456.3,5552.5,10175.0,0.02645,scale_out,11,0,1800,500.0,0.01,breached,VALID
2025-04-29 07:30:00,GOV-EMERG-001,southeast,portal-main,14876.1,678,18.595,0.9597,extreme_disaster,critical,1.0,True,2160.0,31,50,500,15500,93.45,66.62666666666667,114273.9,-20.67,442.35,626.5,1566.9,3743.0,0.00192,none,0,0,0,500.0,0.01,breached,IMPUTED_MISSING
2025-04-29 08:00:00,GOV-EMERG-001,southeast,portal-main,14225.1,644,17.781,0.9177,extreme_disaster,critical,1.0,True,2160.0,31,50,500,15500,83.64,65.79333333333332,113653.9,-20.67,439.95,300.4,752.7,1499.5,0.0026,scale_out,7,0,5400,500.0,0.01,met,IMPUTED_MISSING
2025-04-29 08:30:00,GOV-EMERG-001,southeast,portal-main,21128.5,1168,26.411,1.3631,extreme_disaster,critical,1.0,True,2160.0,31,50,500,15500,98.15,64.96,281888.6,5607.82,600.0,2706.1,5916.9,11095.5,0.06105,none,0,0,0,500.0,0.01,breached,VALID
2025-04-29 09:00:00,GOV-EMERG-001,southeast,portal-main,25854.1,776,32.318,1.668,extreme_disaster,critical,1.0,True,2160.0,31,50,500,15500,99.8,73.29,591891.2,10333.42,600.0,3464.7,7301.1,18071.2,0.5,none,0,0,0,500.0,0.01,breached,VALID
2025-04-29 09:30:00,GOV-EMERG-001,southeast,portal-main,34768.9,1969,43.461,1.8299,extreme_disaster,critical,1.0,True,2160.0,38,50,500,19000,99.8,61.8,1064199.0,15743.59,600.0,3784.2,8400.6,21048.4,0.5,scale_out,12,0,5400,500.0,0.01,breached,VALID
2025-04-29 10:00:00,GOV-EMERG-001,southeast,portal-main,29121.1,1001,36.401,1.5327,extreme_disaster,critical,1.0,True,2160.0,38,50,500,19000,99.8,66.96,1367072.0,10095.77,600.0,2933.2,6908.1,14124.6,0.23825,none,0,0,0,500.0,0.01,breached,VALID
2025-04-29 10:30:00,GOV-EMERG-001,southeast,portal-main,19104.5,730,23.881,1.0055,extreme_disaster,critical,1.0,True,2160.0,38,50,500,19000,95.64,64.26,1369446.6,79.16,600.0,1662.7,3821.3,8248.7,0.00485,none,0,0,0,500.0,0.01,breached,VALID
2025-04-29 11:00:00,GOV-EMERG-001,southeast,status-page,24411.2,1116,30.514,0.9764,extreme_disaster,critical,1.0,True,2160.0,50,50,500,25000,89.25,59.52,1368446.6,-33.33,600.0,1062.5,2594.7,5738.7,0.00174,none,0,0,0,500.0,0.01,breached,VALID
2025-04-29 11:30:00,GOV-EMERG-001,southeast,portal-main,34895.2,2376,43.619,1.3958,extreme_disaster,critical,1.0,True,2160.0,50,50,500,25000,99.8,54.24,1664303.5,9861.89,600.0,2756.9,6421.6,12316.7,0.08024,none,0,0,0,500.0,0.01,breached,VALID
2025-04-29 12:00:00,GOV-EMERG-001,southeast,api-data,29052.7,1859,36.316,1.1621,extreme_disaster,critical,1.0,True,2160.0,50,50,500,25000,94.89,57.53,1784884.6,4019.37,600.0,1756.3,4361.5,9124.6,0.01474,none,0,0,0,500.0,0.01,breached,VALID
2025-04-29 12:30:00,GOV-EMERG-001,southeast,portal-main,23404.5,1308,29.256,0.9362,extreme_disaster,critical,1.0,True,2160.0,50,50,500,25000,88.57,59.19,1783884.6,-33.33,600.0,388.6,801.4,2044.6,0.00433,none,0,0,0,500.0,0.01,met,IMPUTED_MISSING
2025-04-29 13:00:00,GOV-EMERG-001,southeast,portal-main,28388.8,1504,35.486,1.1356,extreme_disaster,critical,1.0,True,2160.0,50,50,500,25000,96.54,60.85,1884547.8,3355.44,600.0,2195.3,4969.0,12314.1,0.01188,none,0,0,0,500.0,0.01,breached,VALID
2025-04-29 13:30:00,GOV-EMERG-001,southeast,api-data,21758.8,750,27.198,0.8704,extreme_disaster,critical,1.0,True,2160.0,50,50,500,25000,78.42,58.65,1883547.8,-33.33,600.0,193.3,388.4,1117.5,0.0,none,0,0,0,500.0,0.01,met,VALID
2025-04-29 14:00:00,GOV-EMERG-001,southeast,portal-main,21140.8,1085,26.426,0.8456,extreme_disaster,critical,1.0,True,2160.0,50,50,500,25000,74.57,47.54,1882547.8,-33.33,600.0,159.1,329.7,935.7,0.00048,none,0,0,0,500.0,0.01,met,VALID
2025-04-29 14:30:00,GOV-EMERG-001,southeast,api-data,27246.2,1238,34.058,1.0898,extreme_disaster,critical,1.0,True,2160.0,50,50,500,25000,97.42,62.11,1948932.6,2212.83,600.0,1816.9,3995.1,7726.5,0.0081,none,0,0,0,500.0,0.01,breached,VALID
2025-04-29 15:00:00,GOV-EMERG-001,southeast,portal-main,27255.8,1177,34.07,1.0902,extreme_disaster,critical,1.0,True,2160.0,50,50,500,25000,96.57,57.26,1981769.75,2222.47,600.0,1879.0,4774.4,10583.5,0.00891,none,0,0,0,500.0,0.01,breached,IMPUTED_MISSING
2025-04-29 15:30:00,GOV-EMERG-001,southeast,portal-main,17463.9,896,21.83,0.6986,extreme_disaster,critical,1.0,True,2160.0,50,50,500,25000,59.87,35.49,2014606.9,-33.33,600.0,88.6,197.4,474.1,0.00128,none,0,0,0,500.0,0.01,met,VALID
2025-04-29 16:00:00,GOV-EMERG-001,southeast,api-data,18055.5,832,22.569,0.7222,extreme_disaster,critical,1.0,True,2160.0,50,50,500,25000,55.04,29.84,2013606.9,-33.33,600.0,87.9,190.3,416.9,0.001,none,0,0,0,500.0,0.01,met,VALID
2025-04-29 16:30:00,GOV-EMERG-001,southeast,portal-main,24414.0,1398,30.518,0.9766,extreme_disaster,critical,1.0,True,2160.0,50,50,500,25000,96.77,55.28,2012606.9,-33.33,600.0,1066.1,2561.3,6232.2,0.0,none,0,0,0,500.0,0.01,breached,VALID
2025-04-29 17:00:00,GOV-EMERG-001,southeast,portal-main,18455.5,625,23.069,0.7382,extreme_disaster,critical,1.0,True,2160.0,50,50,500,25000,56.96,29.1,2011606.9,-33.33,600.0,92.7,224.5,530.3,0.00027,none,0,0,0,500.0,0.01,met,VALID
2025-04-29 17:30:00,GOV-EMERG-001,southeast,api-data,20231.5,1024,25.289,0.8093,extreme_disaster,critical,1.0,True,2160.0,50,50,500,25000,78.67,54.77,2010606.9,-33.33,600.0,138.7,317.4,769.5,0.00064,none,0,0,0,500.0,0.01,met,VALID
2025-04-29 18:00:00,GOV-EMERG-001,southeast,api-data,21153.2,903,26.442,0.8461,extreme_disaster,critical,1.0,True,2160.0,50,50,500,25000,65.695,50.1,2009606.9,-33.33,600.0,159.9,347.4,657.9,0.0013,none,0,0,0,500.0,0.01,met,IMPUTED_MISSING
2025-04-29 18:30:00,GOV-EMERG-001,southeast,status-page,15763.6,734,19.704,0.6305,extreme_disaster,critical,1.0,True,2160.0,50,50,500,25000,52.72,26.96,2008606.9,-33.33,600.0,111.2,158.9,317.2,0.00205,none,0,0,0,500.0,0.01,met,IMPUTED_MISSING
2025-04-29 19:00:00,GOV-EMERG-001,southeast,portal-main,14599.0,821,18.249,0.584,extreme_disaster,critical,1.0,True,2160.0,50,50,500,25000,49.83,29.76,2007606.9,-33.33,600.0,62.5,132.0,364.9,0.00115,none,0,0,0,500.0,0.01,met,IMPUTED_MISSING
2025-04-29 19:30:00,GOV-EMERG-001,southeast,portal-main,13434.4,547,16.793,0.5374,extreme_disaster,critical,1.0,True,2160.0,50,50,500,25000,47.11,32.56,2006606.9,-33.33,600.0,56.1,124.3,334.4,0.00072,none,0,0,0,500.0,0.01,met,VALID
2025-04-29 20:00:00,GOV-EMERG-001,southeast,api-data,11947.4,614,14.934,0.4779,extreme_disaster,critical,1.0,True,2160.0,50,50,500,25000,39.08,22.29,2005606.9,-33.33,600.0,48.9,102.8,222.9,0.00105,none,0,0,0,500.0,0.01,met,VALID
2025-04-29 20:30:00,GOV-EMERG-001,southeast,portal-main,10180.1,491,12.725,0.4072,extreme_disaster,critical,1.0,True,2160.0,50,50,500,25000,28.27,19.11,2004606.9,-33.33,600.0,47.1,112.4,214.6,0.00064,scale_in,0,23,1800,500.0,0.01,met,VALID
2025-04-29 21:00:00,GOV-EMERG-001,southeast,api-data,8370.9,372,10.464,0.6201,extreme_disaster,critical,1.0,True,2160.0,27,50,500,13500,49.9,40.0,2004066.9,-18.0,600.0,70.2,178.0,366.3,0.0015,none,0,0,0,500.0,0.01,met,VALID
2025-04-29 21:30:00,GOV-EMERG-001,southeast,portal-main,6998.0,322,8.748,0.5184,extreme_disaster,critical,1.0,True,2160.0,27,50,500,13500,41.2,22.25,2003526.9,-18.0,600.0,52.2,112.4,216.9,0.00102,none,0,0,0,500.0,0.01,met,VALID
2025-04-29 22:00:00,GOV-EMERG-001,southeast,portal-main,6343.4,309,7.929,0.4699,extreme_disaster,critical,1.0,True,2160.0,27,50,500,13500,36.21,25.06,2002986.9,-18.0,600.0,45.0,96.6,233.6,0.00142,none,0,0,0,500.0,0.01,met,VALID
2025-04-29 22:30:00,GOV-EMERG-001,southeast,api-data,5060.6,221,6.326,0.3749,extreme_disaster,critical,1.0,True,2160.0,27,50,500,13500,30.58,18.87,2002446.9,-18.0,600.0,46.5,118.0,276.0,0.00094,none,0,0,0,500.0,0.01,met,VALID
2025-04-29 23:00:00,GOV-EMERG-001,southeast,portal-main,4766.0,239,5.958,0.353,extreme_disaster,critical,1.0,True,2160.0,27,50,500,13500,30.02,17.39,2001906.9,-18.0,600.0,36.1,84.5,165.8,0.00146,none,0,0,0,500.0,0.01,met,VALID
2025-04-29 23:30:00,GOV-EMERG-001,southeast,portal-main,4482.4,214,5.603,0.332,extreme_disaster,critical,1.0,True,2160.0,27,50,500,13500,26.18,18.87,2001366.9,-18.0,600.0,28.4,69.1,155.5,0.00035,scale_in,0,15,3600,500.0,0.01,met,IMPUTED_MISSING
2025-04-30 00:00:00,GOV-EMERG-001,southeast,portal-main,4080.8,183,5.101,0.3023,extreme_disaster,critical,1.0,True,2160.0,27,50,500,13500,23.06,11.85,2000826.9,-18.0,600.0,28.4,71.9,143.4,0.00101,none,0,0,0,500.0,0.01,met,VALID
2025-04-30 00:30:00,GOV-EMERG-001,southeast,api-data,3461.7,219,4.327,0.577,extreme_disaster,critical,1.0,True,2160.0,12,50,500,6000,46.83,26.26,2000586.9,-8.0,600.0,52.6,126.3,240.8,0.00122,none,0,0,0,500.0,0.01,met,VALID
2025-04-30 01:00:00,GOV-EMERG-001,southeast,api-data,3020.1,161,3.775,0.5034,extreme_disaster,critical,1.0,True,2160.0,12,50,500,6000,41.47,28.19,2000346.9,-8.0,600.0,52.7,128.9,254.3,0.00089,none,0,0,0,500.0,0.01,met,VALID
2025-04-30 01:30:00,GOV-EMERG-001,southeast,portal-main,2390.4,112,2.988,0.3984,extreme_disaster,critical,1.0,True,2160.0,12,50,500,6000,35.36,25.22,2000106.9,-8.0,600.0,50.4,112.5,257.2,0.00114,none,0,0,0,500.0,0.01,met,VALID
2025-04-30 02:00:00,GOV-EMERG-001,southeast,portal-main,1895.1,97,2.369,0.3158,extreme_disaster,critical,1.0,True,2160.0,12,50,500,6000,26.84,13.51,1999866.9,-8.0,600.0,28.4,72.7,156.7,0.00114,scale_in,0,2,1800,500.0,0.01,met,VALID
2025-04-30 02:30:00,GOV-EMERG-001,southeast,status-page,1564.5,65,1.956,0.3129,extreme_disaster,critical,1.0,True,2160.0,10,50,500,5000,31.9,14.305,1999666.9,-6.67,600.0,33.3,80.6,169.0,0.00142,none,0,0,0,500.0,0.01,met,IMPUTED_MISSING
2025-04-30 03:00:00,GOV-EMERG-001,southeast,portal-main,1281.4,59,1.602,0.2563,extreme_disaster,critical,1.0,True,2160.0,10,50,500,5000,17.99,15.1,1999466.9,-6.67,600.0,34.0,69.4,198.7,0.00125,none,0,0,0,500.0,0.01,met,VALID
2025-04-30 03:30:00,GOV-EMERG-001,southeast,portal-main,1271.7,60,1.59,0.2543,extreme_disaster,critical,1.0,True,2160.0,10,50,500,5000,26.53,20.24,1999266.9,-6.67,600.0,39.7,93.6,168.1,0.00116,none,0,0,0,500.0,0.01,met,VALID
2025-04-30 04:00:00,GOV-EMERG-001,southeast,portal-main,1139.1,45,1.424,0.2278,extreme_disaster,critical,1.0,True,2160.0,10,50,500,5000,19.23,20.05,1999066.9,-6.67,600.0,29.2,60.1,172.9,0.00135,none,0,0,0,500.0,0.01,met,VALID
2025-04-30 04:30:00,GOV-EMERG-001,southeast,portal-main,1375.5,73,1.719,0.2751,extreme_disaster,critical,1.0,True,2160.0,10,50,500,5000,26.36,19.81,1998866.9,-6.67,600.0,36.9,85.2,188.0,0.00046,none,0,0,0,500.0,0.01,met,VALID
2025-04-30 05:00:00,GOV-EMERG-001,southeast,api-data,1685.2,77,2.106,0.337,extreme_disaster,critical,1.0,True,2160.0,10,50,500,5000,29.21,16.07,1998666.9,-6.67,600.0,36.7,75.4,175.6,0.0007,none,0,0,0,500.0,0.01,met,VALID
2025-04-30 05:30:00,GOV-EMERG-001,southeast,api-data,2441.9,115,3.052,0.4884,extreme_disaster,critical,1.0,True,2160.0,10,50,500,5000,38.05,24.895,1998466.9,-6.67,600.0,59.3,140.9,246.2,0.00045,none,0,0,0,500.0,0.01,met,IMPUTED_MISSING
2025-04-30 06:00:00,GOV-EMERG-001,southeast,api-data,2772.9,126,3.466,0.5546,extreme_disaster,critical,1.0,True,2160.0,10,50,500,5000,44.96,33.72,1998266.9,-6.67,600.0,56.7,128.9,260.4,0.00122,none,0,0,0,500.0,0.01,met,VALID
2025-04-30 06:30:00,GOV-EMERG-001,southeast,portal-main,3868.6,289,4.836,0.7737,extreme_disaster,critical,1.0,True,2160.0,10,50,500,5000,61.62,47.14,1998066.9,-6.67,600.0,111.9,260.9,545.6,0.00117,none,0,0,0,500.0,0.01,met,VALID
2025-04-30 07:00:00,GOV-EMERG-001,southeast,portal-main,4258.5,189,5.323,0.8517,extreme_disaster,critical,1.0,True,2160.0,10,50,500,5000,77.51,56.31,1998397.9,-6.67,600.0,168.9,403.6,992.2,0.00281,scale_out,2,0,5400,500.0,0.01,met,IMPUTED_MISSING
2025-04-30 07:30:00,GOV-EMERG-001,southeast,portal-main,5035.4,165,6.294,1.0071,extreme_disaster,critical,1.0,True,2160.0,10,50,500,5000,91.27,57.57,1998728.9,28.74,600.0,1671.1,3593.2,9212.6,0.00308,none,0,0,0,500.0,0.01,breached,VALID
2025-04-30 08:00:00,GOV-EMERG-001,southeast,portal-main,5830.2,214,7.288,1.166,extreme_disaster,critical,1.0,True,2160.0,10,50,500,5000,94.53,58.16,2023434.0,823.5,600.0,2079.5,4557.6,8563.5,0.01157,none,0,0,0,500.0,0.01,breached,VALID
2025-04-30 08:30:00,GOV-EMERG-001,southeast,portal-main,5593.5,315,6.992,0.9322,extreme_disaster,critical,1.0,True,2160.0,12,50,500,6000,86.75,48.88,2023194.0,-8.0,600.0,364.1,833.5,1695.2,0.00275,scale_out,3,0,1800,500.0,0.01,met,VALID
2025-04-30 09:00:00,GOV-EMERG-001,southeast,portal-main,5337.6,326,6.672,0.7117,extreme_disaster,critical,1.0,True,2160.0,15,50,500,7500,54.52,37.37,2022894.0,-10.0,600.0,78.7,184.2,392.2,0.00025,none,0,0,0,500.0,0.01,met,VALID
2025-04-30 09:30:00,GOV-EMERG-001,southeast,portal-main,5005.6,222,6.257,0.6674,extreme_disaster,critical,1.0,True,2160.0,15,50,500,7500,53.0,38.95,2022594.0,-10.0,600.0,74.6,190.5,425.0,0.00084,none,0,0,0,500.0,0.01,met,VALID
2025-04-30 10:00:00,GOV-EMERG-001,southeast,portal-main,3752.0,228,4.69,0.5003,extreme_disaster,critical,1.0,True,2160.0,15,50,500,7500,40.85,26.67,2022294.0,-10.0,600.0,53.3,117.8,295.9,6e-05,none,0,0,0,500.0,0.01,met,VALID
2025-04-30 10:30:00,GOV-EMERG-001,southeast,api-data,2703.6,152,3.379,0.3605,extreme_disaster,critical,1.0,True,2160.0,15,50,500,7500,31.4,19.13,2021994.0,-10.0,600.0,36.8,86.6,163.0,0.00113,none,0,0,0,500.0,0.01,met,VALID
2025-04-30 11:00:00,GOV-EMERG-001,southeast,portal-main,1780.5,86,2.226,0.2374,extreme_disaster,critical,1.0,True,2160.0,15,50,500,7500,12.94,6.66,2021694.0,-10.0,600.0,33.5,85.6,137.5,0.00089,scale_in,0,5,3600,500.0,0.01,met,VALID
2025-04-30 11:30:00,GOV-EMERG-001,southeast,portal-main,887.9,42,1.11,0.1184,extreme_disaster,critical,1.0,True,2160.0,15,50,500,7500,8.67,6.12,2021394.0,-10.0,600.0,23.5,57.1,100.1,0.00095,none,0,0,0,500.0,0.01,met,VALID
2025-04-30 12:00:00,GOV-EMERG-001,central,api-data,635.2,33,0.794,0.127,normal,none,1.0,False,0.0,10,50,500,5000,12.89,6.41,2021194.0,-6.67,600.0,32.9,72.3,164.7,0.00063,none,0,0,0,500.0,0.01,met,VALID
2025-04-30 14:00:00,GOV-EMERG-001,central,api-data,791.7,45,0.99,0.1583,normal,none,1.0,False,0.0,10,50,500,5000,8.14,4.0,2020394.0,-6.67,600.0,32.3,72.7,135.0,0.00073,none,0,0,0,500.0,0.01,met,VALID
2025-04-30 16:00:00,GOV-EMERG-001,central,api-data,661.5,35,0.827,0.1323,normal,none,1.0,False,0.0,10,50,500,5000,14.05,12.4,2019594.0,-6.67,600.0,28.9,73.0,130.0,0.00128,none,0,0,0,500.0,0.01,met,VALID
2025-04-30 18:00:00,GOV-EMERG-001,central,portal-main,540.4,24,0.676,0.1081,normal,none,1.0,False,0.0,10,50,500,5000,7.79,4.0,2018794.0,-6.67,600.0,28.7,64.9,162.0,0.00043,none,0,0,0,500.0,0.01,met,VALID
2025-04-30 20:00:00,GOV-EMERG-001,central,api-data,366.3,18,0.458,0.0733,normal,none,1.0,False,0.0,10,50,500,5000,6.67,5.04,2017994.0,-6.67,600.0,21.4,46.0,102.8,0.0012,none,0,0,0,500.0,0.01,met,VALID
2025-04-30 22:00:00,GOV-EMERG-001,central,portal-main,217.3,14,0.272,0.0435,normal,none,1.0,False,0.0,10,50,500,5000,2.63,4.0,2017194.0,-6.67,600.0,20.7,48.0,124.3,0.00068,none,0,0,0,500.0,0.01,met,VALID
2025-05-01 00:00:00,GOV-EMERG-001,central,portal-main,123.5,6,0.154,0.0247,normal,none,1.0,False,0.0,10,50,500,5000,7.09,4.96,2016394.0,-6.67,600.0,25.1,53.1,138.6,0.00033,none,0,0,0,500.0,0.01,met,VALID
2025-05-01 02:00:00,GOV-EMERG-001,central,portal-main,82.9,5,0.104,0.0166,normal,none,1.0,False,0.0,10,50,500,5000,1.63,4.0,2015594.0,-6.67,600.0,27.5,64.5,124.5,0.00149,none,0,0,0,500.0,0.01,met,VALID
2025-05-01 04:00:00,GOV-EMERG-001,central,portal-main,61.5,3,0.077,0.0123,normal,none,1.0,False,0.0,10,50,500,5000,1.0,4.0,2014794.0,-6.67,600.0,27.6,71.5,110.7,0.00153,none,0,0,0,500.0,0.01,met,VALID
2025-05-01 06:00:00,GOV-EMERG-001,central,portal-main,195.1,10,0.244,0.039,normal,none,1.0,False,0.0,10,50,500,5000,3.25,7.21,2013994.0,-6.67,600.0,24.6,63.4,124.2,0.00078,none,0,0,0,500.0,0.01,met,VALID
2025-05-01 08:00:00,GOV-EMERG-001,central,portal-main,497.7,25,0.622,0.0995,normal,none,1.0,False,0.0,10,50,500,5000,9.46,15.92,2013194.0,-6.67,600.0,30.7,72.8,166.4,0.00078,none,0,0,0,500.0,0.01,met,IMPUTED_MISSING
2025-05-01 10:00:00,GOV-EMERG-001,central,api-data,756.4,43,0.946,0.1513,normal,none,1.0,False,0.0,10,50,500,5000,12.92,8.46,2012394.0,-6.67,600.0,35.1,89.0,173.6,0.0009,none,0,0,0,500.0,0.01,met,VALID
2025-05-01 12:00:00,GOV-EMERG-001,central,portal-main,693.3,39,0.867,0.1387,normal,none,1.0,False,0.0,10,50,500,5000,15.25,8.45,2011594.0,-6.67,600.0,28.7,71.4,166.7,0.00068,none,0,0,0,500.0,0.01,met,VALID
2025-05-01 14:00:00,GOV-EMERG-001,central,portal-main,803.0,42,1.004,0.1606,normal,none,1.0,False,0.0,10,50,500,5000,15.93,10.29,2010794.0,-6.67,600.0,31.0,79.7,171.7,0.00075,none,0,0,0,500.0,0.01,met,VALID
2025-05-01 16:00:00,GOV-EMERG-001,central,portal-main,647.9,29,0.81,0.1296,normal,none,1.0,False,0.0,10,50,500,5000,13.31,4.0,2009994.0,-6.67,600.0,27.9,70.4,140.6,0.00118,none,0,0,0,500.0,0.01,met,VALID
2025-05-01 18:00:00,GOV-EMERG-001,central,portal-main,506.7,27,0.633,0.1013,normal,none,1.0,False,0.0,10,50,500,5000,4.84,4.26,2009194.0,-6.67,600.0,27.3,69.4,110.3,0.00183,none,0,0,0,500.0,0.01,met,VALID
2025-05-01 20:00:00,GOV-EMERG-001,central,portal-main,337.9,17,0.422,0.0676,normal,none,1.0,False,0.0,10,50,500,5000,3.81,4.0,2008394.0,-6.67,600.0,27.5,58.8,128.6,0.00086,none,0,0,0,500.0,0.01,met,VALID
2025-05-01 22:00:00,GOV-EMERG-001,central,portal-main,225.9,11,0.282,0.0452,normal,none,1.0,False,0.0,10,50,500,5000,6.5,4.0,2007594.0,-6.67,600.0,33.0,69.1,164.6,0.00141,none,0,0,0,500.0,0.01,met,VALID
2025-05-02 00:00:00,GOV-EMERG-001,central,portal-main,116.4,8,0.146,0.0233,normal,none,1.0,False,0.0,10,50,500,5000,1.0,4.0,2006794.0,-6.67,600.0,29.3,59.3,131.7,0.00114,none,0,0,0,500.0,0.01,met,VALID
2025-05-02 02:00:00,GOV-EMERG-001,central,api-data,77.5,3,0.097,0.0155,normal,none,1.0,False,0.0,10,50,500,5000,6.56,4.5,2005994.0,-6.67,600.0,28.7,68.7,162.8,0.00033,none,0,0,0,500.0,0.01,met,VALID
2025-05-02 04:00:00,GOV-EMERG-001,central,status-page,60.8,4,0.076,0.0122,normal,none,1.0,False,0.0,10,50,500,5000,3.16,4.0,2005194.0,-6.67,600.0,25.5,60.1,113.9,0.00099,none,0,0,0,500.0,0.01,met,IMPUTED_MISSING
2025-05-02 06:00:00,GOV-EMERG-001,central,portal-main,175.4,8,0.219,0.0351,normal,none,1.0,False,0.0,10,50,500,5000,8.63,5.65,2004394.0,-6.67,600.0,22.3,57.9,98.4,0.00094,none,0,0,0,500.0,0.01,met,VALID
2025-05-02 08:00:00,GOV-EMERG-001,central,portal-main,515.5,26,0.644,0.1031,normal,none,1.0,False,0.0,10,50,500,5000,9.83,10.25,2003594.0,-6.67,600.0,29.4,73.9,163.6,0.00159,none,0,0,0,500.0,0.01,met,VALID
2025-05-02 10:00:00,GOV-EMERG-001,central,api-data,744.5,53,0.931,0.1489,normal,none,1.0,False,0.0,10,50,500,5000,10.74,8.3,2002794.0,-6.67,600.0,34.3,85.8,179.2,0.0016,none,0,0,0,500.0,0.01,met,VALID
2025-05-02 12:00:00,GOV-EMERG-001,central,status-page,670.2,28,0.838,0.134,normal,none,1.0,False,0.0,10,50,500,5000,13.45,8.51,2001994.0,-6.67,600.0,35.8,82.7,157.1,0.00115,none,0,0,0,500.0,0.01,met,VALID
2025-05-02 14:00:00,GOV-EMERG-001,central,portal-main,762.8,34,0.953,0.1526,normal,none,1.0,False,0.0,10,50,500,5000,14.34,6.76,2001194.0,-6.67,600.0,19.7,44.7,99.7,0.00149,none,0,0,0,500.0,0.01,met,VALID
2025-05-02 16:00:00,GOV-EMERG-001,central,api-data,692.0,35,0.865,0.1384,normal,none,1.0,False,0.0,10,50,500,5000,14.71,10.15,2000394.0,-6.67,600.0,38.8,92.5,209.1,0.00094,none,0,0,0,500.0,0.01,met,VALID
2025-05-02 18:00:00,GOV-EMERG-001,central,status-page,514.1,22,0.643,0.1028,normal,none,1.0,False,0.0,10,50,500,5000,7.26,6.65,1999594.0,-6.67,600.0,29.5,59.5,144.6,0.00145,none,0,0,0,500.0,0.01,met,VALID
2025-05-02 20:00:00,GOV-EMERG-001,central,api-data,325.1,19,0.406,0.065,normal,none,1.0,False,0.0,10,50,500,5000,1.35,4.0,1998794.0,-6.67,600.0,30.4,75.2,139.9,0.00104,none,0,0,0,500.0,0.01,met,VALID
2025-05-02 22:00:00,GOV-EMERG-001,central,portal-main,220.0,10,0.275,0.044,normal,none,1.0,False,0.0,10,50,500,5000,1.0,4.0,1997994.0,-6.67,600.0,19.2,46.0,103.2,0.00144,none,0,0,0,500.0,0.01,met,VALID
2025-05-03 00:00:00,GOV-EMERG-001,central,portal-main,99.1,5,0.124,0.0198,normal,none,1.0,False,0.0,10,50,500,5000,3.08,4.0,1997194.0,-6.67,600.0,24.6,51.6,132.0,0.00148,none,0,0,0,500.0,0.01,met,VALID
2025-05-03 02:00:00,GOV-EMERG-001,central,portal-main,61.4,2,0.077,0.0123,normal,none,1.0,False,0.0,10,50,500,5000,1.0,4.0,1996394.0,-6.67,600.0,28.6,68.1,115.4,0.00129,none,0,0,0,500.0,0.01,met,VALID
2025-05-03 04:00:00,GOV-EMERG-001,central,portal-main,53.4,2,0.067,0.0107,normal,none,1.0,False,0.0,10,50,500,5000,2.63,4.0,1995594.0,-6.67,600.0,20.6,48.5,91.9,0.0007,none,0,0,0,500.0,0.01,met,VALID
2025-05-03 06:00:00,GOV-EMERG-001,central,portal-main,158.7,8,0.198,0.0317,normal,none,1.0,False,0.0,10,50,500,5000,4.61,4.0,1994794.0,-6.67,600.0,14.3,35.3,75.5,0.001,none,0,0,0,500.0,0.01,met,IMPUTED_MISSING
2025-05-03 08:00:00,GOV-EMERG-001,central,portal-main,416.4,15,0.52,0.0833,normal,none,1.0,False,0.0,10,50,500,5000,7.14,4.0,1993994.0,-6.67,600.0,28.6,71.6,127.3,0.0013,none,0,0,0,500.0,0.01,met,IMPUTED_MISSING
2025-05-03 10:00:00,GOV-EMERG-001,central,portal-main,654.6,41,0.818,0.1309,normal,none,1.0,False,0.0,10,50,500,5000,10.13,4.0,1993194.0,-6.67,600.0,28.6,61.5,169.3,0.00136,none,0,0,0,500.0,0.01,met,VALID
2025-05-03 12:00:00,GOV-EMERG-001,central,portal-main,582.2,22,0.728,0.1164,normal,none,1.0,False,0.0,10,50,500,5000,7.83,7.77,1992394.0,-6.67,600.0,28.3,84.8,147.3,0.00106,none,0,0,0,500.0,0.01,met,IMPUTED_MISSING
2025-05-03 14:00:00,GOV-EMERG-001,central,api-data,632.7,26,0.791,0.1265,normal,none,1.0,False,0.0,10,50,500,5000,13.16,8.77,1991594.0,-6.67,600.0,28.0,59.0,153.8,0.00088,none,0,0,0,500.0,0.01,met,VALID
2025-05-03 16:00:00,GOV-EMERG-001,central,portal-main,543.0,29,0.679,0.1086,normal,none,1.0,False,0.0,10,50,500,5000,10.65,6.72,1990794.0,-6.67,600.0,29.0,61.9,166.1,0.00108,none,0,0,0,500.0,0.01,met,IMPUTED_MISSING
2025-05-03 18:00:00,GOV-EMERG-001,central,portal-main,401.0,18,0.501,0.0802,normal,none,1.0,False,0.0,10,50,500,5000,4.89,4.0,1989994.0,-6.67,600.0,30.0,68.8,140.7,0.00089,none,0,0,0,500.0,0.01,met,VALID
2025-05-03 20:00:00,GOV-EMERG-001,central,api-data,296.8,11,0.371,0.0594,normal,none,1.0,False,0.0,10,50,500,5000,3.75,4.0,1989194.0,-6.67,600.0,30.7,76.3,159.9,0.00089,none,0,0,0,500.0,0.01,met,VALID
2025-05-03 22:00:00,GOV-EMERG-001,central,api-data,178.8,12,0.224,0.0358,normal,none,1.0,False,0.0,10,50,500,5000,3.65,4.0,1988394.0,-6.67,600.0,23.1,58.7,97.3,0.00178,none,0,0,0,500.0,0.01,met,VALID
2025-05-04 00:00:00,GOV-EMERG-001,central,status-page,90.7,4,0.113,0.0181,normal,none,1.0,False,0.0,10,50,500,5000,1.0,4.0,1987594.0,-6.67,600.0,29.2,58.8,153.3,0.00081,none,0,0,0,500.0,0.01,met,VALID
2025-05-04 02:00:00,GOV-EMERG-001,central,api-data,61.1,3,0.076,0.0122,normal,none,1.0,False,0.0,10,50,500,5000,1.12,4.0,1986794.0,-6.67,600.0,23.2,56.7,138.8,0.0012,none,0,0,0,500.0,0.01,met,VALID
2025-05-04 04:00:00,GOV-EMERG-001,central,api-data,45.2,2,0.056,0.009,normal,none,1.0,False,0.0,10,50,500,5000,6.18,5.2,1985994.0,-6.67,600.0,25.3,63.9,150.4,0.00106,none,0,0,0,500.0,0.01,met,VALID
2025-05-04 06:00:00,GOV-EMERG-001,central,portal-main,143.3,8,0.179,0.0287,normal,none,1.0,False,0.0,10,50,500,5000,1.0,4.0,1985194.0,-6.67,600.0,28.4,73.1,137.1,0.00051,none,0,0,0,500.0,0.01,met,VALID
2025-05-04 08:00:00,GOV-EMERG-001,central,portal-main,373.6,20,0.467,0.0747,normal,none,1.0,False,0.0,10,50,500,5000,5.14,4.0,1984394.0,-6.67,600.0,30.4,65.7,171.5,0.0005,none,0,0,0,500.0,0.01,met,VALID
2025-05-04 10:00:00,GOV-EMERG-001,central,portal-main,616.9,27,0.771,0.1234,normal,none,1.0,False,0.0,10,50,500,5000,11.16,6.35,1983594.0,-6.67,600.0,29.8,62.7,168.4,0.00097,none,0,0,0,500.0,0.01,met,VALID
2025-05-04 12:00:00,GOV-EMERG-001,central,portal-main,507.3,24,0.634,0.1015,normal,none,1.0,False,0.0,10,50,500,5000,6.54,4.0,1982794.0,-6.67,600.0,23.5,54.0,109.4,0.00022,none,0,0,0,500.0,0.01,met,VALID
2025-05-04 14:00:00,GOV-EMERG-001,central,status-page,604.0,29,0.755,0.1208,normal,none,1.0,False,0.0,10,50,500,5000,11.06,9.55,1981994.0,-6.67,600.0,21.0,53.2,118.3,0.00173,none,0,0,0,500.0,0.01,met,VALID
2025-05-04 16:00:00,GOV-EMERG-001,central,portal-main,519.5,29,0.649,0.1039,normal,none,1.0,False,0.0,10,50,500,5000,8.52,5.4,1981194.0,-6.67,600.0,27.1,59.4,117.4,0.00086,none,0,0,0,500.0,0.01,met,VALID
2025-05-04 18:00:00,GOV-EMERG-001,central,portal-main,401.7,16,0.502,0.0803,normal,none,1.0,False,0.0,10,50,500,5000,2.23,4.0,1980394.0,-6.67,600.0,31.1,71.6,185.1,0.00082,none,0,0,0,500.0,0.01,met,VALID
2025-05-04 20:00:00,GOV-EMERG-001,central,portal-main,253.7,17,0.317,0.0507,normal,none,1.0,False,0.0,10,50,500,5000,1.56,4.0,1979594.0,-6.67,600.0,28.1,73.1,161.2,0.00149,none,0,0,0,500.0,0.01,met,VALID
2025-05-04 22:00:00,GOV-EMERG-001,central,portal-main,167.5,7,0.209,0.0335,normal,none,1.0,False,0.0,10,50,500,5000,1.0,5.21,1978794.0,-6.67,600.0,26.8,61.0,134.7,0.00094,none,0,0,0,500.0,0.01,met,VALID
2025-05-05 00:00:00,GOV-EMERG-001,central,portal-main,130.0,6,0.162,0.026,normal,none,1.0,False,0.0,10,50,500,5000,1.0,4.0,1977994.0,-6.67,600.0,25.6,60.9,122.3,0.00126,none,0,0,0,500.0,0.01,met,VALID
2025-05-05 02:00:00,GOV-EMERG-001,central,portal-main,86.9,4,0.109,0.0174,normal,none,1.0,False,0.0,10,50,500,5000,1.0,4.0,1977194.0,-6.67,600.0,26.7,69.3,157.2,0.00077,none,0,0,0,500.0,0.01,met,VALID
2025-05-05 04:00:00,GOV-EMERG-001,central,status-page,67.2,3,0.084,0.0134,normal,none,1.0,False,0.0,10,50,500,5000,2.54,4.13,1976394.0,-6.67,600.0,21.4,47.4,88.5,0.00102,none,0,0,0,500.0,0.01,met,VALID
2025-05-05 06:00:00,GOV-EMERG-001,central,portal-main,203.4,9,0.254,0.0407,normal,none,1.0,False,0.0,10,50,500,5000,5.9,4.0,1975594.0,-6.67,600.0,29.2,63.1,145.8,0.00139,none,0,0,0,500.0,0.01,met,VALID
2025-05-05 08:00:00,GOV-EMERG-001,central,api-data,531.9,22,0.665,0.1064,normal,none,1.0,False,0.0,10,50,500,5000,9.89,11.25,1974794.0,-6.67,600.0,31.4,68.0,156.0,0.00066,none,0,0,0,500.0,0.01,met,VALID
2025-05-05 10:00:00,GOV-EMERG-001,central,api-data,628.7333333333333,39,0.786,0.1257,normal,none,1.0,False,0.0,10,50,500,5000,16.26,16.96,1973994.0,-6.67,600.0,28.5,67.7,135.9,0.00121,none,0,0,0,500.0,0.01,met,IMPUTED_MISSING
2025-05-05 12:00:00,GOV-EMERG-001,central,portal-main,725.5666666666666,30,0.907,0.1451,normal,none,1.0,False,0.0,10,50,500,5000,11.96,8.25,1973194.0,-6.67,600.0,30.9,64.9,130.6,3e-05,none,0,0,0,500.0,0.01,met,IMPUTED_MISSING
2025-05-05 14:00:00,GOV-EMERG-001,central,portal-main,822.4,46,1.028,0.1645,normal,none,1.0,False,0.0,10,50,500,5000,11.2,4.0,1972394.0,-6.67,600.0,23.1,48.4,103.8,0.00151,none,0,0,0,500.0,0.01,met,VALID
2025-05-05 16:00:00,GOV-EMERG-001,central,api-data,658.5,29,0.823,0.1317,normal,none,1.0,False,0.0,10,50,500,5000,9.48,8.33,1971594.0,-6.67,600.0,29.5,63.6,176.1,0.00078,none,0,0,0,500.0,0.01,met,VALID
2025-05-05 18:00:00,GOV-EMERG-001,central,portal-main,515.5,22,0.644,0.1031,normal,none,1.0,False,0.0,10,50,500,5000,11.23,12.82,1970794.0,-6.67,600.0,27.3,63.6,153.5,0.00097,none,0,0,0,500.0,0.01,met,VALID
2025-05-05 20:00:00,GOV-EMERG-001,central,status-page,363.0,17,0.454,0.0726,normal,none,1.0,False,0.0,10,50,500,5000,6.32,4.0,1969994.0,-6.67,600.0,32.0,80.2,181.6,0.00096,none,0,0,0,500.0,0.01,met,VALID
2025-05-05 22:00:00,GOV-EMERG-001,central,portal-main,226.8,13,0.284,0.0454,normal,none,1.0,False,0.0,10,50,500,5000,2.17,4.0,1969194.0,-6.67,600.0,25.4,58.9,127.5,0.00061,none,0,0,0,500.0,0.01,met,VALID
2025-05-06 00:00:00,GOV-EMERG-001,central,api-data,123.0,6,0.154,0.0246,normal,none,1.0,False,0.0,10,50,500,5000,2.29,4.0,1968394.0,-6.67,600.0,29.1,71.9,154.9,0.00058,none,0,0,0,500.0,0.01,met,VALID
2025-05-06 02:00:00,GOV-EMERG-001,central,api-data,77.7,4,0.097,0.0155,normal,none,1.0,False,0.0,10,50,500,5000,1.03,4.0,1967594.0,-6.67,600.0,23.8,61.3,119.4,0.00121,none,0,0,0,500.0,0.01,met,VALID
2025-05-06 04:00:00,GOV-EMERG-001,central,portal-main,59.7,2,0.075,0.0119,normal,none,1.0,False,0.0,10,50,500,5000,1.0,4.0,1966794.0,-6.67,600.0,16.2,39.5,86.5,0.00123,none,0,0,0,500.0,0.01,met,VALID
2025-05-06 06:00:00,GOV-EMERG-001,central,portal-main,216.2,9,0.27,0.0432,normal,none,1.0,False,0.0,10,50,500,5000,1.12,4.0,1965994.0,-6.67,600.0,25.2,60.2,144.5,0.00065,none,0,0,0,500.0,0.01,met,VALID
2025-05-06 08:00:00,GOV-EMERG-001,central,status-page,629.7,25,0.787,0.1259,normal,none,1.0,False,0.0,10,50,500,5000,9.6,4.17,1965194.0,-6.67,600.0,29.4,58.9,131.8,0.00122,none,0,0,0,500.0,0.01,met,VALID
2025-05-06 10:00:00,GOV-EMERG-001,central,portal-main,817.9,50,1.022,0.1636,normal,none,1.0,False,0.0,10,50,500,5000,14.1,8.17,1964394.0,-6.67,600.0,30.5,69.2,180.0,0.00122,none,0,0,0,500.0,0.01,met,VALID
2025-05-06 12:00:00,GOV-EMERG-001,central,portal-main,672.3,37,0.84,0.1345,normal,none,1.0,False,0.0,10,50,500,5000,8.13,4.0,16.2,-6.67,600.0,29.5,63.9,172.2,0.00085,none,0,0,0,500.0,0.01,met,REPAIRED_NEGATIVE
2025-05-06 14:00:00,GOV-EMERG-001,central,portal-main,769.1,33,0.961,0.1538,normal,none,1.0,False,0.0,10,50,500,5000,10.15,13.44,1962794.0,-6.67,600.0,27.5,63.5,133.1,0.00048,none,0,0,0,500.0,0.01,met,VALID
2025-05-06 16:00:00,GOV-EMERG-001,central,portal-main,697.3,32,0.872,0.1395,normal,none,1.0,False,0.0,10,50,500,5000,16.29,10.99,1961994.0,-6.67,600.0,27.8,71.4,165.3,0.00098,none,0,0,0,500.0,0.01,met,VALID
2025-05-06 18:00:00,GOV-EMERG-001,central,api-data,554.9,24,0.694,0.111,normal,none,1.0,False,0.0,10,50,500,5000,8.92,4.0,1961194.0,-6.67,600.0,23.6,51.8,136.1,0.00115,none,0,0,0,500.0,0.01,met,VALID
2025-05-06 20:00:00,GOV-EMERG-001,central,api-data,338.2,14,0.423,0.0676,normal,none,1.0,False,0.0,10,50,500,5000,8.84,4.52,1960394.0,-6.67,600.0,18.8,39.5,76.8,0.00098,none,0,0,0,500.0,0.01,met,VALID
2025-05-06 22:00:00,GOV-EMERG-001,central,portal-main,222.6,12,0.278,0.0445,normal,none,1.0,False,0.0,10,50,500,5000,5.65,4.0,1959594.0,-6.67,600.0,25.7,64.2,105.1,0.00076,none,0,0,0,500.0,0.01,met,VALID
2025-05-07 00:00:00,GOV-EMERG-001,central,api-data,121.2,6,0.152,0.0242,normal,none,1.0,False,0.0,10,50,500,5000,3.325,4.0,1958794.0,-6.67,600.0,22.6,58.7,122.6,0.00119,none,0,0,0,500.0,0.01,met,IMPUTED_MISSING
2025-05-07 02:00:00,GOV-EMERG-001,central,portal-main,83.5,6,0.104,0.0167,normal,none,1.0,False,0.0,10,50,500,5000,1.0,4.0,1957994.0,-6.67,600.0,29.7,73.4,165.6,0.00151,none,0,0,0,500.0,0.01,met,VALID
2025-05-07 04:00:00,GOV-EMERG-001,central,portal-main,62.9,4,0.079,0.0126,normal,none,1.0,False,0.0,10,50,500,5000,1.0,4.42,1957194.0,-6.67,600.0,16.6,34.6,74.6,0.00069,none,0,0,0,500.0,0.01,met,VALID
2025-05-07 06:00:00,GOV-EMERG-001,central,portal-main,184.4,11,0.23,0.0369,normal,none,1.0,False,0.0,10,50,500,5000,2.24,4.0,1956394.0,-6.67,600.0,27.1,63.2,135.5,0.00088,none,0,0,0,500.0,0.01,met,VALID
2025-05-07 08:00:00,GOV-EMERG-001,central,status-page,577.4,32,0.722,0.1155,normal,none,1.0,False,0.0,10,50,500,5000,11.05,5.15,1955594.0,-6.67,600.0,36.8,82.4,186.6,0.0021,none,0,0,0,500.0,0.01,met,VALID
2025-05-07 10:00:00,GOV-EMERG-001,central,portal-main,845.0,39,1.056,0.169,normal,none,1.0,False,0.0,10,50,500,5000,18.17,12.82,1954794.0,-6.67,600.0,29.4,69.9,143.6,0.00112,none,0,0,0,500.0,0.01,met,VALID
2025-05-07 12:00:00,GOV-EMERG-001,central,portal-main,717.0,39,0.896,0.1434,normal,none,1.0,False,0.0,10,50,500,5000,12.76,12.97,1953994.0,-6.67,600.0,29.2,70.1,120.7,0.00049,none,0,0,0,500.0,0.01,met,VALID
2025-05-07 14:00:00,GOV-EMERG-001,central,portal-main,816.2,38,1.02,0.1632,normal,none,1.0,False,0.0,10,50,500,5000,14.69,7.27,1953194.0,-6.67,600.0,31.6,78.5,140.2,0.00081,none,0,0,0,500.0,0.01,met,VALID
2025-05-07 16:00:00,GOV-EMERG-001,central,api-data,663.9,42,0.83,0.1328,normal,none,1.0,False,0.0,10,50,500,5000,12.99,8.2,1952394.0,-6.67,600.0,30.8,66.1,173.6,0.0007,none,0,0,0,500.0,0.01,met,VALID
2025-05-07 18:00:00,GOV-EMERG-001,central,portal-main,498.0,27,0.622,0.0996,normal,none,1.0,False,0.0,10,50,500,5000,15.38,11.19,1951594.0,-6.67,600.0,26.1,67.4,108.3,0.00115,none,0,0,0,500.0,0.01,met,VALID
2025-05-07 20:00:00,GOV-EMERG-001,central,portal-main,378.5,20,0.473,0.0757,normal,none,1.0,False,0.0,10,50,500,5000,6.89,4.0,1950794.0,-6.67,600.0,23.0,49.0,120.7,0.00112,none,0,0,0,500.0,0.01,met,VALID
2025-05-07 22:00:00,GOV-EMERG-001,central,api-data,228.3,12,0.285,0.0457,normal,none,1.0,False,0.0,10,50,500,5000,3.97,4.0,1949994.0,-6.67,600.0,28.8,59.8,151.8,0.00075,none,0,0,0,500.0,0.01,met,VALID
2025-05-08 00:00:00,GOV-EMERG-001,central,portal-main,122.9,8,0.154,0.0246,normal,none,1.0,False,0.0,10,50,500,5000,1.0,4.0,1949194.0,-6.67,600.0,18.0,44.9,106.4,0.0008900000000000001,none,0,0,0,500.0,0.01,met,IMPUTED_MISSING
2025-05-08 02:00:00,GOV-EMERG-001,central,portal-main,86.0,3,0.108,0.0172,normal,none,1.0,False,0.0,10,50,500,5000,2.83,4.0,1948394.0,-6.67,600.0,28.8,65.5,171.9,0.00103,none,0,0,0,500.0,0.01,met,VALID
2025-05-08 04:00:00,GOV-EMERG-001,central,portal-main,60.6,4,0.076,0.0121,normal,none,1.0,False,0.0,10,50,500,5000,1.0,4.0,1947594.0,-6.67,600.0,23.7,54.5,139.8,0.00082,none,0,0,0,500.0,0.01,met,VALID
2025-05-08 06:00:00,GOV-EMERG-001,central,portal-main,194.5,9,0.243,0.0389,normal,none,1.0,False,0.0,10,50,500,5000,4.24,4.0,1946794.0,-6.67,600.0,26.0,57.0,132.3,0.00051,none,0,0,0,500.0,0.01,met,VALID
2025-05-08 08:00:00,GOV-EMERG-001,central,portal-main,564.4,22,0.706,0.1129,normal,none,1.0,False,0.0,10,50,500,5000,13.47,9.6,1945994.0,-6.67,600.0,26.1,52.9,106.5,0.00064,none,0,0,0,500.0,0.01,met,VALID
2025-05-08 10:00:00,GOV-EMERG-001,central,api-data,777.4,34,0.972,0.1555,normal,none,1.0,False,0.0,10,50,500,5000,10.39,5.01,1945194.0,-6.67,600.0,35.3,74.8,160.9,0.0005,none,0,0,0,500.0,0.01,met,VALID
2025-05-08 12:00:00,GOV-EMERG-001,central,portal-main,748.2,27,0.935,0.1496,normal,none,1.0,False,0.0,10,50,500,5000,9.86,4.94,1944394.0,-6.67,600.0,30.4,74.7,150.5,0.00092,none,0,0,0,500.0,0.01,met,VALID
2025-05-08 14:00:00,GOV-EMERG-001,central,api-data,792.5,44,0.991,0.1585,normal,none,1.0,False,0.0,10,50,500,5000,14.01,4.47,1943594.0,-6.67,600.0,28.4,60.7,115.9,0.00065,none,0,0,0,500.0,0.01,met,VALID
2025-05-08 16:00:00,GOV-EMERG-001,central,status-page,646.3,27,0.808,0.1293,normal,none,1.0,False,0.0,10,50,500,5000,10.53,8.1,1942794.0,-6.67,600.0,27.3,70.9,111.3,0.00131,none,0,0,0,500.0,0.01,met,VALID
2025-05-08 18:00:00,GOV-EMERG-001,central,portal-main,504.7,27,0.631,0.1009,normal,none,1.0,False,0.0,10,50,500,5000,10.62,6.9,1941994.0,-6.67,600.0,27.3,67.5,127.0,0.001325,none,0,0,0,500.0,0.01,met,IMPUTED_MISSING
2025-05-08 20:00:00,GOV-EMERG-001,central,portal-main,363.1,22,0.454,0.0726,normal,none,1.0,False,0.0,10,50,500,5000,10.33,4.0,1941194.0,-6.67,600.0,36.5,91.7,174.5,0.00134,none,0,0,0,500.0,0.01,met,VALID
2025-05-08 22:00:00,GOV-EMERG-001,central,status-page,234.5,10,0.293,0.0469,normal,none,1.0,False,0.0,10,50,500,5000,5.29,4.0,1940394.0,-6.67,600.0,21.0,52.9,108.2,0.0012,none,0,0,0,500.0,0.01,met,VALID
2025-05-09 00:00:00,GOV-EMERG-001,central,portal-main,116.2,6,0.145,0.0232,normal,none,1.0,False,0.0,10,50,500,5000,1.0,4.0,1939594.0,-6.67,600.0,29.9,72.8,175.5,0.00126,none,0,0,0,500.0,0.01,met,VALID
2025-05-09 02:00:00,GOV-EMERG-001,central,api-data,77.8,3,0.097,0.0156,normal,none,1.0,False,0.0,10,50,500,5000,3.52,5.11,1938794.0,-6.67,600.0,27.7,63.1,132.3,0.0015300000000000001,none,0,0,0,500.0,0.01,met,IMPUTED_MISSING
2025-05-09 04:00:00,GOV-EMERG-001,central,api-data,61.8,3,0.077,0.0124,normal,none,1.0,False,0.0,10,50,500,5000,1.85,4.0,1937994.0,-6.67,600.0,31.5,80.3,128.9,0.0018,none,0,0,0,500.0,0.01,met,VALID
2025-05-09 06:00:00,GOV-EMERG-001,central,portal-main,188.2,13,0.235,0.0376,normal,none,1.0,False,0.0,10,50,500,5000,4.01,4.0,1937194.0,-6.67,600.0,28.5,64.3,144.7,0.00066,none,0,0,0,500.0,0.01,met,VALID
2025-05-09 08:00:00,GOV-EMERG-001,central,portal-main,512.9,29,0.641,0.1026,normal,none,1.0,False,0.0,10,50,500,5000,8.01,4.0,1936394.0,-6.67,600.0,27.9,57.3,131.4,0.00134,none,0,0,0,500.0,0.01,met,VALID
2025-05-09 10:00:00,GOV-EMERG-001,central,portal-main,771.0,37,0.964,0.1542,normal,none,1.0,False,0.0,10,50,500,5000,16.48,11.02,1935594.0,-6.67,600.0,33.6,79.3,195.2,0.00116,none,0,0,0,500.0,0.01,met,VALID
2025-05-09 12:00:00,GOV-EMERG-001,central,portal-main,672.6,30,0.841,0.1345,normal,none,1.0,False,0.0,10,50,500,5000,14.5,11.7,1934794.0,-6.67,600.0,29.8,61.5,144.9,0.00143,none,0,0,0,500.0,0.01,met,VALID
2025-05-09 14:00:00,GOV-EMERG-001,central,portal-main,824.2,41,1.03,0.1648,normal,none,1.0,False,0.0,10,50,500,5000,11.58,4.0,1933994.0,-6.67,600.0,33.0,78.9,153.0,0.00104,none,0,0,0,500.0,0.01,met,VALID
2025-05-09 16:00:00,GOV-EMERG-001,central,portal-main,689.4,35,0.862,0.1379,normal,none,1.0,False,0.0,10,50,500,5000,11.2,7.12,1933194.0,-6.67,600.0,34.7,90.2,189.1,0.00147,none,0,0,0,500.0,0.01,met,VALID
2025-05-09 18:00:00,GOV-EMERG-001,central,api-data,509.6,27,0.637,0.1019,normal,none,1.0,False,0.0,10,50,500,5000,9.01,4.0,1932394.0,-6.67,600.0,28.2,67.8,140.7,0.00048,none,0,0,0,500.0,0.01,met,IMPUTED_MISSING
2025-05-09 20:00:00,GOV-EMERG-001,central,status-page,348.5,19,0.436,0.0697,normal,none,1.0,False,0.0,10,50,500,5000,4.45,4.0,1931594.0,-6.67,600.0,25.2,53.5,128.7,0.0006,none,0,0,0,500.0,0.01,met,VALID
2025-05-09 22:00:00,GOV-EMERG-001,central,api-data,211.9,9,0.265,0.0424,normal,none,1.0,False,0.0,10,50,500,5000,2.8,4.0,1930794.0,-6.67,600.0,23.5,49.0,101.3,0.00077,none,0,0,0,500.0,0.01,met,VALID
2025-05-10 00:00:00,GOV-EMERG-001,central,portal-main,89.9,4,0.112,0.018,normal,none,1.0,False,0.0,10,50,500,5000,1.0,4.0,1929994.0,-6.67,600.0,27.3,60.3,129.5,0.00097,none,0,0,0,500.0,0.01,met,VALID
2025-05-10 02:00:00,GOV-EMERG-001,central,portal-main,63.3,3,0.079,0.0127,normal,none,1.0,False,0.0,10,50,500,5000,1.32,4.0,1929194.0,-6.67,600.0,21.8,58.099999999999994,89.3,0.00102,none,0,0,0,500.0,0.01,met,IMPUTED_MISSING
2025-05-10 04:00:00,GOV-EMERG-001,central,portal-main,51.5,2,0.064,0.0103,normal,none,1.0,False,0.0,10,50,500,5000,1.0,4.45,1928394.0,-6.67,600.0,23.9,55.9,131.5,0.0007,none,0,0,0,500.0,0.01,met,VALID
2025-05-10 06:00:00,GOV-EMERG-001,central,portal-main,161.8,9,0.202,0.0324,normal,none,1.0,False,0.0,10,50,500,5000,3.62,4.0,1927594.0,-6.67,600.0,22.0,54.3,98.7,0.0006,none,0,0,0,500.0,0.01,met,VALID
2025-05-10 08:00:00,GOV-EMERG-001,central,status-page,458.5,23,0.573,0.0917,normal,none,1.0,False,0.0,10,50,500,5000,10.19,8.16,1926794.0,-6.67,600.0,29.6,70.8,125.4,0.00074,none,0,0,0,500.0,0.01,met,VALID
2025-05-10 10:00:00,GOV-EMERG-001,central,portal-main,669.5,23,0.837,0.1339,normal,none,1.0,False,0.0,10,50,500,5000,13.63,8.78,1925994.0,-6.67,600.0,25.9,61.3,133.9,0.00032,none,0,0,0,500.0,0.01,met,VALID
2025-05-10 12:00:00,GOV-EMERG-001,central,portal-main,556.1,28,0.695,0.1112,normal,none,1.0,False,0.0,10,50,500,5000,8.28,9.83,1925194.0,-6.67,600.0,23.0,52.0,118.6,0.00088,none,0,0,0,500.0,0.01,met,VALID
2025-05-10 14:00:00,GOV-EMERG-001,central,api-data,618.1,22,0.773,0.1236,normal,none,1.0,False,0.0,10,50,500,5000,10.76,4.0,1924394.0,-6.67,600.0,24.1,50.7,111.5,0.00098,none,0,0,0,500.0,0.01,met,VALID
2025-05-10 16:00:00,GOV-EMERG-001,central,portal-main,583.5,33,0.729,0.1167,normal,none,1.0,False,0.0,10,50,500,5000,13.68,8.92,1923594.0,-6.67,600.0,26.0,54.0,154.2,0.00118,none,0,0,0,500.0,0.01,met,IMPUTED_MISSING
2025-05-10 18:00:00,GOV-EMERG-001,central,portal-main,432.0,21,0.54,0.0864,normal,none,1.0,False,0.0,10,50,500,5000,6.23,4.0,1922794.0,-6.67,600.0,25.4,57.3,134.1,0.00107,none,0,0,0,500.0,0.01,met,VALID
2025-05-10 20:00:00,GOV-EMERG-001,central,portal-main,282.4,18,0.353,0.0565,normal,none,1.0,False,0.0,10,50,500,5000,5.6,4.0,1921994.0,-6.67,600.0,27.5,60.0,161.0,0.00172,none,0,0,0,500.0,0.01,met,VALID
2025-05-10 22:00:00,GOV-EMERG-001,central,portal-main,178.2,11,0.223,0.0356,normal,none,1.0,False,0.0,10,50,500,5000,1.32,4.0,1921194.0,-6.67,600.0,25.3,60.6,116.3,0.00132,none,0,0,0,500.0,0.01,met,VALID
2025-05-11 00:00:00,GOV-EMERG-001,central,api-data,89.5,4,0.112,0.0179,normal,none,1.0,False,0.0,10,50,500,5000,1.0,4.0,1920394.0,-6.67,600.0,26.9,60.0,137.5,0.00129,none,0,0,0,500.0,0.01,met,VALID
2025-05-11 02:00:00,GOV-EMERG-001,central,portal-main,60.1,2,0.075,0.012,normal,none,1.0,False,0.0,10,50,500,5000,5.41,4.25,1919594.0,-6.67,600.0,27.1,56.9,130.8,0.00115,none,0,0,0,500.0,0.01,met,VALID
2025-05-11 04:00:00,GOV-EMERG-001,central,status-page,49.1,2,0.061,0.0098,normal,none,1.0,False,0.0,10,50,500,5000,2.04,4.0,1918794.0,-6.67,600.0,28.2,64.6,136.2,0.00121,none,0,0,0,500.0,0.01,met,VALID
2025-05-11 06:00:00,GOV-EMERG-001,central,api-data,169.0,7,0.211,0.0338,normal,none,1.0,False,0.0,10,50,500,5000,3.48,4.0,1917994.0,-6.67,600.0,18.2,39.7,74.7,0.00091,none,0,0,0,500.0,0.01,met,VALID
2025-05-11 08:00:00,GOV-EMERG-001,central,api-data,424.0,28,0.53,0.0848,normal,none,1.0,False,0.0,10,50,500,5000,12.18,8.03,1917194.0,-6.67,600.0,22.8,55.7,101.2,0.00104,none,0,0,0,500.0,0.01,met,VALID
2025-05-11 10:00:00,GOV-EMERG-001,central,portal-main,619.9,31,0.775,0.124,normal,none,1.0,False,0.0,10,50,500,5000,6.63,4.0,1916394.0,-6.67,600.0,30.8,62.4,176.5,0.00177,none,0,0,0,500.0,0.01,met,VALID
2025-05-11 12:00:00,GOV-EMERG-001,central,portal-main,494.5,29,0.618,0.0989,normal,none,1.0,False,0.0,10,50,500,5000,9.44,13.34,1915594.0,-6.67,600.0,28.6,71.8,163.0,0.00097,none,0,0,0,500.0,0.01,met,VALID
2025-05-11 14:00:00,GOV-EMERG-001,central,api-data,585.5,28,0.732,0.1171,normal,none,1.0,False,0.0,10,50,500,5000,6.0,4.0,1914794.0,-6.67,600.0,32.2,73.4,135.7,0.00047,none,0,0,0,500.0,0.01,met,VALID
2025-05-11 16:00:00,GOV-EMERG-001,central,portal-main,541.3,26,0.677,0.1083,normal,none,1.0,False,0.0,10,50,500,5000,8.77,8.93,1913994.0,-6.67,600.0,21.9,43.9,88.2,0.00128,none,0,0,0,500.0,0.01,met,VALID
2025-05-11 18:00:00,GOV-EMERG-001,central,portal-main,397.8,20,0.497,0.0796,normal,none,1.0,False,0.0,10,50,500,5000,5.46,4.0,1913194.0,-6.67,600.0,25.3,52.5,106.2,0.00135,none,0,0,0,500.0,0.01,met,VALID
2025-05-11 20:00:00,GOV-EMERG-001,central,api-data,229.5,14,0.287,0.0459,normal,none,1.0,False,0.0,10,50,500,5000,3.06,4.0,1912394.0,-6.67,600.0,25.0,64.2,132.0,0.00106,none,0,0,0,500.0,0.01,met,VALID
2025-05-11 22:00:00,GOV-EMERG-001,central,portal-main,173.7,9,0.217,0.0347,normal,none,1.0,False,0.0,10,50,500,5000,3.77,4.0,1911594.0,-6.67,600.0,26.6,61.7,119.0,0.00025,none,0,0,0,500.0,0.01,met,VALID
2025-05-12 00:00:00,GOV-EMERG-001,central,api-data,131.5,5,0.164,0.0263,normal,none,1.0,False,0.0,10,50,500,5000,3.81,4.625,1910794.0,-6.67,600.0,25.8,63.5,142.7,0.00151,none,0,0,0,500.0,0.01,met,IMPUTED_MISSING
2025-05-12 02:00:00,GOV-EMERG-001,central,status-page,72.0,5,0.09,0.0144,normal,none,1.0,False,0.0,10,50,500,5000,5.2,5.25,1909994.0,-6.67,600.0,27.2,68.9,109.3,0.00109,none,0,0,0,500.0,0.01,met,VALID
2025-05-12 04:00:00,GOV-EMERG-001,central,api-data,68.9,3,0.086,0.0138,normal,none,1.0,False,0.0,10,50,500,5000,2.82,4.0,1909194.0,-6.67,600.0,24.9,54.6,135.2,0.00088,none,0,0,0,500.0,0.01,met,VALID
2025-05-12 06:00:00,GOV-EMERG-001,central,portal-main,172.3,8,0.215,0.0345,normal,none,1.0,False,0.0,10,50,500,5000,3.08,4.0,1908394.0,-6.67,600.0,31.4,73.1,181.2,0.00148,none,0,0,0,500.0,0.01,met,VALID
2025-05-12 08:00:00,GOV-EMERG-001,central,api-data,586.3,15,0.733,0.1173,normal,none,1.0,False,0.0,10,50,500,5000,8.64,10.69,1907594.0,-6.67,600.0,35.1,83.9,143.5,0.00019,none,0,0,0,500.0,0.01,met,VALID
2025-05-12 10:00:00,GOV-EMERG-001,central,portal-main,799.7,44,1.0,0.1599,normal,none,1.0,False,0.0,10,50,500,5000,14.24,11.01,1906794.0,-6.67,600.0,31.950000000000003,63.3,145.0,0.00104,none,0,0,0,500.0,0.01,met,IMPUTED_MISSING
2025-05-12 12:00:00,GOV-EMERG-001,central,api-data,635.4,32,0.794,0.1271,normal,none,1.0,False,0.0,10,50,500,5000,13.32,5.96,1905994.0,-6.67,600.0,28.8,64.9,168.2,0.00078,none,0,0,0,500.0,0.01,met,VALID
2025-05-12 14:00:00,GOV-EMERG-001,central,api-data,817.8,42,1.022,0.1636,normal,none,1.0,False,0.0,10,50,500,5000,5.58,4.0,1905194.0,-6.67,600.0,33.1,85.1,167.8,0.0016,none,0,0,0,500.0,0.01,met,VALID
2025-05-12 16:00:00,GOV-EMERG-001,central,api-data,719.1,34,0.899,0.1438,normal,none,1.0,False,0.0,10,50,500,5000,13.35,12.93,1904394.0,-6.67,600.0,31.5,74.6,144.1,0.0011,none,0,0,0,500.0,0.01,met,VALID
2025-05-12 18:00:00,GOV-EMERG-001,central,portal-main,529.5,24,0.662,0.1059,normal,none,1.0,False,0.0,10,50,500,5000,13.05,12.98,1903594.0,-6.67,600.0,26.3,66.5,135.0,0.00065,none,0,0,0,500.0,0.01,met,VALID
2025-05-12 20:00:00,GOV-EMERG-001,central,portal-main,370.5,17,0.463,0.0741,normal,none,1.0,False,0.0,10,50,500,5000,9.52,5.25,1902794.0,-6.67,600.0,28.0,57.4,129.5,0.00146,none,0,0,0,500.0,0.01,met,VALID
2025-05-12 22:00:00,GOV-EMERG-001,central,portal-main,219.4,12,0.274,0.0439,normal,none,1.0,False,0.0,10,50,500,5000,1.0,4.0,1901994.0,-6.67,600.0,19.8,45.1,116.2,2e-05,none,0,0,0,500.0,0.01,met,VALID
2025-05-13 00:00:00,GOV-EMERG-001,central,portal-main,108.8,6,0.136,0.0218,normal,none,1.0,False,0.0,10,50,500,5000,4.86,6.37,1901194.0,-6.67,600.0,25.5,53.7,129.6,0.0012,none,0,0,0,500.0,0.01,met,VALID
2025-05-13 02:00:00,GOV-EMERG-001,central,portal-main,82.8,4,0.104,0.0166,normal,none,1.0,False,0.0,10,50,500,5000,1.0,4.0,1900394.0,-6.67,600.0,19.6,49.9,109.6,0.00049,none,0,0,0,500.0,0.01,met,VALID
2025-05-13 04:00:00,GOV-EMERG-001,central,portal-main,69.6,4,0.087,0.0139,normal,none,1.0,False,0.0,10,50,500,5000,2.3,4.0,1899594.0,-6.67,600.0,27.4,58.6,142.9,0.00082,none,0,0,0,500.0,0.01,met,VALID
2025-05-13 06:00:00,GOV-EMERG-001,central,portal-main,211.3,10,0.264,0.0423,normal,none,1.0,False,0.0,10,50,500,5000,5.12,9.96,1898794.0,-6.67,600.0,21.6,52.5,99.0,0.0009,none,0,0,0,500.0,0.01,met,VALID
2025-05-13 08:00:00,GOV-EMERG-001,central,api-data,504.3,23,0.63,0.1009,normal,none,1.0,False,0.0,10,50,500,5000,10.04,4.0,1897994.0,-6.67,600.0,28.5,58.0,142.3,0.00136,none,0,0,0,500.0,0.01,met,VALID
2025-05-13 10:00:00,GOV-EMERG-001,central,status-page,739.4,38,0.924,0.1479,normal,none,1.0,False,0.0,10,50,500,5000,16.7,10.18,1897194.0,-6.67,600.0,30.6,64.9,176.3,0.00188,none,0,0,0,500.0,0.01,met,VALID
2025-05-13 12:00:00,GOV-EMERG-001,central,portal-main,689.5,27,0.862,0.1379,normal,none,1.0,False,0.0,10,50,500,5000,7.26,6.36,1896394.0,-6.67,600.0,29.3,64.2,139.6,0.00029,none,0,0,0,500.0,0.01,met,VALID
2025-05-13 14:00:00,GOV-EMERG-001,central,api-data,736.3,38,0.92,0.1473,normal,none,1.0,False,0.0,10,50,500,5000,12.96,10.72,1895594.0,-6.67,600.0,26.8,66.1,125.5,0.00118,none,0,0,0,500.0,0.01,met,VALID
2025-05-13 16:00:00,GOV-EMERG-001,central,api-data,681.5,25,0.852,0.1363,normal,none,1.0,False,0.0,10,50,500,5000,7.26,4.72,1894794.0,-6.67,600.0,28.1,60.4,166.2,0.00188,none,0,0,0,500.0,0.01,met,VALID
2025-05-13 18:00:00,GOV-EMERG-001,central,portal-main,530.2,22,0.663,0.106,normal,none,1.0,False,0.0,10,50,500,5000,7.54,5.65,1893994.0,-6.67,600.0,32.7,81.4,152.6,0.00077,none,0,0,0,500.0,0.01,met,VALID
2025-05-13 20:00:00,GOV-EMERG-001,central,portal-main,334.3,11,0.418,0.0669,normal,none,1.0,False,0.0,10,50,500,5000,8.79,5.47,1893194.0,-6.67,600.0,25.1,62.1,143.5,0.00075,none,0,0,0,500.0,0.01,met,VALID
2025-05-13 22:00:00,GOV-EMERG-001,central,api-data,232.7,11,0.291,0.0465,normal,none,1.0,False,0.0,10,50,500,5000,3.1,6.95,1892394.0,-6.67,600.0,26.3,68.3,114.6,0.00109,none,0,0,0,500.0,0.01,met,VALID
2025-05-14 00:00:00,GOV-EMERG-001,central,status-page,123.6,8,0.154,0.0247,normal,none,1.0,False,0.0,10,50,500,5000,1.0,4.0,1891594.0,-6.67,600.0,23.4,56.3,130.7,0.00133,none,0,0,0,500.0,0.01,met,VALID
2025-05-14 02:00:00,GOV-EMERG-001,central,api-data,77.8,4,0.097,0.0156,normal,none,1.0,False,0.0,10,50,500,5000,1.0,4.0,1890794.0,-6.67,600.0,29.5,70.2,154.2,0.00126,none,0,0,0,500.0,0.01,met,VALID
2025-05-14 04:00:00,GOV-EMERG-001,central,status-page,63.4,4,0.079,0.0127,normal,none,1.0,False,0.0,10,50,500,5000,1.0,4.0,1889994.0,-6.67,600.0,25.6,60.5,108.7,0.00086,none,0,0,0,500.0,0.01,met,VALID
2025-05-14 06:00:00,GOV-EMERG-001,central,status-page,180.5,13,0.226,0.0361,normal,none,1.0,False,0.0,10,50,500,5000,3.63,4.0,1889194.0,-6.67,600.0,22.9,47.3,94.4,0.00068,none,0,0,0,500.0,0.01,met,VALID
2025-05-14 08:00:00,GOV-EMERG-001,central,portal-main,550.7,29,0.688,0.1101,normal,none,1.0,False,0.0,10,50,500,5000,8.4,6.0,1888394.0,-6.67,600.0,28.1,64.9,129.3,0.00153,none,0,0,0,500.0,0.01,met,VALID
2025-05-14 10:00:00,GOV-EMERG-001,central,portal-main,800.3,35,1.0,0.1601,normal,none,1.0,False,0.0,10,50,500,5000,10.92,9.67,1887594.0,-6.67,600.0,28.8,72.3,153.1,0.00069,none,0,0,0,500.0,0.01,met,VALID
2025-05-14 12:00:00,GOV-EMERG-001,central,portal-main,726.1,33,0.908,0.1452,normal,none,1.0,False,0.0,10,50,500,5000,10.55,9.77,1886794.0,-6.67,600.0,34.8,70.1,164.3,0.00023,none,0,0,0,500.0,0.01,met,IMPUTED_MISSING
2025-05-14 14:00:00,GOV-EMERG-001,central,status-page,815.2,41,1.019,0.163,normal,none,1.0,False,0.0,10,50,500,5000,10.18,10.61,1885994.0,-6.67,600.0,29.7,61.6,134.9,0.00042,none,0,0,0,500.0,0.01,met,VALID
2025-05-14 16:00:00,GOV-EMERG-001,central,portal-main,688.3,31,0.86,0.1377,normal,none,1.0,False,0.0,10,50,500,5000,10.73,9.61,1885194.0,-6.67,600.0,23.5,55.4,121.1,0.00077,none,0,0,0,500.0,0.01,met,VALID
2025-05-14 18:00:00,GOV-EMERG-001,central,portal-main,513.1,23,0.641,0.1026,normal,none,1.0,False,0.0,10,50,500,5000,7.95,5.1,1884394.0,-6.67,600.0,29.9,74.9,176.3,0.0016,none,0,0,0,500.0,0.01,met,IMPUTED_MISSING
2025-05-14 20:00:00,GOV-EMERG-001,central,api-data,365.2,21,0.456,0.073,normal,none,1.0,False,0.0,10,50,500,5000,7.16,4.0,1883594.0,-6.67,600.0,34.1,74.5,144.8,0.00052,none,0,0,0,500.0,0.01,met,VALID
2025-05-14 22:00:00,GOV-EMERG-001,central,portal-main,235.2,14,0.294,0.047,normal,none,1.0,False,0.0,10,50,500,5000,3.18,4.0,1882794.0,-6.67,600.0,27.65,78.3,164.1,0.00161,none,0,0,0,500.0,0.01,met,IMPUTED_MISSING
2025-05-15 00:00:00,GOV-EMERG-001,central,api-data,119.4,4,0.149,0.0239,normal,none,1.0,False,0.0,10,50,500,5000,1.0,4.0,1881994.0,-6.67,600.0,21.2,46.7,123.5,0.00152,none,0,0,0,500.0,0.01,met,VALID
2025-05-15 02:00:00,GOV-EMERG-001,central,portal-main,81.3,4,0.102,0.0163,normal,none,1.0,False,0.0,10,50,500,5000,4.06,4.0,1881194.0,-6.67,600.0,24.3,55.5,123.7,0.00109,none,0,0,0,500.0,0.01,met,VALID
2025-05-15 04:00:00,GOV-EMERG-001,central,status-page,63.4,3,0.079,0.0127,normal,none,1.0,False,0.0,10,50,500,5000,2.31,4.0,1880394.0,-6.67,600.0,25.2,64.8,149.4,0.0,none,0,0,0,500.0,0.01,met,VALID
2025-05-15 06:00:00,GOV-EMERG-001,central,api-data,193.5,11,0.242,0.0387,normal,none,1.0,False,0.0,10,50,500,5000,1.0,4.0,1879594.0,-6.67,600.0,25.9,58.4,134.7,0.00053,none,0,0,0,500.0,0.01,met,VALID
2025-05-15 08:00:00,GOV-EMERG-001,central,portal-main,574.6,34,0.718,0.1149,normal,none,1.0,False,0.0,10,50,500,5000,12.34,9.28,1878794.0,-6.67,600.0,29.8,70.2,159.1,0.00075,none,0,0,0,500.0,0.01,met,VALID
2025-05-15 10:00:00,GOV-EMERG-001,central,api-data,777.8,56,0.972,0.1556,normal,none,1.0,False,0.0,10,50,500,5000,11.95,11.64,1877994.0,-6.67,600.0,28.2,72.3,157.6,0.00169,none,0,0,0,500.0,0.01,met,VALID
2025-05-15 12:00:00,GOV-EMERG-001,central,portal-main,733.9,34,0.917,0.1468,normal,none,1.0,False,0.0,10,50,500,5000,12.24,4.15,1877194.0,-6.67,600.0,25.6,55.3,112.8,0.00077,none,0,0,0,500.0,0.01,met,VALID
2025-05-15 14:00:00,GOV-EMERG-001,central,portal-main,801.1,37,1.001,0.1602,normal,none,1.0,False,0.0,10,50,500,5000,9.12,4.0,1876394.0,-6.67,600.0,33.6,69.0,171.9,0.00069,none,0,0,0,500.0,0.01,met,VALID
2025-05-15 16:00:00,GOV-EMERG-001,central,api-data,669.7,37,0.837,0.1339,normal,none,1.0,False,0.0,10,50,500,5000,16.09,14.56,1875594.0,-6.67,600.0,24.4,62.8,127.4,0.00108,none,0,0,0,500.0,0.01,met,VALID
2025-05-15 18:00:00,GOV-EMERG-001,central,api-data,511.5,23,0.639,0.1023,normal,none,1.0,False,0.0,10,50,500,5000,10.6,4.0,1874794.0,-6.67,600.0,24.6,57.6,104.5,0.00044,none,0,0,0,500.0,0.01,met,VALID
2025-05-15 20:00:00,GOV-EMERG-001,central,portal-main,350.9,17,0.439,0.0702,normal,none,1.0,False,0.0,10,50,500,5000,9.49,10.96,1873994.0,-6.67,600.0,22.4,57.7,109.9,0.00099,none,0,0,0,500.0,0.01,met,VALID
2025-05-15 22:00:00,GOV-EMERG-001,central,portal-main,205.6,10,0.257,0.0411,normal,none,1.0,False,0.0,10,50,500,5000,5.05,4.1,1873194.0,-6.67,600.0,28.5,71.9,158.0,0.00068,none,0,0,0,500.0,0.01,met,VALID
2025-05-16 00:00:00,GOV-EMERG-001,central,api-data,116.2,3,0.145,0.0232,normal,none,1.0,False,0.0,10,50,500,5000,3.07,4.0,1872394.0,-6.67,600.0,26.0,61.3,106.2,0.00208,none,0,0,0,500.0,0.01,met,VALID
2025-05-16 02:00:00,GOV-EMERG-001,central,portal-main,76.9,4,0.096,0.0154,normal,none,1.0,False,0.0,10,50,500,5000,4.83,4.0,1871594.0,-6.67,600.0,28.9,66.0,139.6,0.00063,none,0,0,0,500.0,0.01,met,VALID
2025-05-16 04:00:00,GOV-EMERG-001,central,portal-main,63.4,3,0.079,0.0127,normal,none,1.0,False,0.0,10,50,500,5000,1.0,4.0,1870794.0,-6.67,600.0,22.2,50.8,95.2,0.00177,none,0,0,0,500.0,0.01,met,IMPUTED_MISSING
2025-05-16 06:00:00,GOV-EMERG-001,central,portal-main,185.0,11,0.231,0.037,normal,none,1.0,False,0.0,10,50,500,5000,4.14,4.0,1869994.0,-6.67,600.0,20.9,44.0,91.2,0.00054,none,0,0,0,500.0,0.01,met,VALID
2025-05-16 08:00:00,GOV-EMERG-001,central,portal-main,582.4,29,0.728,0.1165,normal,none,1.0,False,0.0,10,50,500,5000,11.99,4.97,1869194.0,-6.67,600.0,26.5,60.3,133.3,0.00111,none,0,0,0,500.0,0.01,met,VALID
2025-05-16 10:00:00,GOV-EMERG-001,central,api-data,745.6,29,0.932,0.1491,normal,none,1.0,False,0.0,10,50,500,5000,14.64,12.14,1868394.0,-6.67,600.0,28.7,71.4,116.3,0.0012,none,0,0,0,500.0,0.01,met,VALID
2025-05-16 12:00:00,GOV-EMERG-001,central,portal-main,654.1,31,0.818,0.1308,normal,none,1.0,False,0.0,10,50,500,5000,5.77,4.0,1867594.0,-6.67,600.0,29.6,76.8,143.5,0.00106,none,0,0,0,500.0,0.01,met,VALID
2025-05-16 14:00:00,GOV-EMERG-001,central,portal-main,722.2,24,0.903,0.1444,normal,none,1.0,False,0.0,10,50,500,5000,10.5,4.67,1866794.0,-6.67,600.0,22.5,57.9,91.1,0.00103,none,0,0,0,500.0,0.01,met,VALID
2025-05-16 16:00:00,GOV-EMERG-001,central,status-page,590.0,24,0.738,0.118,normal,none,1.0,False,0.0,10,50,500,5000,9.48,8.5,1865994.0,-6.67,600.0,30.3,78.0,177.1,0.00134,none,0,0,0,500.0,0.01,met,VALID
2025-05-16 18:00:00,GOV-EMERG-001,central,portal-main,531.9,29,0.665,0.1064,normal,none,1.0,False,0.0,10,50,500,5000,9.85,6.25,1865194.0,-6.67,600.0,24.4,49.1,140.7,0.00117,none,0,0,0,500.0,0.01,met,IMPUTED_MISSING
2025-05-16 20:00:00,GOV-EMERG-001,central,api-data,365.4,18,0.457,0.0731,normal,none,1.0,False,0.0,10,50,500,5000,5.24,4.0,1864394.0,-6.67,600.0,24.4,56.3,107.8,0.00093,none,0,0,0,500.0,0.01,met,VALID
2025-05-16 22:00:00,GOV-EMERG-001,central,portal-main,219.2,13,0.274,0.0438,normal,none,1.0,False,0.0,10,50,500,5000,6.37,5.64,1863594.0,-6.67,600.0,30.8,65.4,127.4,0.00073,none,0,0,0,500.0,0.01,met,VALID
2025-05-17 00:00:00,GOV-EMERG-001,central,api-data,91.7,3,0.115,0.0183,normal,none,1.0,False,0.0,10,50,500,5000,1.0,4.0,1862794.0,-6.67,600.0,16.7,39.6,75.3,0.00093,none,0,0,0,500.0,0.01,met,IMPUTED_MISSING
2025-05-17 02:00:00,GOV-EMERG-001,central,api-data,69.8,3,0.087,0.014,normal,none,1.0,False,0.0,10,50,500,5000,1.0,4.0,1861994.0,-6.67,600.0,26.6,68.4,108.1,0.00093,none,0,0,0,500.0,0.01,met,VALID
2025-05-17 04:00:00,GOV-EMERG-001,central,api-data,50.3,2,0.063,0.0101,normal,none,1.0,False,0.0,10,50,500,5000,3.27,4.0,1861194.0,-6.67,600.0,26.5,67.0,145.1,0.00092,none,0,0,0,500.0,0.01,met,VALID
2025-05-17 06:00:00,GOV-EMERG-001,central,portal-main,157.8,9,0.197,0.0316,normal,none,1.0,False,0.0,10,50,500,5000,1.89,4.68,1860394.0,-6.67,600.0,22.5,56.8,116.0,0.00103,none,0,0,0,500.0,0.01,met,VALID
2025-05-17 08:00:00,GOV-EMERG-001,central,portal-main,480.2,27,0.6,0.096,normal,none,1.0,False,0.0,10,50,500,5000,7.7,4.99,1859594.0,-6.67,600.0,25.9,57.4,131.6,0.00044,none,0,0,0,500.0,0.01,met,VALID
2025-05-17 10:00:00,GOV-EMERG-001,central,api-data,661.1,37,0.826,0.1322,normal,none,1.0,False,0.0,10,50,500,5000,7.36,4.0,1858794.0,-6.67,600.0,33.7,77.5,192.2,0.0008849999999999999,none,0,0,0,500.0,0.01,met,IMPUTED_MISSING
2025-05-17 12:00:00,GOV-EMERG-001,central,portal-main,639.4,40,0.799,0.1279,normal,none,1.0,False,0.0,10,50,500,5000,9.45,8.18,1857994.0,-6.67,600.0,36.5,79.2,205.2,0.00133,none,0,0,0,500.0,0.01,met,VALID
2025-05-17 14:00:00,GOV-EMERG-001,central,portal-main,648.0,30,0.81,0.1296,normal,none,1.0,False,0.0,10,50,500,5000,10.56,6.05,1857194.0,-6.67,600.0,33.0,76.9,158.9,0.0001,none,0,0,0,500.0,0.01,met,VALID
2025-05-17 16:00:00,GOV-EMERG-001,central,portal-main,533.2,24,0.667,0.1066,normal,none,1.0,False,0.0,10,50,500,5000,8.78,9.61,1856394.0,-6.67,600.0,35.5,77.5,185.5,0.00148,none,0,0,0,500.0,0.01,met,IMPUTED_MISSING
2025-05-17 18:00:00,GOV-EMERG-001,central,status-page,403.3,17,0.504,0.0807,normal,none,1.0,False,0.0,10,50,500,5000,2.78,4.0,1855594.0,-6.67,600.0,24.4,60.7,119.3,0.00078,none,0,0,0,500.0,0.01,met,VALID
2025-05-17 20:00:00,GOV-EMERG-001,central,api-data,261.4,11,0.327,0.0523,normal,none,1.0,False,0.0,10,50,500,5000,6.24,4.17,1854794.0,-6.67,600.0,20.1,45.7,105.3,0.00167,none,0,0,0,500.0,0.01,met,VALID
2025-05-17 22:00:00,GOV-EMERG-001,central,portal-main,176.7,10,0.221,0.0353,normal,none,1.0,False,0.0,10,50,500,5000,2.23,4.0,1853994.0,-6.67,600.0,25.7,62.2,110.6,0.00149,none,0,0,0,500.0,0.01,met,VALID
2025-05-18 00:00:00,GOV-EMERG-001,central,api-data,95.2,4,0.119,0.019,normal,none,1.0,False,0.0,10,50,500,5000,6.48,4.31,1853194.0,-6.67,600.0,28.7,72.4,132.0,0.00087,none,0,0,0,500.0,0.01,met,VALID
2025-05-18 02:00:00,GOV-EMERG-001,central,portal-main,61.8,3,0.077,0.0124,normal,none,1.0,False,0.0,10,50,500,5000,1.0,4.0,1852394.0,-6.67,600.0,17.9,39.0,80.6,0.00091,none,0,0,0,500.0,0.01,met,VALID
2025-05-18 04:00:00,GOV-EMERG-001,central,portal-main,48.0,2,0.06,0.0096,normal,none,1.0,False,0.0,10,50,500,5000,1.15,4.0,1851594.0,-6.67,600.0,21.5,51.1,93.4,0.00164,none,0,0,0,500.0,0.01,met,VALID
2025-05-18 06:00:00,GOV-EMERG-001,central,portal-main,142.5,8,0.178,0.0285,normal,none,1.0,False,0.0,10,50,500,5000,3.21,4.0,1850794.0,-6.67,600.0,22.5,56.3,108.5,0.0015149999999999999,none,0,0,0,500.0,0.01,met,IMPUTED_MISSING
2025-05-18 08:00:00,GOV-EMERG-001,central,portal-main,424.8,21,0.531,0.085,normal,none,1.0,False,0.0,10,50,500,5000,10.89,14.84,1849994.0,-6.67,600.0,28.7,73.9,156.8,0.00139,none,0,0,0,500.0,0.01,met,VALID
2025-05-18 10:00:00,GOV-EMERG-001,central,portal-main,630.4,32,0.788,0.1261,normal,none,1.0,False,0.0,10,50,500,5000,10.46,5.36,1849194.0,-6.67,600.0,29.5,61.9,141.5,0.00146,none,0,0,0,500.0,0.01,met,VALID
2025-05-18 12:00:00,GOV-EMERG-001,central,api-data,551.6,30,0.69,0.1103,normal,none,1.0,False,0.0,10,50,500,5000,12.55,8.53,1848394.0,-6.67,600.0,25.0,60.2,149.1,0.00056,none,0,0,0,500.0,0.01,met,VALID
2025-05-18 14:00:00,GOV-EMERG-001,central,api-data,605.0,27,0.756,0.121,normal,none,1.0,False,0.0,10,50,500,5000,9.305,5.89,1847594.0,-6.67,600.0,29.2,65.9,134.3,0.00108,none,0,0,0,500.0,0.01,met,IMPUTED_MISSING
2025-05-18 16:00:00,GOV-EMERG-001,central,portal-main,489.7,22,0.612,0.0979,normal,none,1.0,False,0.0,10,50,500,5000,6.06,8.26,1846794.0,-6.67,600.0,23.1,50.2,136.4,0.00069,none,0,0,0,500.0,0.01,met,VALID
2025-05-18 18:00:00,GOV-EMERG-001,central,portal-main,406.9,22,0.509,0.0814,normal,none,1.0,False,0.0,10,50,500,5000,7.84,8.66,1845994.0,-6.67,600.0,25.5,53.4,111.9,0.00055,none,0,0,0,500.0,0.01,met,VALID
2025-05-18 20:00:00,GOV-EMERG-001,central,portal-main,229.5,11,0.287,0.0459,normal,none,1.0,False,0.0,10,50,500,5000,1.54,4.0,1845194.0,-6.67,600.0,21.1,49.7,98.1,0.00107,none,0,0,0,500.0,0.01,met,VALID
2025-05-18 22:00:00,GOV-EMERG-001,central,status-page,171.2,8,0.214,0.0342,normal,none,1.0,False,0.0,10,50,500,5000,4.35,4.0,1844394.0,-6.67,600.0,25.3,55.6,109.4,0.00083,none,0,0,0,500.0,0.01,met,IMPUTED_MISSING
2025-05-19 00:00:00,GOV-EMERG-001,west,status-page,135.4,7,0.169,0.0271,breaking_news,high,1.0,False,600.0,10,50,500,5000,3.75,4.0,1843594.0,-6.67,600.0,22.5,54.0,100.7,0.00093,none,0,0,0,500.0,0.01,met,VALID
2025-05-19 02:00:00,GOV-EMERG-001,west,status-page,379.1,24,0.474,0.0758,breaking_news,high,1.0,False,600.0,10,50,500,5000,4.35,4.0,1842794.0,-6.67,600.0,29.8,64.7,128.6,0.0008,none,0,0,0,500.0,0.01,met,VALID
2025-05-19 04:00:00,GOV-EMERG-001,west,portal-main,411.9,19,0.515,0.0824,breaking_news,high,1.0,False,600.0,10,50,500,5000,3.23,4.0,1841994.0,-6.67,600.0,27.1,54.3,142.5,0.0005,none,0,0,0,500.0,0.01,met,VALID
2025-05-19 06:00:00,GOV-EMERG-001,west,portal-main,1596.15,47,1.995,0.3192,breaking_news,high,1.0,False,600.0,10,50,500,5000,20.11,18.77,1841194.0,-6.67,600.0,30.6,75.2,134.6,0.00168,none,0,0,0,500.0,0.01,met,IMPUTED_MISSING
2025-05-19 08:00:00,GOV-EMERG-001,west,portal-main,2780.4,99,3.476,0.5561,breaking_news,high,1.0,False,600.0,10,50,500,5000,47.27,23.84,1840394.0,-6.67,600.0,63.4,132.9,264.4,0.00106,none,0,0,0,500.0,0.01,met,VALID
2025-05-19 10:00:00,GOV-EMERG-001,central,portal-main,841.5,42,1.052,0.1683,normal,none,1.0,False,0.0,10,50,500,5000,14.4,11.49,1839594.0,-6.67,600.0,31.6,68.0,143.2,0.00042,none,0,0,0,500.0,0.01,met,VALID
2025-05-19 12:00:00,GOV-EMERG-001,central,portal-main,737.0,41,0.921,0.1474,normal,none,1.0,False,0.0,10,50,500,5000,9.77,9.38,1838794.0,-6.67,600.0,27.8,59.6,149.2,0.00107,none,0,0,0,500.0,0.01,met,VALID
2025-05-19 14:00:00,GOV-EMERG-001,central,portal-main,722.05,46,0.903,0.1444,normal,none,1.0,False,0.0,10,50,500,5000,12.71,5.77,1837994.0,-6.67,600.0,27.5,60.6,133.4,0.00161,none,0,0,0,500.0,0.01,met,IMPUTED_MISSING
2025-05-19 16:00:00,GOV-EMERG-001,central,status-page,707.1,36,0.884,0.1414,normal,none,1.0,False,0.0,10,50,500,5000,12.11,13.54,1837194.0,-6.67,600.0,24.4,55.9,105.2,0.00138,none,0,0,0,500.0,0.01,met,VALID
2025-05-19 18:00:00,GOV-EMERG-001,central,portal-main,520.4,30,0.65,0.1041,normal,none,1.0,False,0.0,10,50,500,5000,4.42,4.0,1836394.0,-6.67,600.0,27.6,68.8,114.1,0.00079,none,0,0,0,500.0,0.01,met,VALID
2025-05-19 20:00:00,GOV-EMERG-001,central,portal-main,414.0,23,0.518,0.0828,normal,none,1.0,False,0.0,10,50,500,5000,10.1,7.66,1835594.0,-6.67,600.0,28.5,68.1,155.5,0.0008,none,0,0,0,500.0,0.01,met,VALID
2025-05-19 22:00:00,GOV-EMERG-001,central,api-data,225.7,13,0.282,0.0451,normal,none,1.0,False,0.0,10,50,500,5000,6.25,5.44,1834794.0,-6.67,600.0,18.5,55.349999999999994,100.2,0.00062,none,0,0,0,500.0,0.01,met,IMPUTED_MISSING
2025-05-20 00:00:00,GOV-EMERG-001,central,portal-main,121.2,7,0.152,0.0242,normal,none,1.0,False,0.0,10,50,500,5000,6.12,4.0,1833994.0,-6.67,600.0,20.2,42.6,99.3,0.0007,none,0,0,0,500.0,0.01,met,VALID
2025-05-20 02:00:00,GOV-EMERG-001,central,api-data,73.2,5,0.092,0.0146,normal,none,1.0,False,0.0,10,50,500,5000,2.38,4.0,1833194.0,-6.67,600.0,23.3,58.5,117.8,0.00074,none,0,0,0,500.0,0.01,met,VALID
2025-05-20 04:00:00,GOV-EMERG-001,central,portal-main,62.3,3,0.078,0.0125,normal,none,1.0,False,0.0,10,50,500,5000,3.53,4.0,1832394.0,-6.67,600.0,20.9,45.0,93.8,0.00041,none,0,0,0,500.0,0.01,met,VALID
2025-05-20 06:00:00,GOV-EMERG-001,central,api-data,211.5,8,0.264,0.0423,normal,none,1.0,False,0.0,10,50,500,5000,4.4,4.0,1831594.0,-6.67,600.0,26.3,56.0,130.6,0.00082,none,0,0,0,500.0,0.01,met,VALID
2025-05-20 08:00:00,GOV-EMERG-001,central,portal-main,522.6,29,0.653,0.1045,normal,none,1.0,False,0.0,10,50,500,5000,12.6,6.74,1830794.0,-6.67,600.0,28.6,57.4,156.3,0.00114,none,0,0,0,500.0,0.01,met,VALID
2025-05-20 10:00:00,GOV-EMERG-001,central,portal-main,713.7,40,0.892,0.1427,normal,none,1.0,False,0.0,10,50,500,5000,13.02,9.91,1829994.0,-6.67,600.0,28.7,70.7,158.9,0.00083,none,0,0,0,500.0,0.01,met,VALID
2025-05-20 12:00:00,GOV-EMERG-001,central,api-data,784.25,45,0.98,0.1568,normal,none,1.0,False,0.0,10,50,500,5000,13.62,4.0,1829194.0,-6.67,600.0,31.4,76.7,147.0,0.00109,none,0,0,0,500.0,0.01,met,IMPUTED_MISSING
2025-05-20 14:00:00,GOV-EMERG-001,central,portal-main,854.8,52,1.068,0.171,normal,none,1.0,False,0.0,10,50,500,5000,17.21,9.85,1828394.0,-6.67,600.0,27.8,61.4,149.0,0.00165,none,0,0,0,500.0,0.01,met,VALID
2025-05-20 16:00:00,GOV-EMERG-001,central,portal-main,681.4,45,0.852,0.1363,normal,none,1.0,False,0.0,10,50,500,5000,12.91,11.9,1827594.0,-6.67,600.0,28.8,57.6,143.0,0.00173,none,0,0,0,500.0,0.01,met,VALID
2025-05-20 18:00:00,GOV-EMERG-001,central,portal-main,511.3,28,0.639,0.1023,normal,none,1.0,False,0.0,10,50,500,5000,10.79,5.22,1826794.0,-6.67,600.0,23.8,58.9,130.6,0.00097,none,0,0,0,500.0,0.01,met,VALID
2025-05-20 20:00:00,GOV-EMERG-001,central,portal-main,326.5,17,0.408,0.0653,normal,none,1.0,False,0.0,10,50,500,5000,1.0,4.0,1825994.0,-6.67,600.0,27.9,57.4,150.1,0.00135,none,0,0,0,500.0,0.01,met,VALID
2025-05-20 22:00:00,GOV-EMERG-001,central,api-data,229.1,9,0.286,0.0458,normal,none,1.0,False,0.0,10,50,500,5000,6.73,4.0,1825194.0,-6.67,600.0,26.5,60.3,145.8,0.00093,none,0,0,0,500.0,0.01,met,VALID
2025-05-21 00:00:00,GOV-EMERG-001,central,portal-main,124.0,7,0.155,0.0248,normal,none,1.0,False,0.0,10,50,500,5000,1.0,4.0,1824394.0,-6.67,600.0,20.8,52.2,90.2,0.0008,none,0,0,0,500.0,0.01,met,VALID
2025-05-21 02:00:00,GOV-EMERG-001,central,portal-main,72.9,3,0.091,0.0146,normal,none,1.0,False,0.0,10,50,500,5000,1.0,4.0,1823594.0,-6.67,600.0,24.8,53.1,114.9,0.00055,none,0,0,0,500.0,0.01,met,VALID
2025-05-21 04:00:00,GOV-EMERG-001,central,portal-main,67.6,4,0.084,0.0135,normal,none,1.0,False,0.0,10,50,500,5000,1.0,4.0,1822794.0,-6.67,600.0,25.2,56.1,114.1,0.00103,none,0,0,0,500.0,0.01,met,VALID
2025-05-21 06:00:00,GOV-EMERG-001,central,api-data,207.7,10,0.26,0.0415,normal,none,1.0,False,0.0,10,50,500,5000,3.4,4.0,1821994.0,-6.67,600.0,27.2,65.2,133.2,0.00143,none,0,0,0,500.0,0.01,met,VALID
2025-05-21 08:00:00,GOV-EMERG-001,central,portal-main,591.7,32,0.74,0.1183,normal,none,1.0,False,0.0,10,50,500,5000,9.71,5.88,1821194.0,-6.67,600.0,29.6,71.2,146.1,0.00049,none,0,0,0,500.0,0.01,met,VALID
2025-05-21 10:00:00,GOV-EMERG-001,central,api-data,823.3,40,1.029,0.1647,normal,none,1.0,False,0.0,10,50,500,5000,18.4,14.3,1820394.0,-6.67,600.0,27.0,61.6,144.3,0.00089,none,0,0,0,500.0,0.01,met,VALID
2025-05-21 12:00:00,GOV-EMERG-001,central,api-data,743.5,31,0.929,0.1487,normal,none,1.0,False,0.0,10,50,500,5000,11.03,6.59,1819594.0,-6.67,600.0,32.4,73.3,166.6,0.00087,none,0,0,0,500.0,0.01,met,IMPUTED_MISSING
2025-05-21 14:00:00,GOV-EMERG-001,central,portal-main,820.8,22,1.026,0.1642,normal,none,1.0,False,0.0,10,50,500,5000,19.72,13.6,1818794.0,-6.67,600.0,32.0,72.1,165.1,0.0011,none,0,0,0,500.0,0.01,met,VALID
2025-05-21 16:00:00,GOV-EMERG-001,central,api-data,709.5,37,0.887,0.1419,normal,none,1.0,False,0.0,10,50,500,5000,9.57,4.0,1817994.0,-6.67,600.0,26.2,60.1,138.2,0.001155,none,0,0,0,500.0,0.01,met,IMPUTED_MISSING
2025-05-21 18:00:00,GOV-EMERG-001,central,portal-main,472.7,28,0.591,0.0945,normal,none,1.0,False,0.0,10,50,500,5000,13.7,13.45,1817194.0,-6.67,600.0,23.0,50.9,104.7,0.00121,none,0,0,0,500.0,0.01,met,VALID
2025-05-21 20:00:00,GOV-EMERG-001,central,portal-main,333.0,22,0.416,0.0666,normal,none,1.0,False,0.0,10,50,500,5000,4.59,4.0,1816394.0,-6.67,600.0,24.2,52.1,107.7,0.00176,none,0,0,0,500.0,0.01,met,VALID
2025-05-21 22:00:00,GOV-EMERG-001,central,api-data,215.8,12,0.27,0.0432,normal,none,1.0,False,0.0,10,50,500,5000,4.53,4.0,1815594.0,-6.67,600.0,20.2,44.3,89.7,0.00065,none,0,0,0,500.0,0.01,met,VALID
2025-05-22 00:00:00,GOV-EMERG-001,central,status-page,119.2,8,0.149,0.0238,normal,none,1.0,False,0.0,10,50,500,5000,1.0,4.0,1814794.0,-6.67,600.0,26.4,60.5,147.0,0.00063,none,0,0,0,500.0,0.01,met,VALID
2025-05-22 02:00:00,GOV-EMERG-001,central,portal-main,81.6,4,0.102,0.0163,normal,none,1.0,False,0.0,10,50,500,5000,3.69,4.0,1813994.0,-6.67,600.0,30.1,67.2,126.5,0.0011,none,0,0,0,500.0,0.01,met,VALID
2025-05-22 04:00:00,GOV-EMERG-001,central,portal-main,65.0,3,0.081,0.013,normal,none,1.0,False,0.0,10,50,500,5000,1.55,4.0,1813194.0,-6.67,600.0,31.0,72.9,143.7,0.00158,none,0,0,0,500.0,0.01,met,VALID
2025-05-22 06:00:00,GOV-EMERG-001,central,portal-main,211.2,11,0.264,0.0422,normal,none,1.0,False,0.0,10,50,500,5000,2.39,4.7,1812394.0,-6.67,600.0,21.7,51.7,99.2,0.00042,none,0,0,0,500.0,0.01,met,VALID
2025-05-22 08:00:00,GOV-EMERG-001,central,portal-main,592.2,30,0.74,0.1184,normal,none,1.0,False,0.0,10,50,500,5000,12.26,4.56,1811594.0,-6.67,600.0,31.5,81.8,163.3,0.00113,none,0,0,0,500.0,0.01,met,VALID
2025-05-22 10:00:00,GOV-EMERG-001,central,portal-main,765.1,33,0.956,0.153,normal,none,1.0,False,0.0,10,50,500,5000,15.29,9.76,1810794.0,-6.67,600.0,29.9,70.7,174.6,0.00092,none,0,0,0,500.0,0.01,met,VALID
2025-05-22 12:00:00,GOV-EMERG-001,central,portal-main,728.6,33,0.911,0.1457,normal,none,1.0,False,0.0,10,50,500,5000,11.02,9.14,1809994.0,-6.67,600.0,19.7,48.0,113.3,0.00134,none,0,0,0,500.0,0.01,met,VALID
2025-05-22 14:00:00,GOV-EMERG-001,central,portal-main,766.1,31,0.958,0.1532,normal,none,1.0,False,0.0,10,50,500,5000,15.53,8.54,1809194.0,-6.67,600.0,28.2,58.0,118.7,0.00125,none,0,0,0,500.0,0.01,met,VALID
2025-05-22 16:00:00,GOV-EMERG-001,central,portal-main,673.6,37,0.842,0.1347,normal,none,1.0,False,0.0,10,50,500,5000,14.15,14.0,1808394.0,-6.67,600.0,27.1,66.6,137.8,0.00102,none,0,0,0,500.0,0.01,met,VALID
2025-05-22 18:00:00,GOV-EMERG-001,central,api-data,528.4,26,0.66,0.1057,normal,none,1.0,False,0.0,10,50,500,5000,8.39,5.61,1807594.0,-6.67,600.0,25.1,75.6,133.6,0.0012,none,0,0,0,500.0,0.01,met,IMPUTED_MISSING
2025-05-22 20:00:00,GOV-EMERG-001,central,api-data,306.0,14,0.382,0.0612,normal,none,1.0,False,0.0,10,50,500,5000,4.05,4.0,1806794.0,-6.67,600.0,23.1,58.3,129.3,0.00074,none,0,0,0,500.0,0.01,met,VALID
2025-05-22 22:00:00,GOV-EMERG-001,central,api-data,251.0,11,0.314,0.0502,normal,none,1.0,False,0.0,10,50,500,5000,6.33,5.02,1805994.0,-6.67,600.0,28.6,73.8,135.7,0.00132,none,0,0,0,500.0,0.01,met,VALID
2025-05-23 00:00:00,GOV-EMERG-001,central,portal-main,117.2,6,0.146,0.0234,normal,none,1.0,False,0.0,10,50,500,5000,1.0,4.0,1805194.0,-6.67,600.0,25.2,53.8,111.5,0.00155,none,0,0,0,500.0,0.01,met,VALID
2025-05-23 02:00:00,GOV-EMERG-001,central,portal-main,73.7,4,0.092,0.0147,normal,none,1.0,False,0.0,10,50,500,5000,4.88,4.0,1804394.0,-6.67,600.0,19.6,50.1,97.3,0.00104,none,0,0,0,500.0,0.01,met,VALID
2025-05-23 04:00:00,GOV-EMERG-001,central,portal-main,66.7,3,0.083,0.0133,normal,none,1.0,False,0.0,10,50,500,5000,1.0,4.0,1803594.0,-6.67,600.0,23.1,55.6,112.6,0.00084,none,0,0,0,500.0,0.01,met,VALID
2025-05-23 06:00:00,GOV-EMERG-001,central,portal-main,186.7,7,0.233,0.0373,normal,none,1.0,False,0.0,10,50,500,5000,2.74,4.0,1802794.0,-6.67,600.0,32.1,78.4,188.9,0.00094,none,0,0,0,500.0,0.01,met,VALID
2025-05-23 08:00:00,GOV-EMERG-001,central,portal-main,535.5,31,0.669,0.1071,normal,none,1.0,False,0.0,10,50,500,5000,7.99,4.0,1801994.0,-6.67,600.0,27.3,62.3,111.0,0.00132,none,0,0,0,500.0,0.01,met,IMPUTED_MISSING
2025-05-23 10:00:00,GOV-EMERG-001,central,portal-main,741.5,29,0.927,0.1483,normal,none,1.0,False,0.0,10,50,500,5000,12.95,6.12,1801194.0,-6.67,600.0,33.0,73.0,194.6,0.00098,none,0,0,0,500.0,0.01,met,VALID
2025-05-23 12:00:00,GOV-EMERG-001,central,api-data,740.5,40,0.926,0.1481,normal,none,1.0,False,0.0,10,50,500,5000,10.38,4.65,1800394.0,-6.67,600.0,32.8,81.2,146.4,0.00052,none,0,0,0,500.0,0.01,met,VALID
2025-05-23 14:00:00,GOV-EMERG-001,central,portal-main,756.0,48,0.945,0.1512,normal,none,1.0,False,0.0,10,50,500,5000,13.02,8.21,1799594.0,-6.67,600.0,27.7,55.7,118.7,0.00138,none,0,0,0,500.0,0.01,met,VALID
2025-05-23 16:00:00,GOV-EMERG-001,central,api-data,650.8,41,0.813,0.1302,normal,none,1.0,False,0.0,10,50,500,5000,16.56,12.11,1798794.0,-6.67,600.0,23.6,54.9,129.5,0.00061,none,0,0,0,500.0,0.01,met,VALID
2025-05-23 18:00:00,GOV-EMERG-001,central,portal-main,523.7,29,0.655,0.1047,normal,none,1.0,False,0.0,10,50,500,5000,10.39,8.18,1797994.0,-6.67,600.0,23.3,47.7,117.6,0.00117,none,0,0,0,500.0,0.01,met,VALID
2025-05-23 20:00:00,GOV-EMERG-001,central,api-data,352.0,20,0.44,0.0704,normal,none,1.0,False,0.0,10,50,500,5000,5.82,4.0,1797194.0,-6.67,600.0,32.7,70.4,189.4,0.00025,none,0,0,0,500.0,0.01,met,IMPUTED_MISSING
2025-05-23 22:00:00,GOV-EMERG-001,central,portal-main,212.2,15,0.265,0.0424,normal,none,1.0,False,0.0,10,50,500,5000,2.24,4.0,1796394.0,-6.67,600.0,26.7,65.1,135.8,0.00104,none,0,0,0,500.0,0.01,met,VALID
2025-05-24 00:00:00,GOV-EMERG-001,central,portal-main,101.3,3,0.127,0.0203,normal,none,1.0,False,0.0,10,50,500,5000,5.4,4.0,1795594.0,-6.67,600.0,18.6,45.6,93.1,0.00097,none,0,0,0,500.0,0.01,met,VALID
2025-05-24 02:00:00,GOV-EMERG-001,central,portal-main,72.1,3,0.09,0.0144,normal,none,1.0,False,0.0,10,50,500,5000,2.85,4.0,1794794.0,-6.67,600.0,28.7,72.7,126.6,0.00021,none,0,0,0,500.0,0.01,met,VALID
2025-05-24 04:00:00,GOV-EMERG-001,central,status-page,52.0,3,0.065,0.0104,normal,none,1.0,False,0.0,10,50,500,5000,3.17,9.07,1793994.0,-6.67,600.0,18.1,44.0,106.9,0.00113,none,0,0,0,500.0,0.01,met,VALID
2025-05-24 06:00:00,GOV-EMERG-001,central,portal-main,160.9,8,0.201,0.0322,normal,none,1.0,False,0.0,10,50,500,5000,2.17,4.0,1793194.0,-6.67,600.0,22.5,54.2,120.0,0.00056,none,0,0,0,500.0,0.01,met,IMPUTED_MISSING
2025-05-24 08:00:00,GOV-EMERG-001,central,portal-main,451.8,27,0.565,0.0904,normal,none,1.0,False,0.0,10,50,500,5000,12.9,11.54,1792394.0,-6.67,600.0,27.8,71.4,144.7,0.00103,none,0,0,0,500.0,0.01,met,VALID
2025-05-24 10:00:00,GOV-EMERG-001,central,portal-main,681.9,28,0.852,0.1364,normal,none,1.0,False,0.0,10,50,500,5000,10.2,8.63,1791594.0,-6.67,600.0,39.0,90.6,217.8,0.00084,none,0,0,0,500.0,0.01,met,IMPUTED_MISSING
2025-05-24 12:00:00,GOV-EMERG-001,central,api-data,558.7,29,0.698,0.1117,normal,none,1.0,False,0.0,10,50,500,5000,7.5,8.69,1790794.0,-6.67,600.0,31.4,75.1,132.0,0.00041,none,0,0,0,500.0,0.01,met,VALID
2025-05-24 14:00:00,GOV-EMERG-001,central,portal-main,631.1,30,0.789,0.1262,normal,none,1.0,False,0.0,10,50,500,5000,9.13,7.0,1789994.0,-6.67,600.0,26.7,67.3,153.0,0.00058,none,0,0,0,500.0,0.01,met,VALID
2025-05-24 16:00:00,GOV-EMERG-001,central,portal-main,502.2,23,0.628,0.1004,normal,none,1.0,False,0.0,10,50,500,5000,11.24,4.0,1789194.0,-6.67,600.0,27.9,68.6,139.5,0.00061,none,0,0,0,500.0,0.01,met,VALID
2025-05-24 18:00:00,GOV-EMERG-001,central,portal-main,391.4,18,0.489,0.0783,normal,none,1.0,False,0.0,10,50,500,5000,7.96,9.17,1788394.0,-6.67,600.0,30.8,75.8,172.6,0.00139,none,0,0,0,500.0,0.01,met,VALID
2025-05-24 20:00:00,GOV-EMERG-001,central,status-page,280.5,15,0.351,0.0561,normal,none,1.0,False,0.0,10,50,500,5000,6.08,4.0,1787594.0,-6.67,600.0,32.2,74.7,174.5,0.00133,none,0,0,0,500.0,0.01,met,VALID
2025-05-24 22:00:00,GOV-EMERG-001,central,portal-main,178.7,8,0.223,0.0357,normal,none,1.0,False,0.0,10,50,500,5000,1.0,4.0,1786794.0,-6.67,600.0,24.9,66.75,122.2,0.00188,none,0,0,0,500.0,0.01,met,IMPUTED_MISSING
2025-05-25 00:00:00,GOV-EMERG-001,central,portal-main,98.0,6,0.122,0.0196,normal,none,1.0,False,0.0,10,50,500,5000,1.0,4.0,1785994.0,-6.67,600.0,24.6,58.8,136.4,0.0008,none,0,0,0,500.0,0.01,met,VALID
2025-05-25 02:00:00,GOV-EMERG-001,central,status-page,61.6,3,0.077,0.0123,normal,none,1.0,False,0.0,10,50,500,5000,1.3,4.0,1785194.0,-6.67,600.0,22.0,53.2,119.7,0.00078,none,0,0,0,500.0,0.01,met,VALID
2025-05-25 04:00:00,GOV-EMERG-001,central,portal-main,45.8,3,0.057,0.0092,normal,none,1.0,False,0.0,10,50,500,5000,1.0,4.0,1784394.0,-6.67,600.0,27.9,64.9,111.8,0.00105,none,0,0,0,500.0,0.01,met,VALID
2025-05-25 06:00:00,GOV-EMERG-001,central,portal-main,144.5,6,0.181,0.0289,normal,none,1.0,False,0.0,10,50,500,5000,1.0,4.0,1783594.0,-6.67,600.0,29.8,53.650000000000006,161.7,0.00086,none,0,0,0,500.0,0.01,met,IMPUTED_MISSING
2025-05-25 08:00:00,GOV-EMERG-001,central,portal-main,448.9,16,0.561,0.0898,normal,none,1.0,False,0.0,10,50,500,5000,9.11,7.24,1782794.0,-6.67,600.0,19.7,42.4,98.9,0.00077,none,0,0,0,500.0,0.01,met,VALID
2025-05-25 10:00:00,GOV-EMERG-001,central,portal-main,633.8,32,0.792,0.1268,normal,none,1.0,False,0.0,10,50,500,5000,12.61,11.47,1781994.0,-6.67,600.0,27.0,62.1,153.6,0.00102,none,0,0,0,500.0,0.01,met,VALID
2025-05-25 12:00:00,GOV-EMERG-001,central,portal-main,540.8,40,0.676,0.1082,normal,none,1.0,False,0.0,10,50,500,5000,3.7,5.47,1781194.0,-6.67,600.0,23.2,49.2,130.3,0.00128,none,0,0,0,500.0,0.01,met,VALID
2025-05-25 14:00:00,GOV-EMERG-001,central,portal-main,586.7,36,0.733,0.1173,normal,none,1.0,False,0.0,10,50,500,5000,10.9,13.01,1780394.0,-6.67,600.0,28.9,65.2,125.6,0.00016,none,0,0,0,500.0,0.01,met,VALID
2025-05-25 16:00:00,GOV-EMERG-001,central,api-data,538.7,24,0.673,0.1077,normal,none,1.0,False,0.0,10,50,500,5000,9.58,4.0,1779594.0,-6.67,600.0,23.1,48.2,93.3,0.00077,none,0,0,0,500.0,0.01,met,VALID
2025-05-25 18:00:00,GOV-EMERG-001,central,api-data,370.6,20,0.463,0.0741,normal,none,1.0,False,0.0,10,50,500,5000,4.89,4.0,1778794.0,-6.67,600.0,21.7,45.3,95.4,0.00044,none,0,0,0,500.0,0.01,met,VALID
2025-05-25 20:00:00,GOV-EMERG-001,central,portal-main,275.3,15,0.344,0.0551,normal,none,1.0,False,0.0,10,50,500,5000,2.22,6.67,1777994.0,-6.67,600.0,31.0,77.6,169.7,0.00094,none,0,0,0,500.0,0.01,met,VALID
2025-05-25 22:00:00,GOV-EMERG-001,central,portal-main,187.1,7,0.234,0.0374,normal,none,1.0,False,0.0,10,50,500,5000,5.4,6.15,1777194.0,-6.67,600.0,25.3,58.9,145.3,0.00117,none,0,0,0,500.0,0.01,met,VALID
2025-05-26 00:00:00,GOV-EMERG-001,central,portal-main,121.2,7,0.152,0.0242,normal,none,1.0,False,0.0,10,50,500,5000,2.85,4.0,1776394.0,-6.67,600.0,25.4,62.6,137.1,0.00145,none,0,0,0,500.0,0.01,met,VALID
2025-05-26 02:00:00,GOV-EMERG-001,central,status-page,76.9,4,0.096,0.0154,normal,none,1.0,False,0.0,10,50,500,5000,1.0,4.0,1775594.0,-6.67,600.0,27.1,54.4,153.0,0.00083,none,0,0,0,500.0,0.01,met,VALID
2025-05-26 04:00:00,GOV-EMERG-001,central,portal-main,65.3,3,0.082,0.0131,normal,none,1.0,False,0.0,10,50,500,5000,1.0,4.0,1774794.0,-6.67,600.0,29.2,63.4,151.2,0.00104,none,0,0,0,500.0,0.01,met,VALID
2025-05-26 06:00:00,GOV-EMERG-001,central,portal-main,195.3,10,0.244,0.0391,normal,none,1.0,False,0.0,10,50,500,5000,4.27,4.0,1773994.0,-6.67,600.0,27.75,48.9,122.0,0.00033,none,0,0,0,500.0,0.01,met,IMPUTED_MISSING
2025-05-26 08:00:00,GOV-EMERG-001,central,portal-main,521.0,31,0.651,0.1042,normal,none,1.0,False,0.0,10,50,500,5000,11.67,4.0,1773194.0,-6.67,600.0,26.3,52.7,156.4,0.00066,none,0,0,0,500.0,0.01,met,VALID
2025-05-26 10:00:00,GOV-EMERG-001,central,portal-main,828.0,36,1.035,0.1656,normal,none,1.0,False,0.0,10,50,500,5000,16.93,11.06,1772394.0,-6.67,600.0,28.4,57.3,118.1,0.00108,none,0,0,0,500.0,0.01,met,VALID
2025-05-26 12:00:00,GOV-EMERG-001,central,portal-main,760.2,27,0.95,0.152,normal,none,1.0,False,0.0,10,50,500,5000,15.31,12.41,1771594.0,-6.67,600.0,33.8,78.2,163.7,0.00046,none,0,0,0,500.0,0.01,met,VALID
2025-05-26 14:00:00,GOV-EMERG-001,central,api-data,787.6,41,0.984,0.1575,normal,none,1.0,False,0.0,10,50,500,5000,13.52,4.0,1770794.0,-6.67,600.0,29.4,60.4,134.0,0.00149,none,0,0,0,500.0,0.01,met,VALID
2025-05-26 16:00:00,GOV-EMERG-001,central,portal-main,667.2,22,0.834,0.1334,normal,none,1.0,False,0.0,10,50,500,5000,13.14,5.59,1769994.0,-6.67,600.0,27.7,68.6,117.5,0.00121,none,0,0,0,500.0,0.01,met,VALID
2025-05-26 18:00:00,GOV-EMERG-001,central,status-page,495.0,24,0.619,0.099,normal,none,1.0,False,0.0,10,50,500,5000,7.44,4.0,1769194.0,-6.67,600.0,29.3,67.7,152.7,0.00064,none,0,0,0,500.0,0.01,met,VALID
2025-05-26 20:00:00,GOV-EMERG-001,central,portal-main,357.3,21,0.447,0.0715,normal,none,1.0,False,0.0,10,50,500,5000,8.55,4.62,1768394.0,-6.67,600.0,34.3,73.5,155.0,0.00041,none,0,0,0,500.0,0.01,met,VALID
2025-05-26 22:00:00,GOV-EMERG-001,central,api-data,217.7,12,0.272,0.0435,normal,none,1.0,False,0.0,10,50,500,5000,10.21,7.85,1767594.0,-6.67,600.0,26.4,66.2,130.2,0.00071,none,0,0,0,500.0,0.01,met,VALID
2025-05-27 00:00:00,GOV-EMERG-001,central,api-data,113.9,7,0.142,0.0228,normal,none,1.0,False,0.0,10,50,500,5000,1.0,4.0,1766794.0,-6.67,600.0,29.8,56.5,104.7,0.00064,none,0,0,0,500.0,0.01,met,IMPUTED_MISSING
2025-05-27 02:00:00,GOV-EMERG-001,central,status-page,87.6,5,0.109,0.0175,normal,none,1.0,False,0.0,10,50,500,5000,3.55,4.0,1765994.0,-6.67,600.0,33.2,73.4,158.8,0.00051,none,0,0,0,500.0,0.01,met,IMPUTED_MISSING
2025-05-27 04:00:00,GOV-EMERG-001,central,portal-main,65.5,5,0.082,0.0131,normal,none,1.0,False,0.0,10,50,500,5000,1.0,4.0,1765194.0,-6.67,600.0,30.7,71.7,134.9,0.00044,none,0,0,0,500.0,0.01,met,VALID
2025-05-27 06:00:00,GOV-EMERG-001,central,portal-main,205.7,9,0.257,0.0411,normal,none,1.0,False,0.0,10,50,500,5000,4.08,4.0,1764394.0,-6.67,600.0,30.8,74.1,178.5,0.00091,none,0,0,0,500.0,0.01,met,VALID
2025-05-27 08:00:00,GOV-EMERG-001,central,portal-main,584.7,31,0.731,0.1169,normal,none,1.0,False,0.0,10,50,500,5000,10.68,5.31,1763594.0,-6.67,600.0,29.200000000000003,61.4,132.7,0.000815,none,0,0,0,500.0,0.01,met,IMPUTED_MISSING
2025-05-27 10:00:00,GOV-EMERG-001,central,portal-main,830.8,39,1.038,0.1662,normal,none,1.0,False,0.0,10,50,500,5000,16.56,15.02,1762794.0,-6.67,600.0,27.6,70.6,154.4,0.00072,none,0,0,0,500.0,0.01,met,VALID
2025-05-27 12:00:00,GOV-EMERG-001,central,portal-main,705.1,41,0.881,0.141,normal,none,1.0,False,0.0,10,50,500,5000,12.5,7.25,1761994.0,-6.67,600.0,21.8,48.2,108.2,0.00118,none,0,0,0,500.0,0.01,met,VALID
2025-05-27 14:00:00,GOV-EMERG-001,central,status-page,810.9,40,1.014,0.1622,normal,none,1.0,False,0.0,10,50,500,5000,12.8,11.79,1761194.0,-6.67,600.0,33.7,75.7,137.7,0.00087,none,0,0,0,500.0,0.01,met,VALID
2025-05-27 16:00:00,GOV-EMERG-001,central,status-page,670.9,43,0.839,0.1342,normal,none,1.0,False,0.0,10,50,500,5000,10.28,6.56,1760394.0,-6.67,600.0,29.2,73.4,157.3,0.00124,none,0,0,0,500.0,0.01,met,VALID
2025-05-27 18:00:00,GOV-EMERG-001,central,portal-main,531.4,24,0.664,0.1063,normal,none,1.0,False,0.0,10,50,500,5000,7.0,6.41,1759594.0,-6.67,600.0,20.8,49.5,85.1,0.00069,none,0,0,0,500.0,0.01,met,VALID
2025-05-27 20:00:00,GOV-EMERG-001,central,portal-main,366.2,23,0.458,0.0732,normal,none,1.0,False,0.0,10,50,500,5000,4.09,4.0,1758794.0,-6.67,600.0,31.8,82.0,152.2,0.00111,none,0,0,0,500.0,0.01,met,VALID
2025-05-27 22:00:00,GOV-EMERG-001,central,api-data,219.7,12,0.275,0.0439,normal,none,1.0,False,0.0,10,50,500,5000,2.21,4.76,1757994.0,-6.67,600.0,24.8,61.4,126.3,0.00105,none,0,0,0,500.0,0.01,met,VALID
2025-05-28 00:00:00,GOV-EMERG-001,central,status-page,112.0,6,0.14,0.0224,normal,none,1.0,False,0.0,10,50,500,5000,1.0,4.0,1757194.0,-6.67,600.0,24.7,57.0,137.4,0.00154,none,0,0,0,500.0,0.01,met,VALID
2025-05-28 02:00:00,GOV-EMERG-001,central,portal-main,80.6,4,0.101,0.0161,normal,none,1.0,False,0.0,10,50,500,5000,1.0,4.58,1756394.0,-6.67,600.0,19.4,46.1,112.2,0.00122,none,0,0,0,500.0,0.01,met,VALID
2025-05-28 04:00:00,GOV-EMERG-001,central,portal-main,63.3,3,0.079,0.0127,normal,none,1.0,False,0.0,10,50,500,5000,1.0,4.0,1755594.0,-6.67,600.0,27.3,61.2,120.3,0.0011,none,0,0,0,500.0,0.01,met,VALID
2025-05-28 06:00:00,GOV-EMERG-001,central,api-data,181.1,10,0.226,0.0362,normal,none,1.0,False,0.0,10,50,500,5000,3.31,4.0,1754794.0,-6.67,600.0,27.9,58.0,148.9,0.00041,none,0,0,0,500.0,0.01,met,VALID
2025-05-28 08:00:00,GOV-EMERG-001,central,portal-main,574.2,28,0.718,0.1148,normal,none,1.0,False,0.0,10,50,500,5000,7.31,10.89,1753994.0,-6.67,600.0,28.1,63.0,138.6,0.00079,none,0,0,0,500.0,0.01,met,VALID
2025-05-28 10:00:00,GOV-EMERG-001,central,portal-main,838.6,37,1.048,0.1677,normal,none,1.0,False,0.0,10,50,500,5000,13.1,8.22,1753194.0,-6.67,600.0,28.4,61.5,157.0,0.00068,none,0,0,0,500.0,0.01,met,VALID
2025-05-28 12:00:00,GOV-EMERG-001,central,status-page,811.0,38,1.014,0.1622,normal,none,1.0,False,0.0,10,50,500,5000,14.4,4.0,1752394.0,-6.67,600.0,40.3,97.1,237.2,0.00067,none,0,0,0,500.0,0.01,met,VALID
2025-05-28 14:00:00,GOV-EMERG-001,central,status-page,784.4,28,0.98,0.1569,normal,none,1.0,False,0.0,10,50,500,5000,20.76,12.56,1751594.0,-6.67,600.0,24.8,59.7,125.8,0.00101,none,0,0,0,500.0,0.01,met,VALID
2025-05-28 16:00:00,GOV-EMERG-001,central,status-page,661.7,38,0.827,0.1323,normal,none,1.0,False,0.0,10,50,500,5000,9.06,7.65,1750794.0,-6.67,600.0,25.9,66.4,118.6,0.0011,none,0,0,0,500.0,0.01,met,VALID
2025-05-28 18:00:00,GOV-EMERG-001,central,api-data,491.2,20,0.614,0.0982,normal,none,1.0,False,0.0,10,50,500,5000,8.29,4.9,1749994.0,-6.67,600.0,24.4,59.300000000000004,171.0,0.00111,none,0,0,0,500.0,0.01,met,IMPUTED_MISSING
2025-05-28 20:00:00,GOV-EMERG-001,central,portal-main,363.8,18,0.455,0.0728,normal,none,1.0,False,0.0,10,50,500,5000,6.97,5.79,1749194.0,-6.67,600.0,22.9,52.2,115.8,0.0015,none,0,0,0,500.0,0.01,met,VALID
2025-05-28 22:00:00,GOV-EMERG-001,central,portal-main,226.3,13,0.283,0.0453,normal,none,1.0,False,0.0,10,50,500,5000,4.44,4.0,1748394.0,-6.67,600.0,21.8,48.9,125.9,0.00119,none,0,0,0,500.0,0.01,met,VALID
2025-05-29 00:00:00,GOV-EMERG-001,central,portal-main,115.1,7,0.144,0.023,normal,none,1.0,False,0.0,10,50,500,5000,1.0,4.0,1747594.0,-6.67,600.0,30.1,69.8,154.6,0.00051,none,0,0,0,500.0,0.01,met,VALID
2025-05-29 02:00:00,GOV-EMERG-001,central,portal-main,79.3,3,0.099,0.0159,normal,none,1.0,False,0.0,10,50,500,5000,1.0,4.0,1746794.0,-6.67,600.0,27.8,57.6,163.4,0.00108,none,0,0,0,500.0,0.01,met,VALID
2025-05-29 04:00:00,GOV-EMERG-001,central,portal-main,57.7,3,0.072,0.0115,normal,none,1.0,False,0.0,10,50,500,5000,1.0,4.0,1745994.0,-6.67,600.0,27.2,62.5,109.9,0.00123,none,0,0,0,500.0,0.01,met,VALID
2025-05-29 06:00:00,GOV-EMERG-001,central,portal-main,209.3,11,0.262,0.0419,normal,none,1.0,False,0.0,10,50,500,5000,3.53,4.0,1745194.0,-6.67,600.0,26.8,64.2,146.9,0.0015,none,0,0,0,500.0,0.01,met,VALID
2025-05-29 08:00:00,GOV-EMERG-001,central,portal-main,538.4,27,0.673,0.1077,normal,none,1.0,False,0.0,10,50,500,5000,8.48,4.0,1744394.0,-6.67,600.0,25.2,55.3,118.5,0.00094,none,0,0,0,500.0,0.01,met,VALID
2025-05-29 10:00:00,GOV-EMERG-001,central,api-data,798.6,49,0.998,0.1597,normal,none,1.0,False,0.0,10,50,500,5000,11.54,8.99,1743594.0,-6.67,600.0,28.7,68.7,153.4,0.00094,none,0,0,0,500.0,0.01,met,VALID
2025-05-29 12:00:00,GOV-EMERG-001,central,portal-main,668.6,29,0.836,0.1337,normal,none,1.0,False,0.0,10,50,500,5000,11.98,6.35,1742794.0,-6.67,600.0,28.5,61.6,168.0,0.00143,none,0,0,0,500.0,0.01,met,VALID
2025-05-29 14:00:00,GOV-EMERG-001,central,portal-main,776.7,26,0.971,0.1553,normal,none,1.0,False,0.0,10,50,500,5000,16.51,11.8,1741994.0,-6.67,600.0,33.0,73.3,175.1,0.00107,none,0,0,0,500.0,0.01,met,VALID
2025-05-29 16:00:00,GOV-EMERG-001,central,portal-main,670.5,38,0.838,0.1341,normal,none,1.0,False,0.0,10,50,500,5000,12.5,4.0,1741194.0,-6.67,600.0,28.6,77.8,167.9,0.00036,none,0,0,0,500.0,0.01,met,IMPUTED_MISSING
2025-05-29 18:00:00,GOV-EMERG-001,central,portal-main,519.7,24,0.65,0.1039,normal,none,1.0,False,0.0,10,50,500,5000,7.01,4.36,1740394.0,-6.67,600.0,24.2,48.7,104.4,0.00027,none,0,0,0,500.0,0.01,met,VALID
2025-05-29 20:00:00,GOV-EMERG-001,central,api-data,368.6,13,0.461,0.0737,normal,none,1.0,False,0.0,10,50,500,5000,5.7,4.0,1739594.0,-6.67,600.0,30.1,65.2,130.9,0.00174,none,0,0,0,500.0,0.01,met,VALID
2025-05-29 22:00:00,GOV-EMERG-001,central,portal-main,240.1,12,0.3,0.048,normal,none,1.0,False,0.0,10,50,500,5000,7.5,4.0,1738794.0,-6.67,600.0,19.5,50.1,100.6,0.00031,none,0,0,0,500.0,0.01,met,VALID
2025-05-30 00:00:00,GOV-EMERG-001,central,portal-main,118.2,7,0.148,0.0236,normal,none,1.0,False,0.0,10,50,500,5000,1.0,4.0,1737994.0,-6.67,600.0,24.3,50.8,118.2,0.00093,none,0,0,0,500.0,0.01,met,VALID
2025-05-30 02:00:00,GOV-EMERG-001,central,api-data,79.7,3,0.1,0.0159,normal,none,1.0,False,0.0,10,50,500,5000,1.0,4.0,1737194.0,-6.67,600.0,20.8,46.6,88.0,0.00135,none,0,0,0,500.0,0.01,met,VALID
2025-05-30 04:00:00,GOV-EMERG-001,central,portal-main,65.2,5,0.082,0.013,normal,none,1.0,False,0.0,10,50,500,5000,1.0,4.0,1736394.0,-6.67,600.0,21.9,49.8,119.5,0.00029,none,0,0,0,500.0,0.01,met,VALID
2025-05-30 06:00:00,GOV-EMERG-001,central,portal-main,195.4,8,0.244,0.0391,normal,none,1.0,False,0.0,10,50,500,5000,1.0,4.0,1735594.0,-6.67,600.0,33.7,80.7,182.0,0.00057,none,0,0,0,500.0,0.01,met,VALID
2025-05-30 08:00:00,GOV-EMERG-001,central,portal-main,531.0,27,0.664,0.1062,normal,none,1.0,False,0.0,10,50,500,5000,10.25,8.81,1734794.0,-6.67,600.0,22.1,52.3,92.4,0.0005,none,0,0,0,500.0,0.01,met,VALID
2025-05-30 10:00:00,GOV-EMERG-001,central,portal-main,798.3,32,0.998,0.1597,normal,none,1.0,False,0.0,10,50,500,5000,7.98,6.34,1733994.0,-6.67,600.0,26.5,62.9,108.5,0.00172,none,0,0,0,500.0,0.01,met,VALID
2025-05-30 12:00:00,GOV-EMERG-001,central,api-data,720.7,36,0.901,0.1441,normal,none,1.0,False,0.0,10,50,500,5000,8.63,8.434999999999999,1733194.0,-6.67,600.0,31.3,80.1,148.7,0.00181,none,0,0,0,500.0,0.01,met,IMPUTED_MISSING
2025-05-30 14:00:00,GOV-EMERG-001,central,portal-main,784.6,38,0.981,0.1569,normal,none,1.0,False,0.0,10,50,500,5000,12.91,10.53,1732394.0,-6.67,600.0,27.8,62.1,146.2,0.00071,none,0,0,0,500.0,0.01,met,VALID
2025-05-30 16:00:00,GOV-EMERG-001,central,portal-main,599.0,23,0.749,0.1198,normal,none,1.0,False,0.0,10,50,500,5000,5.2,8.87,1731594.0,-6.67,600.0,29.0,66.6,168.0,0.00123,none,0,0,0,500.0,0.01,met,VALID
2025-05-30 18:00:00,GOV-EMERG-001,central,portal-main,473.2,35,0.592,0.0946,normal,none,1.0,False,0.0,10,50,500,5000,14.75,5.21,1730794.0,-6.67,600.0,33.3,85.9,162.3,0.00112,none,0,0,0,500.0,0.01,met,VALID
2025-05-30 20:00:00,GOV-EMERG-001,central,portal-main,347.15,15,0.434,0.0694,normal,none,1.0,False,0.0,10,50,500,5000,6.62,4.0,1729994.0,-6.67,600.0,29.4,61.1,122.7,0.00089,none,0,0,0,500.0,0.01,met,IMPUTED_MISSING
2025-05-30 22:00:00,GOV-EMERG-001,central,portal-main,221.1,10,0.276,0.0442,normal,none,1.0,False,0.0,10,50,500,5000,6.23,5.16,1729194.0,-6.67,600.0,24.3,62.4,137.9,0.001405,none,0,0,0,500.0,0.01,met,IMPUTED_MISSING
2025-05-31 00:00:00,GOV-EMERG-001,central,api-data,95.9,6,0.12,0.0192,normal,none,1.0,False,0.0,10,50,500,5000,1.0,4.0,1728394.0,-6.67,600.0,25.0,64.1,106.1,0.00192,none,0,0,0,500.0,0.01,met,VALID
2025-05-31 02:00:00,GOV-EMERG-001,central,portal-main,67.6,4,0.084,0.0135,normal,none,1.0,False,0.0,10,50,500,5000,1.0,4.0,1727594.0,-6.67,600.0,27.5,70.6,144.9,0.00027,none,0,0,0,500.0,0.01,met,IMPUTED_MISSING
2025-05-31 04:00:00,GOV-EMERG-001,central,portal-main,54.6,3,0.068,0.0109,normal,none,1.0,False,0.0,10,50,500,5000,1.72,4.0,1726794.0,-6.67,600.0,27.8,56.7,134.3,0.00108,none,0,0,0,500.0,0.01,met,VALID
2025-05-31 06:00:00,GOV-EMERG-001,central,portal-main,169.6,7,0.212,0.0339,normal,none,1.0,False,0.0,10,50,500,5000,4.61,6.63,1725994.0,-6.67,600.0,26.0,60.9,151.1,0.00074,none,0,0,0,500.0,0.01,met,VALID
2025-05-31 08:00:00,GOV-EMERG-001,central,portal-main,475.0,25,0.594,0.095,normal,none,1.0,False,0.0,10,50,500,5000,5.32,6.95,1725194.0,-6.67,600.0,29.1,72.8,157.2,0.0014,none,0,0,0,500.0,0.01,met,VALID
2025-05-31 10:00:00,GOV-EMERG-001,central,portal-main,606.8,21,0.758,0.1214,normal,none,1.0,False,0.0,10,50,500,5000,9.06,6.89,1724394.0,-6.67,600.0,29.9,65.4,119.6,0.00134,none,0,0,0,500.0,0.01,met,VALID
2025-05-31 12:00:00,GOV-EMERG-001,central,api-data,589.9,34,0.737,0.118,normal,none,1.0,False,0.0,10,50,500,5000,11.17,4.0,1723594.0,-6.67,600.0,28.0,65.9,132.8,0.00061,none,0,0,0,500.0,0.01,met,VALID
2025-05-31 14:00:00,GOV-EMERG-001,central,api-data,620.6,23,0.776,0.1241,normal,none,1.0,False,0.0,10,50,500,5000,11.27,6.62,1722794.0,-6.67,600.0,26.1,56.3,113.9,0.00068,none,0,0,0,500.0,0.01,met,VALID
2025-05-31 16:00:00,GOV-EMERG-001,central,portal-main,499.1,22,0.624,0.0998,normal,none,1.0,False,0.0,10,50,500,5000,11.82,4.0,1721994.0,-6.67,600.0,30.7,63.9,140.4,0.00038,none,0,0,0,500.0,0.01,met,VALID
2025-05-31 18:00:00,GOV-EMERG-001,central,portal-main,410.0,20,0.512,0.082,normal,none,1.0,False,0.0,10,50,500,5000,7.28,5.93,1721194.0,-6.67,600.0,28.4,71.3,136.3,0.00108,none,0,0,0,500.0,0.01,met,VALID
2025-05-31 20:00:00,GOV-EMERG-001,central,status-page,307.1,16,0.384,0.0614,normal,none,1.0,False,0.0,10,50,500,5000,1.0,4.0,1720394.0,-6.67,600.0,18.3,47.4,93.1,0.00128,none,0,0,0,500.0,0.01,met,VALID
2025-05-31 22:00:00,GOV-EMERG-001,central,portal-main,183.3,9,0.229,0.0367,normal,none,1.0,False,0.0,10,50,500,5000,1.0,4.0,1719594.0,-6.67,600.0,22.6,46.2,126.8,0.00082,none,0,0,0,500.0,0.01,met,VALID
2025-06-01 00:00:00,GOV-EMERG-001,central,portal-main,99.1,6,0.124,0.0198,seasonal,medium,1.0,False,4320.0,10,50,500,5000,1.0,4.0,1718794.0,-6.67,600.0,23.6,48.9,98.4,0.0009,none,0,0,0,500.0,0.01,met,VALID
2025-06-01 02:00:00,GOV-EMERG-001,central,portal-main,64.8,4,0.081,0.013,seasonal,medium,1.0697,False,4320.0,10,50,500,5000,4.09,4.0,1717994.0,-6.67,600.0,24.5,57.7,119.7,0.00176,none,0,0,0,500.0,0.01,met,VALID
2025-06-01 04:00:00,GOV-EMERG-001,central,api-data,61.4,3,0.077,0.0123,seasonal,medium,1.1389,False,4320.0,10,50,500,5000,1.0,4.0,1717194.0,-6.67,600.0,30.1,61.8,171.8,0.00137,none,0,0,0,500.0,0.01,met,VALID
2025-06-01 06:00:00,GOV-EMERG-001,central,api-data,182.7,7,0.228,0.0365,seasonal,medium,1.2071,False,4320.0,10,50,500,5000,1.37,4.0,1716394.0,-6.67,600.0,38.8,92.2,188.5,0.00154,none,0,0,0,500.0,0.01,met,VALID
2025-06-01 08:00:00,GOV-EMERG-001,central,portal-main,535.5,34,0.669,0.1071,seasonal,medium,1.2736,False,4320.0,10,50,500,5000,9.32,5.33,1715594.0,-6.67,600.0,18.2,44.2,91.5,0.0001,none,0,0,0,500.0,0.01,met,VALID
2025-06-01 10:00:00,GOV-EMERG-001,central,status-page,751.5,33,0.939,0.1503,seasonal,medium,1.3381,False,4320.0,10,50,500,5000,17.76,10.24,1714794.0,-6.67,600.0,30.6,68.9,170.3,0.00122,none,0,0,0,500.0,0.01,met,VALID
2025-06-01 12:00:00,GOV-EMERG-001,central,portal-main,798.0,51,0.998,0.1596,seasonal,medium,1.4,False,4320.0,10,50,500,5000,11.43,5.99,1713994.0,-6.67,600.0,30.0,73.7,162.9,0.0011,none,0,0,0,500.0,0.01,met,VALID
2025-06-01 14:00:00,GOV-EMERG-001,central,portal-main,853.3,57,1.067,0.1707,seasonal,medium,1.4589,False,4320.0,10,50,500,5000,11.2,9.61,1713194.0,-6.67,600.0,29.4,60.9,147.7,0.0005,none,0,0,0,500.0,0.01,met,VALID
2025-06-01 16:00:00,GOV-EMERG-001,central,portal-main,747.3,41,0.934,0.1495,seasonal,medium,1.5142,False,4320.0,10,50,500,5000,14.82,9.33,1712394.0,-6.67,600.0,31.6,68.8,187.3,0.00058,none,0,0,0,500.0,0.01,met,VALID
2025-06-01 18:00:00,GOV-EMERG-001,central,portal-main,649.7,38,0.812,0.1299,seasonal,medium,1.5657,False,4320.0,10,50,500,5000,9.75,4.3,1711594.0,-6.67,600.0,29.3,72.9,119.5,0.00091,none,0,0,0,500.0,0.01,met,VALID
2025-06-01 20:00:00,GOV-EMERG-001,central,portal-main,460.7,12,0.576,0.0921,seasonal,medium,1.6128,False,4320.0,10,50,500,5000,3.66,5.35,1710794.0,-6.67,600.0,26.1,53.6,107.2,0.00046,none,0,0,0,500.0,0.01,met,VALID
2025-06-01 22:00:00,GOV-EMERG-001,central,portal-main,293.8,14,0.367,0.0588,seasonal,medium,1.6553,False,4320.0,10,50,500,5000,3.76,4.0,1709994.0,-6.67,600.0,26.7,57.9,129.5,0.00068,none,0,0,0,500.0,0.01,met,VALID
2025-06-02 00:00:00,GOV-EMERG-001,central,portal-main,199.5,12,0.249,0.0399,seasonal,medium,1.6928,False,4320.0,10,50,500,5000,6.38,5.31,1709194.0,-6.67,600.0,28.3,67.1,122.0,0.00082,none,0,0,0,500.0,0.01,met,IMPUTED_MISSING
2025-06-02 02:00:00,GOV-EMERG-001,central,api-data,137.7,8,0.172,0.0275,seasonal,medium,1.725,False,4320.0,10,50,500,5000,4.1899999999999995,4.0,1708394.0,-6.67,600.0,27.6,59.2,122.1,0.00123,none,0,0,0,500.0,0.01,met,IMPUTED_MISSING
2025-06-02 04:00:00,GOV-EMERG-001,central,portal-main,111.8,4,0.14,0.0224,seasonal,medium,1.7518,False,4320.0,10,50,500,5000,2.0,4.0,1707594.0,-6.67,600.0,26.3,60.3,113.2,0.00072,none,0,0,0,500.0,0.01,met,VALID
2025-06-02 06:00:00,GOV-EMERG-001,central,portal-main,368.4,18,0.46,0.0737,seasonal,medium,1.7727,False,4320.0,10,50,500,5000,8.02,10.74,1706794.0,-6.67,600.0,24.7,61.7,132.8,0.00082,none,0,0,0,500.0,0.01,met,VALID
2025-06-02 08:00:00,GOV-EMERG-001,central,portal-main,1079.0,31,1.349,0.2158,seasonal,medium,1.7878,False,4320.0,10,50,500,5000,17.81,14.89,1705994.0,-6.67,600.0,43.2,93.3,209.0,0.00141,none,0,0,0,500.0,0.01,met,VALID
2025-06-02 10:00:00,GOV-EMERG-001,central,portal-main,1464.0,78,1.83,0.2928,seasonal,medium,1.797,False,4320.0,10,50,500,5000,24.99,15.22,1705194.0,-6.67,600.0,36.8,83.2,208.5,0.00029,none,0,0,0,500.0,0.01,met,VALID
2025-06-02 12:00:00,GOV-EMERG-001,central,api-data,1424.0,49,1.78,0.2848,seasonal,medium,1.8,False,4320.0,10,50,500,5000,18.07,16.02,1704394.0,-6.67,600.0,38.0,82.45,171.1,0.00109,none,0,0,0,500.0,0.01,met,IMPUTED_MISSING
2025-06-02 14:00:00,GOV-EMERG-001,central,api-data,1502.1,89,1.878,0.3004,seasonal,medium,1.797,False,4320.0,10,50,500,5000,23.17,11.8,1703594.0,-6.67,600.0,35.85,81.7,176.8,0.00116,none,0,0,0,500.0,0.01,met,IMPUTED_MISSING
2025-06-02 16:00:00,GOV-EMERG-001,central,api-data,1201.5,72,1.502,0.2403,seasonal,medium,1.7878,False,4320.0,10,50,500,5000,17.09,10.37,1702794.0,-6.67,600.0,33.7,74.5,149.0,0.00117,none,0,0,0,500.0,0.01,met,VALID
2025-06-02 18:00:00,GOV-EMERG-001,central,portal-main,960.0,44,1.2,0.192,seasonal,medium,1.7727,False,4320.0,10,50,500,5000,17.09,11.79,1701994.0,-6.67,600.0,31.7,79.7,127.6,0.0008,none,0,0,0,500.0,0.01,met,VALID
2025-06-02 20:00:00,GOV-EMERG-001,central,portal-main,684.4,37,0.855,0.1369,seasonal,medium,1.7518,False,4320.0,10,50,500,5000,10.71,4.0,1701194.0,-6.67,600.0,21.3,43.8,114.6,0.00057,none,0,0,0,500.0,0.01,met,VALID
2025-06-02 22:00:00,GOV-EMERG-001,central,portal-main,425.0,20,0.531,0.085,seasonal,medium,1.725,False,4320.0,10,50,500,5000,10.48,4.0,1700394.0,-6.67,600.0,24.5,60.4,104.9,0.00161,none,0,0,0,500.0,0.01,met,VALID
2025-06-03 00:00:00,GOV-EMERG-001,central,portal-main,215.2,11,0.269,0.043,seasonal,medium,1.6928,False,4320.0,10,50,500,5000,1.0,4.0,1699594.0,-6.67,600.0,23.2,57.7,124.9,0.00066,none,0,0,0,500.0,0.01,met,VALID
2025-06-03 02:00:00,GOV-EMERG-001,central,portal-main,132.6,5,0.166,0.0265,seasonal,medium,1.6553,False,4320.0,10,50,500,5000,1.72,4.0,1698794.0,-6.67,600.0,23.3,57.4,125.3,0.00055,none,0,0,0,500.0,0.01,met,VALID
2025-06-03 04:00:00,GOV-EMERG-001,central,portal-main,102.1,6,0.128,0.0204,seasonal,medium,1.6128,False,4320.0,10,50,500,5000,1.39,4.0,1697994.0,-6.67,600.0,21.2,51.8,113.3,0.00101,none,0,0,0,500.0,0.01,met,VALID
2025-06-03 06:00:00,GOV-EMERG-001,central,portal-main,322.2,12,0.403,0.0644,seasonal,medium,1.5657,False,4320.0,10,50,500,5000,9.38,7.25,1697194.0,-6.67,600.0,26.9,57.6,139.4,0.0007,none,0,0,0,500.0,0.01,met,VALID
2025-06-03 08:00:00,GOV-EMERG-001,central,portal-main,918.9,32,1.149,0.1838,seasonal,medium,1.5142,False,4320.0,10,50,500,5000,10.26,5.72,1696394.0,-6.67,600.0,36.2,81.5,209.0,0.00142,none,0,0,0,500.0,0.01,met,VALID
2025-06-03 10:00:00,GOV-EMERG-001,central,portal-main,1192.4,58,1.491,0.2385,seasonal,medium,1.4589,False,4320.0,10,50,500,5000,19.61,13.37,1695594.0,-6.67,600.0,33.4,74.4,138.5,0.00089,none,0,0,0,500.0,0.01,met,VALID
2025-06-03 12:00:00,GOV-EMERG-001,central,api-data,1030.9,50,1.289,0.2062,seasonal,medium,1.4,False,4320.0,10,50,500,5000,19.37,10.31,1694794.0,-6.67,600.0,26.8,57.4,157.0,0.00147,none,0,0,0,500.0,0.01,met,VALID
2025-06-03 14:00:00,GOV-EMERG-001,central,status-page,1073.2,56,1.342,0.2146,seasonal,medium,1.3381,False,4320.0,10,50,500,5000,14.95,15.57,1693994.0,-6.67,600.0,27.7,63.6,114.5,0.00118,none,0,0,0,500.0,0.01,met,VALID
2025-06-03 16:00:00,GOV-EMERG-001,central,portal-main,851.9,38,1.065,0.1704,seasonal,medium,1.2736,False,4320.0,10,50,500,5000,14.14,9.44,1693194.0,-6.67,600.0,28.6,69.2,142.9,0.00084,none,0,0,0,500.0,0.01,met,VALID
2025-06-03 18:00:00,GOV-EMERG-001,central,status-page,622.6,41,0.778,0.1245,seasonal,medium,1.2071,False,4320.0,10,50,500,5000,10.96,7.765,1692394.0,-6.67,600.0,28.55,52.4,133.8,0.00145,none,0,0,0,500.0,0.01,met,IMPUTED_MISSING
2025-06-03 20:00:00,GOV-EMERG-001,central,portal-main,412.8,21,0.516,0.0826,seasonal,medium,1.1389,False,4320.0,10,50,500,5000,7.78,6.09,1691594.0,-6.67,600.0,28.5,73.6,129.2,0.00074,none,0,0,0,500.0,0.01,met,VALID
2025-06-03 22:00:00,GOV-EMERG-001,central,status-page,260.2,14,0.325,0.052,seasonal,medium,1.0697,False,4320.0,10,50,500,5000,5.66,4.0,1690794.0,-6.67,600.0,31.8,77.1,180.4,0.00087,none,0,0,0,500.0,0.01,met,VALID
2025-06-04 00:00:00,GOV-EMERG-001,central,status-page,118.6,6,0.148,0.0237,normal,none,1.0,False,0.0,10,50,500,5000,1.84,4.0,1689994.0,-6.67,600.0,23.3,52.8,120.9,0.00121,none,0,0,0,500.0,0.01,met,VALID
2025-06-04 02:00:00,GOV-EMERG-001,central,portal-main,80.2,5,0.1,0.016,normal,none,1.0,False,0.0,10,50,500,5000,1.92,4.83,1689194.0,-6.67,600.0,25.7,57.7,147.1,0.00109,none,0,0,0,500.0,0.01,met,VALID
2025-06-04 04:00:00,GOV-EMERG-001,central,api-data,61.2,3,0.076,0.0122,normal,none,1.0,False,0.0,10,50,500,5000,4.53,4.0,1688394.0,-6.67,600.0,23.6,55.4,96.7,0.00073,none,0,0,0,500.0,0.01,met,VALID
2025-06-04 06:00:00,GOV-EMERG-001,central,status-page,207.2,11,0.259,0.0414,normal,none,1.0,False,0.0,10,50,500,5000,2.67,4.0,1687594.0,-6.67,600.0,23.6,53.2,120.4,0.00039,none,0,0,0,500.0,0.01,met,VALID
2025-06-04 08:00:00,GOV-EMERG-001,central,status-page,598.3,34,0.748,0.1197,normal,none,1.0,False,0.0,10,50,500,5000,8.43,6.13,1686794.0,-6.67,600.0,29.2,62.2,127.6,0.00099,none,0,0,0,500.0,0.01,met,VALID
2025-06-04 10:00:00,GOV-EMERG-001,central,status-page,865.0,30,1.081,0.173,normal,none,1.0,False,0.0,10,50,500,5000,10.86,7.72,1685994.0,-6.67,600.0,27.6,63.8,111.3,0.00071,none,0,0,0,500.0,0.01,met,IMPUTED_MISSING
2025-06-04 12:00:00,GOV-EMERG-001,central,portal-main,727.3,26,0.909,0.1455,normal,none,1.0,False,0.0,10,50,500,5000,14.56,11.49,1685194.0,-6.67,600.0,26.0,62.6,140.0,0.00101,none,0,0,0,500.0,0.01,met,VALID
2025-06-04 14:00:00,GOV-EMERG-001,central,portal-main,823.0,41,1.029,0.1646,normal,none,1.0,False,0.0,10,50,500,5000,13.75,7.17,1684394.0,-6.67,600.0,23.4,51.9,129.0,0.00083,none,0,0,0,500.0,0.01,met,IMPUTED_MISSING
2025-06-04 16:00:00,GOV-EMERG-001,central,api-data,674.8,33,0.843,0.135,normal,none,1.0,False,0.0,10,50,500,5000,14.95,13.38,1683594.0,-6.67,600.0,29.2,63.3,159.6,0.00071,none,0,0,0,500.0,0.01,met,VALID
2025-06-04 18:00:00,GOV-EMERG-001,central,portal-main,533.7,29,0.667,0.1067,normal,none,1.0,False,0.0,10,50,500,5000,9.05,12.14,1682794.0,-6.67,600.0,32.3,68.7,175.9,0.00089,none,0,0,0,500.0,0.01,met,VALID
2025-06-04 20:00:00,GOV-EMERG-001,central,portal-main,365.7,18,0.457,0.0731,normal,none,1.0,False,0.0,10,50,500,5000,10.62,8.02,1681994.0,-6.67,600.0,29.8,66.1,166.9,0.00097,none,0,0,0,500.0,0.01,met,VALID
2025-06-04 22:00:00,GOV-EMERG-001,central,portal-main,224.7,12,0.281,0.0449,normal,none,1.0,False,0.0,10,50,500,5000,5.45,7.96,1681194.0,-6.67,600.0,32.1,69.0,158.8,0.00128,none,0,0,0,500.0,0.01,met,VALID
2025-06-05 00:00:00,GOV-EMERG-001,central,portal-main,120.8,5,0.151,0.0242,normal,none,1.0,False,0.0,10,50,500,5000,5.25,10.44,1680394.0,-6.67,600.0,22.9,56.3,107.6,0.00117,none,0,0,0,500.0,0.01,met,VALID
2025-06-05 02:00:00,GOV-EMERG-001,central,portal-main,91.95,4,0.115,0.0184,normal,none,1.0,False,0.0,10,50,500,5000,3.68,4.0,1679594.0,-6.67,600.0,28.8,68.7,159.7,0.00184,none,0,0,0,500.0,0.01,met,IMPUTED_MISSING
2025-06-05 04:00:00,GOV-EMERG-001,central,api-data,63.1,2,0.079,0.0126,normal,none,1.0,False,0.0,10,50,500,5000,4.14,4.0,1678794.0,-6.67,600.0,20.9,45.4,111.5,0.00106,none,0,0,0,500.0,0.01,met,VALID
2025-06-05 06:00:00,GOV-EMERG-001,central,portal-main,197.6,11,0.247,0.0395,normal,none,1.0,False,0.0,10,50,500,5000,2.64,4.0,1677994.0,-6.67,600.0,28.9,74.9,127.0,0.00073,none,0,0,0,500.0,0.01,met,VALID
2025-06-05 08:00:00,GOV-EMERG-001,central,api-data,607.8,21,0.76,0.1216,normal,none,1.0,False,0.0,10,50,500,5000,6.68,4.0,1677194.0,-6.67,600.0,35.0,83.6,170.7,0.00093,none,0,0,0,500.0,0.01,met,VALID
2025-06-05 10:00:00,GOV-EMERG-001,central,api-data,908.4,48,1.136,0.1817,normal,none,1.0,False,0.0,10,50,500,5000,19.95,18.11,1676394.0,-6.67,600.0,32.5,67.9,142.0,0.00123,none,0,0,0,500.0,0.01,met,VALID
2025-06-05 12:00:00,GOV-EMERG-001,central,portal-main,676.6,26,0.846,0.1353,normal,none,1.0,False,0.0,10,50,500,5000,12.67,9.96,1675594.0,-6.67,600.0,35.6,88.8,197.6,0.0014,none,0,0,0,500.0,0.01,met,VALID
2025-06-05 14:00:00,GOV-EMERG-001,central,portal-main,749.6,35,0.937,0.1499,normal,none,1.0,False,0.0,10,50,500,5000,12.88,16.8,1674794.0,-6.67,600.0,27.0,66.2,121.4,0.00154,none,0,0,0,500.0,0.01,met,VALID
2025-06-05 16:00:00,GOV-EMERG-001,central,portal-main,647.5,37,0.809,0.1295,normal,none,1.0,False,0.0,10,50,500,5000,9.94,6.21,1673994.0,-6.67,600.0,28.2,64.8,147.8,0.00059,none,0,0,0,500.0,0.01,met,VALID
2025-06-05 18:00:00,GOV-EMERG-001,central,status-page,517.3,27,0.647,0.1035,normal,none,1.0,False,0.0,10,50,500,5000,9.75,4.0,1673194.0,-6.67,600.0,24.2,51.8,132.5,0.00151,none,0,0,0,500.0,0.01,met,VALID
2025-06-05 20:00:00,GOV-EMERG-001,central,api-data,376.1,14,0.47,0.0752,normal,none,1.0,False,0.0,10,50,500,5000,5.67,4.0,1672394.0,-6.67,600.0,27.2,67.6,162.6,0.00098,none,0,0,0,500.0,0.01,met,VALID
2025-06-05 22:00:00,GOV-EMERG-001,central,portal-main,230.6,10,0.288,0.0461,normal,none,1.0,False,0.0,10,50,500,5000,6.08,4.0,1671594.0,-6.67,600.0,27.3,56.6,132.8,0.00063,none,0,0,0,500.0,0.01,met,VALID
2025-06-06 00:00:00,GOV-EMERG-001,central,portal-main,115.0,4,0.144,0.023,normal,none,1.0,False,0.0,10,50,500,5000,4.15,4.0,1670794.0,-6.67,600.0,25.7,57.8,147.6,0.00092,none,0,0,0,500.0,0.01,met,VALID
2025-06-06 02:00:00,GOV-EMERG-001,central,portal-main,78.0,3,0.098,0.0156,normal,none,1.0,False,0.0,10,50,500,5000,3.82,4.0,1669994.0,-6.67,600.0,23.5,58.5,125.2,0.00148,none,0,0,0,500.0,0.01,met,VALID
2025-06-06 04:00:00,GOV-EMERG-001,central,portal-main,58.7,3,0.073,0.0117,normal,none,1.0,False,0.0,10,50,500,5000,1.0,4.0,1669194.0,-6.67,600.0,23.3,57.9,93.7,0.00118,none,0,0,0,500.0,0.01,met,VALID
2025-06-06 06:00:00,GOV-EMERG-001,central,status-page,187.7,10,0.235,0.0375,normal,none,1.0,False,0.0,10,50,500,5000,5.32,4.81,1668394.0,-6.67,600.0,27.4,65.0,130.8,0.00052,none,0,0,0,500.0,0.01,met,VALID
2025-06-06 08:00:00,GOV-EMERG-001,central,api-data,531.5,29,0.664,0.1063,normal,none,1.0,False,0.0,10,50,500,5000,11.14,7.29,1667594.0,-6.67,600.0,27.3,54.8,130.9,0.00052,none,0,0,0,500.0,0.01,met,VALID
2025-06-06 10:00:00,GOV-EMERG-001,central,portal-main,699.8,39,0.875,0.14,normal,none,1.0,False,0.0,10,50,500,5000,7.94,9.78,1666794.0,-6.67,600.0,24.5,53.8,103.7,0.00051,none,0,0,0,500.0,0.01,met,VALID
2025-06-06 12:00:00,GOV-EMERG-001,central,api-data,644.3,32,0.805,0.1289,normal,none,1.0,False,0.0,10,50,500,5000,13.3,7.19,1665994.0,-6.67,600.0,21.1,53.0,102.9,0.00071,none,0,0,0,500.0,0.01,met,VALID
2025-06-06 14:00:00,GOV-EMERG-001,central,portal-main,717.4,34,0.897,0.1435,normal,none,1.0,False,0.0,10,50,500,5000,9.28,8.88,1665194.0,-6.67,600.0,26.8,65.2,113.5,0.00103,none,0,0,0,500.0,0.01,met,VALID
2025-06-06 16:00:00,GOV-EMERG-001,central,api-data,670.7,28,0.838,0.1341,normal,none,1.0,False,0.0,10,50,500,5000,12.02,7.71,1664394.0,-6.67,600.0,23.3,58.0,132.4,0.00055,none,0,0,0,500.0,0.01,met,VALID
2025-06-06 18:00:00,GOV-EMERG-001,central,portal-main,500.1,23,0.625,0.1,normal,none,1.0,False,0.0,10,50,500,5000,3.42,4.0,1663594.0,-6.67,600.0,24.4,49.8,115.4,0.00083,none,0,0,0,500.0,0.01,met,VALID
2025-06-06 20:00:00,GOV-EMERG-001,central,portal-main,352.4,14,0.44,0.0705,normal,none,1.0,False,0.0,10,50,500,5000,2.72,4.0,1662794.0,-6.67,600.0,25.2,64.6,110.0,0.00156,none,0,0,0,500.0,0.01,met,VALID
2025-06-06 22:00:00,GOV-EMERG-001,central,status-page,193.2,8,0.242,0.0386,normal,none,1.0,False,0.0,10,50,500,5000,3.75,4.37,1661994.0,-6.67,600.0,25.4,54.3,132.3,0.00165,none,0,0,0,500.0,0.01,met,IMPUTED_MISSING
2025-06-07 00:00:00,GOV-EMERG-001,central,portal-main,88.9,5,0.111,0.0178,normal,none,1.0,False,0.0,10,50,500,5000,1.0,4.0,1661194.0,-6.67,600.0,22.8,50.1,130.2,0.00162,none,0,0,0,500.0,0.01,met,VALID
2025-06-07 02:00:00,GOV-EMERG-001,central,api-data,66.5,3,0.083,0.0133,normal,none,1.0,False,0.0,10,50,500,5000,4.25,4.16,1660394.0,-6.67,600.0,34.1,85.4,200.2,0.00028,none,0,0,0,500.0,0.01,met,IMPUTED_MISSING
2025-06-07 04:00:00,GOV-EMERG-001,central,status-page,44.1,3,0.055,0.0088,normal,none,1.0,False,0.0,10,50,500,5000,1.0,4.0,1659594.0,-6.67,600.0,20.2,45.3,116.8,0.00167,none,0,0,0,500.0,0.01,met,VALID
2025-06-07 06:00:00,GOV-EMERG-001,central,portal-main,169.8,7,0.212,0.034,normal,none,1.0,False,0.0,10,50,500,5000,1.0,4.0,1658794.0,-6.67,600.0,30.7,73.3,177.1,0.00104,none,0,0,0,500.0,0.01,met,VALID
2025-06-07 08:00:00,GOV-EMERG-001,central,portal-main,407.2,20,0.509,0.0814,normal,none,1.0,False,0.0,10,50,500,5000,6.67,4.0,1657994.0,-6.67,600.0,26.6,61.9,124.8,0.00103,none,0,0,0,500.0,0.01,met,VALID
2025-06-07 10:00:00,GOV-EMERG-001,central,api-data,667.0,25,0.834,0.1334,normal,none,1.0,False,0.0,10,50,500,5000,9.77,6.37,1657194.0,-6.67,600.0,26.2,66.1,131.4,0.00141,none,0,0,0,500.0,0.01,met,VALID
2025-06-07 12:00:00,GOV-EMERG-001,central,portal-main,550.4,26,0.688,0.1101,normal,none,1.0,False,0.0,10,50,500,5000,8.0,4.83,1656394.0,-6.67,600.0,30.4,63.7,144.4,0.00128,none,0,0,0,500.0,0.01,met,VALID
2025-06-07 14:00:00,GOV-EMERG-001,central,portal-main,673.6,32,0.842,0.1347,normal,none,1.0,False,0.0,10,50,500,5000,13.45,13.25,1655594.0,-6.67,600.0,27.1,55.7,158.3,0.00025,none,0,0,0,500.0,0.01,met,VALID
2025-06-07 16:00:00,GOV-EMERG-001,central,portal-main,625.6,36,0.782,0.1251,normal,none,1.0,False,0.0,10,50,500,5000,13.09,12.71,1654794.0,-6.67,600.0,25.3,60.3,106.1,0.00076,none,0,0,0,500.0,0.01,met,VALID
2025-06-07 18:00:00,GOV-EMERG-001,central,api-data,368.7,17,0.461,0.0737,normal,none,1.0,False,0.0,10,50,500,5000,9.95,9.11,1653994.0,-6.67,600.0,34.1,85.6,174.5,0.00085,none,0,0,0,500.0,0.01,met,VALID
2025-06-07 20:00:00,GOV-EMERG-001,central,portal-main,298.0,14,0.372,0.0596,normal,none,1.0,False,0.0,10,50,500,5000,7.93,4.0,1653194.0,-6.67,600.0,17.8,45.5,80.0,0.00047,none,0,0,0,500.0,0.01,met,VALID
2025-06-07 22:00:00,GOV-EMERG-001,central,portal-main,163.0,8,0.204,0.0326,normal,none,1.0,False,0.0,10,50,500,5000,4.32,8.02,1652394.0,-6.67,600.0,24.9,55.7,141.7,0.0014,none,0,0,0,500.0,0.01,met,VALID
2025-06-08 00:00:00,GOV-EMERG-001,southeast,api-data,91.9,4,0.115,0.0184,disaster,critical,1.0,True,1680.0,10,50,500,5000,1.0,4.0,1651594.0,-6.67,600.0,26.2,64.0,122.7,0.00158,none,0,0,0,500.0,0.01,met,VALID
2025-06-08 00:30:00,GOV-EMERG-001,southeast,portal-main,1277.2,57,1.596,0.2554,disaster,critical,1.0,True,1680.0,10,50,500,5000,21.31,12.42,1651394.0,-6.67,600.0,39.2,87.6,224.6,0.001,none,0,0,0,500.0,0.01,met,VALID
2025-06-08 01:00:00,GOV-EMERG-001,southeast,api-data,1690.1,79,2.113,0.338,disaster,critical,1.0,True,1680.0,10,50,500,5000,27.97,16.55,1651194.0,-6.67,600.0,36.2,79.3,211.8,0.00112,none,0,0,0,500.0,0.01,met,VALID
2025-06-08 01:30:00,GOV-EMERG-001,southeast,portal-main,793.7,40,0.992,0.1587,disaster,critical,1.0,True,1680.0,10,50,500,5000,13.93,6.47,1650994.0,-6.67,600.0,40.4,81.3,175.3,0.001,none,0,0,0,500.0,0.01,met,VALID
2025-06-08 02:00:00,GOV-EMERG-001,southeast,status-page,901.5,49,1.127,0.1803,disaster,critical,1.0,True,1680.0,10,50,500,5000,14.55,11.26,1650794.0,-6.67,600.0,33.5,72.1,184.7,0.00104,none,0,0,0,500.0,0.01,met,VALID
2025-06-08 02:30:00,GOV-EMERG-001,southeast,api-data,969.3,47,1.212,0.1939,disaster,critical,1.0,True,1680.0,10,50,500,5000,19.14,12.2,1650594.0,-6.67,600.0,21.5,45.3,101.3,0.00145,none,0,0,0,500.0,0.01,met,VALID
2025-06-08 03:00:00,GOV-EMERG-001,southeast,portal-main,1192.5,57,1.491,0.2385,disaster,critical,1.0,True,1680.0,10,50,500,5000,21.43,11.74,1650394.0,-6.67,600.0,27.0,58.4,129.9,0.00029,none,0,0,0,500.0,0.01,met,VALID
2025-06-08 03:30:00,GOV-EMERG-001,southeast,api-data,894.3,32,1.118,0.1789,disaster,critical,1.0,True,1680.0,10,50,500,5000,14.35,10.4,1650194.0,-6.67,600.0,31.4,68.2,142.8,0.00119,none,0,0,0,500.0,0.01,met,VALID
2025-06-08 04:00:00,GOV-EMERG-001,southeast,portal-main,884.8,48,1.106,0.177,disaster,critical,1.0,True,1680.0,10,50,500,5000,17.13,13.17,1649994.0,-6.67,600.0,25.8,64.9,135.0,0.001,none,0,0,0,500.0,0.01,met,VALID
2025-06-08 04:30:00,GOV-EMERG-001,southeast,portal-main,1169.8,52,1.462,0.234,disaster,critical,1.0,True,1680.0,10,50,500,5000,17.61,18.54,1649794.0,-6.67,600.0,34.8,73.9,163.2,0.00071,none,0,0,0,500.0,0.01,met,VALID
2025-06-08 05:00:00,GOV-EMERG-001,southeast,portal-main,1053.0,59,1.316,0.2106,disaster,critical,1.0,True,1680.0,10,50,500,5000,14.76,10.67,1649594.0,-6.67,600.0,29.9,74.4,163.6,0.0008,none,0,0,0,500.0,0.01,met,VALID
2025-06-08 05:30:00,GOV-EMERG-001,southeast,api-data,1995.5,122,2.494,0.3991,disaster,critical,1.0,True,1680.0,10,50,500,5000,33.4,26.42,1649394.0,-6.67,600.0,36.8,92.6,204.6,0.00173,none,0,0,0,500.0,0.01,met,VALID
2025-06-08 06:00:00,GOV-EMERG-001,southeast,portal-main,2239.9,108,2.8,0.448,disaster,critical,1.0,True,1680.0,10,50,500,5000,34.79,28.61,1649194.0,-6.67,600.0,41.4,94.4,198.5,0.00047,none,0,0,0,500.0,0.01,met,VALID
2025-06-08 06:30:00,GOV-EMERG-001,southeast,portal-main,2793.8,116,3.492,0.5588,disaster,critical,1.0,True,1680.0,10,50,500,5000,65.965,28.2,1648994.0,-6.67,600.0,60.1,146.3,240.9,0.00093,none,0,0,0,500.0,0.01,met,IMPUTED_MISSING
2025-06-08 07:00:00,GOV-EMERG-001,southeast,portal-main,5189.3,259,6.487,1.0379,disaster,critical,1.0,True,1680.0,10,50,500,5000,97.14,71.29,1654473.1,182.64,600.0,1556.3,3410.1,6430.8,0.00463,scale_out,4,0,1800,500.0,0.01,breached,VALID
2025-06-08 07:30:00,GOV-EMERG-001,southeast,portal-main,4984.5,264,6.231,0.7121,disaster,critical,1.0,True,1680.0,14,50,500,7000,96.625,36.55,1654193.1,-9.33,600.0,91.0,183.0,413.9,0.00049,none,0,0,0,500.0,0.01,met,IMPUTED_MISSING
2025-06-08 08:00:00,GOV-EMERG-001,southeast,portal-main,8605.0,408,10.756,1.2293,disaster,critical,1.0,True,1680.0,14,50,500,7000,96.11,65.04,1702062.4,1595.64,600.0,2267.0,5499.2,13392.7,0.01963,scale_out,8,0,1800,500.0,0.01,breached,VALID
2025-06-08 08:30:00,GOV-EMERG-001,southeast,portal-main,6675.6,302,8.344,0.6069,disaster,critical,1.0,True,1680.0,22,50,500,11000,49.72,37.05,1701622.4,-14.67,600.0,62.3,147.2,298.1,0.00102,none,0,0,0,500.0,0.01,met,VALID
2025-06-08 09:00:00,GOV-EMERG-001,southeast,portal-main,10099.3,552,12.624,0.9181,disaster,critical,1.0,True,1680.0,22,50,500,11000,85.21,49.21,1701182.4,-14.67,600.0,299.6,682.2,1644.5,0.00352,scale_out,5,0,5400,500.0,0.01,met,VALID
2025-06-08 09:30:00,GOV-EMERG-001,southeast,portal-main,9166.5,496,11.458,0.8333,disaster,critical,1.0,True,1680.0,22,50,500,11000,69.24,46.01,1700742.4,-14.67,600.0,152.2,386.5,893.7,0.00097,none,0,0,0,500.0,0.01,met,VALID
2025-06-08 10:00:00,GOV-EMERG-001,southeast,portal-main,13500.2,636,16.875,1.2273,disaster,critical,1.0,True,1680.0,22,50,500,11000,97.06,49.675,1775309.8,2485.58,600.0,2322.1,5657.5,10875.3,0.01774,none,0,0,0,500.0,0.01,breached,IMPUTED_MISSING
2025-06-08 10:30:00,GOV-EMERG-001,southeast,portal-main,11870.5,430,14.838,0.8793,disaster,critical,1.0,True,1680.0,27,50,500,13500,81.57,53.34,1774769.8,-18.0,600.0,201.1,453.5,1030.0,0.0,scale_out,5,0,3600,500.0,0.01,met,VALID
2025-06-08 11:00:00,GOV-EMERG-001,southeast,api-data,12544.6,675,15.681,0.9292,disaster,critical,1.0,True,1680.0,27,50,500,13500,88.56,59.37,1774229.8,-18.0,600.0,360.7,733.0,2057.9,0.000625,none,0,0,0,500.0,0.01,met,IMPUTED_MISSING
2025-06-08 11:30:00,GOV-EMERG-001,southeast,portal-main,8460.7,369,10.576,0.5288,disaster,critical,1.0,True,1680.0,32,50,500,16000,41.6,20.37,1773589.8,-21.33,600.0,49.5,125.1,259.0,0.00125,none,0,0,0,500.0,0.01,met,VALID
2025-06-08 12:00:00,GOV-EMERG-001,southeast,portal-main,9541.1,494,11.926,0.5963,disaster,critical,1.0,True,1680.0,32,50,500,16000,49.18,28.7,1772949.8,-21.33,600.0,56.0,145.2,236.7,0.00137,none,0,0,0,500.0,0.01,met,VALID
2025-06-08 12:30:00,GOV-EMERG-001,southeast,portal-main,7998.1,410,9.998,0.4999,disaster,critical,1.0,True,1680.0,32,50,500,16000,39.85,25.96,1772309.8,-21.33,600.0,51.1,121.7,283.2,0.00041,none,0,0,0,500.0,0.01,met,VALID
2025-06-08 13:00:00,GOV-EMERG-001,southeast,portal-main,8830.4,303,11.038,0.5519,disaster,critical,1.0,True,1680.0,32,50,500,16000,42.24,31.45,1771669.8,-21.33,600.0,55.5,136.6,322.5,0.00141,none,0,0,0,500.0,0.01,met,VALID
2025-06-08 13:30:00,GOV-EMERG-001,southeast,portal-main,10974.7,489,13.718,0.6859,disaster,critical,1.0,True,1680.0,32,50,500,16000,48.54,27.1,1771029.8,-21.33,600.0,69.0,158.9,382.1,0.0009,none,0,0,0,500.0,0.01,met,IMPUTED_MISSING
2025-06-08 14:00:00,GOV-EMERG-001,southeast,api-data,13119.0,712,16.399,0.8199,disaster,critical,1.0,True,1680.0,32,50,500,16000,69.29,50.49,1770389.8,-21.33,600.0,137.3,294.1,755.8,0.00105,none,0,0,0,500.0,0.01,met,IMPUTED_MISSING
2025-06-08 14:30:00,GOV-EMERG-001,southeast,portal-main,10468.3,579,13.085,0.6543,disaster,critical,1.0,True,1680.0,32,50,500,16000,55.16,29.47,1769749.8,-21.33,600.0,70.8,180.4,390.4,0.0012,none,0,0,0,500.0,0.01,met,VALID
2025-06-08 15:00:00,GOV-EMERG-001,southeast,portal-main,9989.1,509,12.486,0.6243,disaster,critical,1.0,True,1680.0,32,50,500,16000,50.72,24.52,1769109.8,-21.33,600.0,67.9,163.8,354.7,0.00174,none,0,0,0,500.0,0.01,met,VALID
2025-06-08 15:30:00,GOV-EMERG-001,southeast,portal-main,7755.0,260,9.694,0.4847,disaster,critical,1.0,True,1680.0,32,50,500,16000,39.9,30.98,1768469.8,-21.33,600.0,49.3,114.9,221.7,0.001,none,0,0,0,500.0,0.01,met,VALID
2025-06-08 16:00:00,GOV-EMERG-001,southeast,portal-main,8316.9,504,10.396,0.5198,disaster,critical,1.0,True,1680.0,32,50,500,16000,43.93,32.48,1767829.8,-21.33,600.0,53.0,127.6,308.4,0.00084,none,0,0,0,500.0,0.01,met,VALID
2025-06-08 16:30:00,GOV-EMERG-001,southeast,portal-main,7295.0,390,9.119,0.4559,disaster,critical,1.0,True,1680.0,32,50,500,16000,34.88,24.48,1767189.8,-21.33,600.0,47.0,108.5,200.3,0.00079,none,0,0,0,500.0,0.01,met,VALID
2025-06-08 17:00:00,GOV-EMERG-001,southeast,portal-main,6493.4,260,8.117,0.4058,disaster,critical,1.0,True,1680.0,32,50,500,16000,33.89,23.27,1766549.8,-21.33,600.0,42.7,87.0,241.6,0.00059,none,0,0,0,500.0,0.01,met,IMPUTED_MISSING
2025-06-08 17:30:00,GOV-EMERG-001,southeast,portal-main,6039.2,262,7.549,0.3774,disaster,critical,1.0,True,1680.0,32,50,500,16000,31.57,19.06,1765909.8,-21.33,600.0,38.5,92.2,181.6,0.00132,none,0,0,0,500.0,0.01,met,VALID
2025-06-08 18:00:00,GOV-EMERG-001,southeast,portal-main,5794.4,301,7.243,0.3621,disaster,critical,1.0,True,1680.0,32,50,500,16000,27.67,11.6,1765269.8,-21.33,600.0,42.5,85.2,227.4,0.00132,scale_in,0,16,1800,500.0,0.01,met,IMPUTED_MISSING
2025-06-08 18:30:00,GOV-EMERG-001,southeast,api-data,5197.2,289,6.496,0.6496,disaster,critical,1.0,True,1680.0,16,50,500,8000,54.31,37.99,1764949.8,-10.67,600.0,69.9,149.1,392.3,0.00132,none,0,0,0,500.0,0.01,met,VALID
2025-06-08 19:00:00,GOV-EMERG-001,southeast,status-page,5604.8,257,7.006,0.7006,disaster,critical,1.0,True,1680.0,16,50,500,8000,51.0,33.44,1764629.8,-10.67,600.0,86.7,181.6,485.4,0.00091,none,0,0,0,500.0,0.01,met,VALID
2025-06-08 19:30:00,GOV-EMERG-001,southeast,portal-main,4649.6,264,5.812,0.5812,disaster,critical,1.0,True,1680.0,16,50,500,8000,44.91,27.57,1764309.8,-10.67,600.0,65.2,143.8,282.0,0.00029,none,0,0,0,500.0,0.01,met,VALID
2025-06-08 20:00:00,GOV-EMERG-001,southeast,portal-main,3585.5,126,4.482,0.4482,disaster,critical,1.0,True,1680.0,16,50,500,8000,35.08,16.22,1763989.8,-10.67,600.0,42.6,108.4,222.4,0.0016,none,0,0,0,500.0,0.01,met,VALID
2025-06-08 20:30:00,GOV-EMERG-001,southeast,api-data,2542.7,105,3.178,0.3178,disaster,critical,1.0,True,1680.0,16,50,500,8000,24.4,15.32,1763669.8,-10.67,600.0,46.3,94.7,204.9,0.0,scale_in,0,6,1800,500.0,0.01,met,VALID
2025-06-08 21:00:00,GOV-EMERG-001,southeast,portal-main,2042.9,67,2.554,0.4086,disaster,critical,1.0,True,1680.0,10,50,500,5000,34.92,21.61,1763469.8,-6.67,600.0,39.4,87.3,166.5,0.00097,none,0,0,0,500.0,0.01,met,VALID
2025-06-08 21:30:00,GOV-EMERG-001,southeast,api-data,1904.3,81,2.38,0.3809,disaster,critical,1.0,True,1680.0,10,50,500,5000,33.27,18.28,1763269.8,-6.67,600.0,37.6,92.2,188.8,0.00109,none,0,0,0,500.0,0.01,met,VALID
2025-06-08 22:00:00,GOV-EMERG-001,southeast,portal-main,1711.8,107,2.14,0.3424,disaster,critical,1.0,True,1680.0,10,50,500,5000,26.77,10.03,1763069.8,-6.67,600.0,40.2,101.2,240.1,8e-05,none,0,0,0,500.0,0.01,met,VALID
2025-06-08 22:30:00,GOV-EMERG-001,southeast,status-page,1285.8,86,1.607,0.2572,disaster,critical,1.0,True,1680.0,10,50,500,5000,19.72,14.34,1762869.8,-6.67,600.0,35.4,86.5,211.2,0.00118,none,0,0,0,500.0,0.01,met,VALID
2025-06-08 23:00:00,GOV-EMERG-001,southeast,status-page,897.6,47,1.122,0.1795,disaster,critical,1.0,True,1680.0,10,50,500,5000,16.03,15.36,1762669.8,-6.67,600.0,30.8,79.3,158.3,0.00073,none,0,0,0,500.0,0.01,met,VALID
2025-06-08 23:30:00,GOV-EMERG-001,southeast,portal-main,767.9,34,0.96,0.1536,disaster,critical,1.0,True,1680.0,10,50,500,5000,9.94,9.65,1762469.8,-6.67,600.0,32.8,79.3,181.9,0.0009,none,0,0,0,500.0,0.01,met,VALID
2025-06-09 00:00:00,GOV-EMERG-001,southeast,portal-main,769.4,37,0.962,0.1539,disaster,critical,1.0,True,1680.0,10,50,500,5000,12.69,9.63,1762269.8,-6.67,600.0,30.6,74.8,137.5,0.00154,none,0,0,0,500.0,0.01,met,VALID
2025-06-09 00:30:00,GOV-EMERG-001,southeast,portal-main,633.7,34,0.792,0.1267,disaster,critical,1.0,True,1680.0,10,50,500,5000,9.3,4.0,1762069.8,-6.67,600.0,36.9,83.1,164.1,0.00106,none,0,0,0,500.0,0.01,met,VALID
2025-06-09 01:00:00,GOV-EMERG-001,southeast,portal-main,476.9,18,0.596,0.0954,disaster,critical,1.0,True,1680.0,10,50,500,5000,8.63,9.89,1761869.8,-6.67,600.0,27.4,59.8,148.4,0.00086,none,0,0,0,500.0,0.01,met,VALID
2025-06-09 01:30:00,GOV-EMERG-001,southeast,portal-main,300.8,14,0.376,0.0602,disaster,critical,1.0,True,1680.0,10,50,500,5000,4.21,6.88,1761669.8,-6.67,600.0,23.2,52.8,129.2,0.00093,none,0,0,0,500.0,0.01,met,VALID
2025-06-09 02:00:00,GOV-EMERG-001,southeast,status-page,264.2,16,0.33,0.0528,disaster,critical,1.0,True,1680.0,10,50,500,5000,6.8,4.0,1761469.8,-6.67,600.0,24.2,59.5,132.6,0.00171,none,0,0,0,500.0,0.01,met,VALID
2025-06-09 02:30:00,GOV-EMERG-001,southeast,portal-main,164.9,7,0.206,0.033,disaster,critical,1.0,True,1680.0,10,50,500,5000,1.0,4.0,1761269.8,-6.67,600.0,27.7,66.3,116.8,0.00116,none,0,0,0,500.0,0.01,met,VALID
2025-06-09 03:00:00,GOV-EMERG-001,southeast,portal-main,95.5,4,0.119,0.0191,disaster,critical,1.0,True,1680.0,10,50,500,5000,1.0,4.0,1761069.8,-6.67,600.0,27.4,67.6,129.3,0.00065,none,0,0,0,500.0,0.01,met,VALID
2025-06-09 03:30:00,GOV-EMERG-001,southeast,api-data,63.4,3,0.079,0.0127,disaster,critical,1.0,True,1680.0,10,50,500,5000,1.0,4.0,1760869.8,-6.67,600.0,26.1,62.1,106.9,0.0008,none,0,0,0,500.0,0.01,met,VALID
2025-06-09 04:00:00,GOV-EMERG-001,central,portal-main,65.3,3,0.082,0.0131,normal,none,1.0,False,0.0,10,50,500,5000,1.0,4.0,1760669.8,-6.67,600.0,21.9,53.5,122.2,0.00052,none,0,0,0,500.0,0.01,met,VALID
2025-06-09 06:00:00,GOV-EMERG-001,central,portal-main,183.6,8,0.229,0.0367,normal,none,1.0,False,0.0,10,50,500,5000,6.4,4.0,1759869.8,-6.67,600.0,30.4,63.6,140.5,0.00082,none,0,0,0,500.0,0.01,met,VALID
2025-06-09 08:00:00,GOV-EMERG-001,central,status-page,579.7,29,0.725,0.1159,normal,none,1.0,False,0.0,10,50,500,5000,9.08,7.45,1759069.8,-6.67,600.0,36.0,79.0,175.1,0.00164,none,0,0,0,500.0,0.01,met,VALID
2025-06-09 10:00:00,GOV-EMERG-001,central,portal-main,830.5,46,1.038,0.1661,normal,none,1.0,False,0.0,10,50,500,5000,17.44,11.8,1758269.8,-6.67,600.0,30.1,70.3,155.2,0.00093,none,0,0,0,500.0,0.01,met,VALID
2025-06-09 12:00:00,GOV-EMERG-001,central,portal-main,721.7,48,0.902,0.1443,normal,none,1.0,False,0.0,10,50,500,5000,9.74,10.38,1757469.8,-6.67,600.0,36.5,73.3,145.9,0.00047,none,0,0,0,500.0,0.01,met,VALID
2025-06-09 14:00:00,GOV-EMERG-001,central,portal-main,765.3,37,0.957,0.1531,normal,none,1.0,False,0.0,10,50,500,5000,11.55,6.54,1756669.8,-6.67,600.0,33.0,84.0,155.3,0.00117,none,0,0,0,500.0,0.01,met,VALID
2025-06-09 16:00:00,GOV-EMERG-001,central,status-page,646.7,32,0.808,0.1293,normal,none,1.0,False,0.0,10,50,500,5000,9.91,6.58,6.5,-6.67,600.0,37.6,80.6,205.0,0.00084,none,0,0,0,500.0,0.01,met,REPAIRED_NEGATIVE
2025-06-09 18:00:00,GOV-EMERG-001,central,portal-main,546.7,34,0.683,0.1093,normal,none,1.0,False,0.0,10,50,500,5000,10.23,4.0,1755069.8,-6.67,600.0,30.0,61.5,137.0,0.00122,none,0,0,0,500.0,0.01,met,VALID
2025-06-09 20:00:00,GOV-EMERG-001,central,portal-main,332.8,15,0.416,0.0666,normal,none,1.0,False,0.0,10,50,500,5000,7.28,6.47,1754269.8,-6.67,600.0,27.3,65.6,140.5,0.0009,none,0,0,0,500.0,0.01,met,VALID
2025-06-09 22:00:00,GOV-EMERG-001,central,portal-main,235.9,9,0.295,0.0472,normal,none,1.0,False,0.0,10,50,500,5000,1.35,4.0,1753469.8,-6.67,600.0,29.6,62.7,176.3,0.00158,none,0,0,0,500.0,0.01,met,VALID
2025-06-10 00:00:00,GOV-EMERG-001,central,portal-main,119.0,6,0.149,0.0238,normal,none,1.0,False,0.0,10,50,500,5000,2.18,5.31,1752669.8,-6.67,600.0,23.9,55.8,101.1,0.00064,none,0,0,0,500.0,0.01,met,VALID
2025-06-10 02:00:00,GOV-EMERG-001,central,status-page,79.6,5,0.099,0.0159,normal,none,1.0,False,0.0,10,50,500,5000,1.0,4.0,1751869.8,-6.67,600.0,27.0,58.1,122.6,0.00053,none,0,0,0,500.0,0.01,met,VALID
2025-06-10 04:00:00,GOV-EMERG-001,central,portal-main,58.5,3,0.073,0.0117,normal,none,1.0,False,0.0,10,50,500,5000,2.16,4.0,1751069.8,-6.67,600.0,30.6,64.3,164.4,0.00138,none,0,0,0,500.0,0.01,met,VALID
2025-06-10 06:00:00,GOV-EMERG-001,central,status-page,198.5,10,0.248,0.0397,normal,none,1.0,False,0.0,10,50,500,5000,6.99,4.0,1750269.8,-6.67,600.0,29.3,71.5,152.3,0.0002,none,0,0,0,500.0,0.01,met,VALID
2025-06-10 08:00:00,GOV-EMERG-001,central,portal-main,577.2,22,0.722,0.1154,normal,none,1.0,False,0.0,10,50,500,5000,13.33,9.51,1749469.8,-6.67,600.0,28.1,62.8,167.6,0.00093,none,0,0,0,500.0,0.01,met,VALID
2025-06-10 10:00:00,GOV-EMERG-001,central,portal-main,746.5,37,0.933,0.1493,normal,none,1.0,False,0.0,10,50,500,5000,15.32,11.25,1748669.8,-6.67,600.0,30.2,70.8,122.8,0.00132,none,0,0,0,500.0,0.01,met,VALID
2025-06-10 12:00:00,GOV-EMERG-001,central,api-data,738.0,44,0.922,0.1476,normal,none,1.0,False,0.0,10,50,500,5000,13.82,12.93,1747869.8,-6.67,600.0,32.4,68.9,186.3,0.00012,none,0,0,0,500.0,0.01,met,VALID
2025-06-10 14:00:00,GOV-EMERG-001,central,portal-main,803.6,32,1.004,0.1607,normal,none,1.0,False,0.0,10,50,500,5000,10.18,7.11,1747069.8,-6.67,600.0,32.7,76.2,162.7,0.00103,none,0,0,0,500.0,0.01,met,VALID
2025-06-10 16:00:00,GOV-EMERG-001,central,portal-main,658.1,32,0.823,0.1316,normal,none,1.0,False,0.0,10,50,500,5000,9.56,7.01,1746269.8,-6.67,600.0,31.8,71.6,141.6,0.0004,none,0,0,0,500.0,0.01,met,VALID
2025-06-10 18:00:00,GOV-EMERG-001,central,api-data,542.2,25,0.678,0.1084,normal,none,1.0,False,0.0,10,50,500,5000,13.34,9.17,1745469.8,-6.67,600.0,29.4,59.7,147.2,0.00026,none,0,0,0,500.0,0.01,met,VALID
2025-06-10 20:00:00,GOV-EMERG-001,central,portal-main,320.4,14,0.4,0.0641,normal,none,1.0,False,0.0,10,50,500,5000,6.34,6.4,1744669.8,-6.67,600.0,23.4,57.0,113.0,0.00057,none,0,0,0,500.0,0.01,met,VALID
2025-06-10 22:00:00,GOV-EMERG-001,central,portal-main,227.9,12,0.285,0.0456,normal,none,1.0,False,0.0,10,50,500,5000,1.66,4.0,1743869.8,-6.67,600.0,23.5,54.9,102.6,0.00093,none,0,0,0,500.0,0.01,met,VALID
2025-06-11 00:00:00,GOV-EMERG-001,central,status-page,129.7,7,0.162,0.0259,normal,none,1.0,False,0.0,10,50,500,5000,3.13,4.0,1743069.8,-6.67,600.0,27.5,70.3,122.1,0.00072,none,0,0,0,500.0,0.01,met,VALID
2025-06-11 02:00:00,GOV-EMERG-001,central,portal-main,85.8,5,0.107,0.0172,normal,none,1.0,False,0.0,10,50,500,5000,1.0,4.0,1742269.8,-6.67,600.0,28.8,71.5,131.6,0.00144,none,0,0,0,500.0,0.01,met,VALID
2025-06-11 04:00:00,GOV-EMERG-001,central,portal-main,65.2,3,0.082,0.013,normal,none,1.0,False,0.0,10,50,500,5000,2.9,4.0,1741469.8,-6.67,600.0,28.1,65.9,143.6,0.00103,none,0,0,0,500.0,0.01,met,VALID
2025-06-11 06:00:00,GOV-EMERG-001,central,portal-main,197.0,7,0.246,0.0394,normal,none,1.0,False,0.0,10,50,500,5000,3.12,4.02,1740669.8,-6.67,600.0,23.3,47.3,97.2,0.0008,none,0,0,0,500.0,0.01,met,VALID
2025-06-11 08:00:00,GOV-EMERG-001,central,portal-main,542.2,28,0.678,0.1084,normal,none,1.0,False,0.0,10,50,500,5000,9.85,4.14,1739869.8,-6.67,600.0,27.4,67.2,114.6,0.00048,none,0,0,0,500.0,0.01,met,VALID
2025-06-11 10:00:00,GOV-EMERG-001,central,portal-main,787.9,36,0.985,0.1576,normal,none,1.0,False,0.0,10,50,500,5000,15.59,13.95,1739069.8,-6.67,600.0,25.0,58.2,116.5,0.00109,none,0,0,0,500.0,0.01,met,VALID
2025-06-11 12:00:00,GOV-EMERG-001,central,api-data,739.6,48,0.924,0.1479,normal,none,1.0,False,0.0,10,50,500,5000,11.74,4.99,1738269.8,-6.67,600.0,23.8,59.5,128.7,0.00182,none,0,0,0,500.0,0.01,met,VALID
2025-06-11 14:00:00,GOV-EMERG-001,central,portal-main,767.7,50,0.96,0.1535,normal,none,1.0,False,0.0,10,50,500,5000,10.57,8.68,1737469.8,-6.67,600.0,29.9,70.1,177.9,0.00072,none,0,0,0,500.0,0.01,met,VALID
2025-06-11 16:00:00,GOV-EMERG-001,central,api-data,705.8,47,0.882,0.1412,normal,none,1.0,False,0.0,10,50,500,5000,11.0,6.34,1736669.8,-6.67,600.0,34.5,70.69999999999999,139.0,0.00077,none,0,0,0,500.0,0.01,met,IMPUTED_MISSING
2025-06-11 18:00:00,GOV-EMERG-001,central,portal-main,532.3499999999999,24,0.665,0.1065,normal,none,1.0,False,0.0,10,50,500,5000,6.79,4.0,1735869.8,-6.67,600.0,28.7,71.3,170.3,0.00058,none,0,0,0,500.0,0.01,met,IMPUTED_MISSING
2025-06-11 20:00:00,GOV-EMERG-001,central,portal-main,358.9,20,0.449,0.0718,normal,none,1.0,False,0.0,10,50,500,5000,3.95,7.48,1735069.8,-6.67,600.0,34.6,85.7,185.7,0.00147,none,0,0,0,500.0,0.01,met,VALID
2025-06-11 22:00:00,GOV-EMERG-001,central,portal-main,208.9,12,0.261,0.0418,normal,none,1.0,False,0.0,10,50,500,5000,1.0,4.0,1734269.8,-6.67,600.0,25.4,52.4,147.6,0.00137,none,0,0,0,500.0,0.01,met,VALID
2025-06-12 00:00:00,GOV-EMERG-001,central,api-data,111.9,6,0.14,0.0224,normal,none,1.0,False,0.0,10,50,500,5000,4.3,4.49,1733469.8,-6.67,600.0,25.7,61.9,130.4,0.00082,none,0,0,0,500.0,0.01,met,VALID
2025-06-12 02:00:00,GOV-EMERG-001,central,portal-main,83.1,4,0.104,0.0166,normal,none,1.0,False,0.0,10,50,500,5000,5.52,4.0,1732669.8,-6.67,600.0,21.5,49.7,105.7,0.00076,none,0,0,0,500.0,0.01,met,VALID
2025-06-12 04:00:00,GOV-EMERG-001,central,portal-main,63.8,4,0.08,0.0128,normal,none,1.0,False,0.0,10,50,500,5000,1.0,4.0,1731869.8,-6.67,600.0,23.9,56.3,133.3,0.00062,none,0,0,0,500.0,0.01,met,VALID
2025-06-12 06:00:00,GOV-EMERG-001,central,api-data,208.8,10,0.261,0.0418,normal,none,1.0,False,0.0,10,50,500,5000,8.11,10.49,1731069.8,-6.67,600.0,21.3,54.0,108.8,0.00088,none,0,0,0,500.0,0.01,met,VALID
2025-06-12 08:00:00,GOV-EMERG-001,central,portal-main,521.0,28,0.651,0.1042,normal,none,1.0,False,0.0,10,50,500,5000,14.15,7.27,1730269.8,-6.67,600.0,21.9,47.0,126.8,0.00141,none,0,0,0,500.0,0.01,met,IMPUTED_MISSING
2025-06-12 10:00:00,GOV-EMERG-001,central,portal-main,833.2,31,1.042,0.1666,normal,none,1.0,False,0.0,10,50,500,5000,18.43,13.18,1729469.8,-6.67,600.0,25.3,50.8,146.4,0.00102,none,0,0,0,500.0,0.01,met,VALID
2025-06-12 12:00:00,GOV-EMERG-001,central,status-page,714.3,40,0.893,0.1429,normal,none,1.0,False,0.0,10,50,500,5000,12.29,6.79,1728669.8,-6.67,600.0,29.5,62.7,149.3,0.00152,none,0,0,0,500.0,0.01,met,VALID
2025-06-12 14:00:00,GOV-EMERG-001,central,portal-main,770.7,37,0.963,0.1541,normal,none,1.0,False,0.0,10,50,500,5000,13.01,7.37,1727869.8,-6.67,600.0,26.6,67.8,137.0,0.00071,none,0,0,0,500.0,0.01,met,VALID
2025-06-12 16:00:00,GOV-EMERG-001,central,portal-main,666.4,36,0.833,0.1333,normal,none,1.0,False,0.0,10,50,500,5000,7.48,4.0,1727069.8,-6.67,600.0,26.8,57.1,131.9,7e-05,none,0,0,0,500.0,0.01,met,VALID
2025-06-12 18:00:00,GOV-EMERG-001,central,portal-main,488.9,25,0.611,0.0978,normal,none,1.0,False,0.0,10,50,500,5000,6.54,4.0,1726269.8,-6.67,600.0,29.3,70.6,157.9,0.00204,none,0,0,0,500.0,0.01,met,VALID
2025-06-12 20:00:00,GOV-EMERG-001,central,portal-main,395.8,20,0.495,0.0792,normal,none,1.0,False,0.0,10,50,500,5000,9.27,10.14,1725469.8,-6.67,600.0,21.0,51.8,112.4,0.00109,none,0,0,0,500.0,0.01,met,VALID
2025-06-12 22:00:00,GOV-EMERG-001,central,portal-main,222.9,11,0.279,0.0446,normal,none,1.0,False,0.0,10,50,500,5000,4.17,4.0,1724669.8,-6.67,600.0,26.5,65.9,140.4,0.00131,none,0,0,0,500.0,0.01,met,VALID
2025-06-13 00:00:00,GOV-EMERG-001,central,api-data,117.7,7,0.147,0.0235,normal,none,1.0,False,0.0,10,50,500,5000,1.0,4.0,1723869.8,-6.67,600.0,29.0,58.2,119.6,0.00068,none,0,0,0,500.0,0.01,met,VALID
2025-06-13 02:00:00,GOV-EMERG-001,central,portal-main,74.0,4,0.092,0.0148,normal,none,1.0,False,0.0,10,50,500,5000,3.69,4.0,1723069.8,-6.67,600.0,29.1,58.4,172.6,0.00045,none,0,0,0,500.0,0.01,met,VALID
2025-06-13 04:00:00,GOV-EMERG-001,central,api-data,57.6,2,0.072,0.0115,normal,none,1.0,False,0.0,10,50,500,5000,1.0,4.0,1722269.8,-6.67,600.0,27.4,70.9,127.8,0.00106,none,0,0,0,500.0,0.01,met,VALID
2025-06-13 06:00:00,GOV-EMERG-001,central,status-page,187.8,10,0.235,0.0376,normal,none,1.0,False,0.0,10,50,500,5000,1.14,4.0,1721469.8,-6.67,600.0,25.8,59.7,115.8,0.0002,none,0,0,0,500.0,0.01,met,VALID
2025-06-13 08:00:00,GOV-EMERG-001,central,portal-main,561.3,24,0.702,0.1123,normal,none,1.0,False,0.0,10,50,500,5000,7.33,8.16,1720669.8,-6.67,600.0,25.7,52.3,113.5,0.00089,none,0,0,0,500.0,0.01,met,VALID
2025-06-13 10:00:00,GOV-EMERG-001,central,api-data,740.2,29,0.925,0.148,normal,none,1.0,False,0.0,10,50,500,5000,9.51,7.3,1719869.8,-6.67,600.0,29.0,58.5,120.1,0.00141,none,0,0,0,500.0,0.01,met,VALID
2025-06-13 12:00:00,GOV-EMERG-001,central,api-data,654.2,27,0.818,0.1308,normal,none,1.0,False,0.0,10,50,500,5000,7.78,5.49,1719069.8,-6.67,600.0,35.4,88.0,173.8,0.00118,none,0,0,0,500.0,0.01,met,VALID
2025-06-13 14:00:00,GOV-EMERG-001,central,status-page,765.9,40,0.957,0.1532,normal,none,1.0,False,0.0,10,50,500,5000,12.97,9.49,1718269.8,-6.67,600.0,30.6,77.9,125.0,0.0011,none,0,0,0,500.0,0.01,met,VALID
2025-06-13 16:00:00,GOV-EMERG-001,central,portal-main,662.1,33,0.828,0.1324,normal,none,1.0,False,0.0,10,50,500,5000,12.45,6.52,1717469.8,-6.67,600.0,28.4,65.7,122.7,0.0017,none,0,0,0,500.0,0.01,met,VALID
2025-06-13 18:00:00,GOV-EMERG-001,central,portal-main,534.6,17,0.668,0.1069,normal,none,1.0,False,0.0,10,50,500,5000,7.4,5.64,1716669.8,-6.67,600.0,30.2,67.2,121.3,0.00115,none,0,0,0,500.0,0.01,met,VALID
2025-06-13 20:00:00,GOV-EMERG-001,central,portal-main,348.0,16,0.435,0.0696,normal,none,1.0,False,0.0,10,50,500,5000,5.95,4.0,1715869.8,-6.67,600.0,27.1,65.5,117.7,0.00024,none,0,0,0,500.0,0.01,met,VALID
2025-06-13 22:00:00,GOV-EMERG-001,central,portal-main,219.7,13,0.275,0.0439,normal,none,1.0,False,0.0,10,50,500,5000,4.59,4.0,1715069.8,-6.67,600.0,27.1,54.5,162.0,0.00094,none,0,0,0,500.0,0.01,met,VALID
2025-06-14 00:00:00,GOV-EMERG-001,central,portal-main,99.5,5,0.124,0.0199,normal,none,1.0,False,0.0,10,50,500,5000,5.9,4.0,1714269.8,-6.67,600.0,24.5,62.3,124.6,0.00177,none,0,0,0,500.0,0.01,met,VALID
2025-06-14 02:00:00,GOV-EMERG-001,central,portal-main,60.3,3,0.075,0.0121,normal,none,1.0,False,0.0,10,50,500,5000,1.0,4.0,1713469.8,-6.67,600.0,23.6,50.9,97.8,0.00088,none,0,0,0,500.0,0.01,met,VALID
2025-06-14 04:00:00,GOV-EMERG-001,central,portal-main,48.7,3,0.061,0.0097,normal,none,1.0,False,0.0,10,50,500,5000,1.22,4.8,1712669.8,-6.67,600.0,29.2,61.8,149.9,0.00175,none,0,0,0,500.0,0.01,met,VALID
2025-06-14 06:00:00,GOV-EMERG-001,central,status-page,151.3,9,0.189,0.0303,normal,none,1.0,False,0.0,10,50,500,5000,3.31,4.3,1711869.8,-6.67,600.0,18.0,39.3,93.5,0.00141,none,0,0,0,500.0,0.01,met,VALID
2025-06-14 08:00:00,GOV-EMERG-001,central,portal-main,418.2,24,0.523,0.0836,normal,none,1.0,False,0.0,10,50,500,5000,1.0,4.0,1711069.8,-6.67,600.0,29.2,59.5,148.8,0.00084,none,0,0,0,500.0,0.01,met,VALID
2025-06-14 10:00:00,GOV-EMERG-001,central,portal-main,665.5,18,0.832,0.1331,normal,none,1.0,False,0.0,10,50,500,5000,8.84,4.82,1710269.8,-6.67,600.0,26.9,60.2,125.8,0.00057,none,0,0,0,500.0,0.01,met,VALID
2025-06-14 12:00:00,GOV-EMERG-001,central,portal-main,584.4,38,0.73,0.1169,normal,none,1.0,False,0.0,10,50,500,5000,14.31,6.87,1709469.8,-6.67,600.0,20.7,50.2,109.9,0.00114,none,0,0,0,500.0,0.01,met,VALID
2025-06-14 14:00:00,GOV-EMERG-001,central,portal-main,642.5,36,0.803,0.1285,normal,none,1.0,False,0.0,10,50,500,5000,12.44,8.1,1708669.8,-6.67,600.0,24.8,58.1,106.2,0.00151,none,0,0,0,500.0,0.01,met,IMPUTED_MISSING
2025-06-14 16:00:00,GOV-EMERG-001,central,portal-main,473.5,33,0.592,0.0947,normal,none,1.0,False,0.0,10,50,500,5000,7.48,4.0,1707869.8,-6.67,600.0,27.5,66.0,121.9,0.00037,none,0,0,0,500.0,0.01,met,VALID
2025-06-14 18:00:00,GOV-EMERG-001,central,portal-main,458.8,20,0.574,0.0918,normal,none,1.0,False,0.0,10,50,500,5000,7.97,10.23,1707069.8,-6.67,600.0,27.9,59.4,167.3,0.00105,none,0,0,0,500.0,0.01,met,VALID
2025-06-14 20:00:00,GOV-EMERG-001,central,portal-main,275.1,10,0.344,0.055,normal,none,1.0,False,0.0,10,50,500,5000,4.01,4.0,1706269.8,-6.67,600.0,29.4,65.9,142.1,0.00018,none,0,0,0,500.0,0.01,met,VALID
2025-06-14 22:00:00,GOV-EMERG-001,central,portal-main,197.6,10,0.247,0.0395,normal,none,1.0,False,0.0,10,50,500,5000,6.91,4.0,1705469.8,-6.67,600.0,29.3,67.6,125.7,0.00086,none,0,0,0,500.0,0.01,met,VALID
2025-06-15 00:00:00,GOV-EMERG-001,central,portal-main,83.5,4,0.104,0.0167,normal,none,1.0,False,0.0,10,50,500,5000,1.0,4.0,1704669.8,-6.67,600.0,19.2,45.1,85.3,0.00034,none,0,0,0,500.0,0.01,met,VALID
2025-06-15 02:00:00,GOV-EMERG-001,central,portal-main,57.6,3,0.072,0.0115,normal,none,1.0,False,0.0,10,50,500,5000,1.0,4.0,1703869.8,-6.67,600.0,26.8,56.6,146.0,0.00122,none,0,0,0,500.0,0.01,met,VALID
2025-06-15 04:00:00,GOV-EMERG-001,central,portal-main,42.7,3,0.053,0.0085,normal,none,1.0,False,0.0,10,50,500,5000,4.19,4.0,1703069.8,-6.67,600.0,28.1,69.9,119.1,0.00072,none,0,0,0,500.0,0.01,met,VALID
2025-06-15 06:00:00,GOV-EMERG-001,central,portal-main,152.7,8,0.191,0.0305,normal,none,1.0,False,0.0,10,50,500,5000,5.37,4.0,1702269.8,-6.67,600.0,26.7,54.8,125.5,0.00146,none,0,0,0,500.0,0.01,met,VALID
2025-06-15 08:00:00,GOV-EMERG-001,central,portal-main,396.9,19,0.496,0.0794,normal,none,1.0,False,0.0,10,50,500,5000,6.85,4.0,1701469.8,-6.67,600.0,29.2,60.1,135.8,0.00078,none,0,0,0,500.0,0.01,met,VALID
2025-06-15 10:00:00,GOV-EMERG-001,central,portal-main,567.8,31,0.71,0.1136,normal,none,1.0,False,0.0,10,50,500,5000,8.66,6.68,1700669.8,-6.67,600.0,20.5,44.0,91.2,0.00075,none,0,0,0,500.0,0.01,met,VALID
2025-06-15 12:00:00,GOV-EMERG-001,central,portal-main,502.9,24,0.629,0.1006,normal,none,1.0,False,0.0,10,50,500,5000,11.21,7.85,1699869.8,-6.67,600.0,23.8,57.0,118.1,0.00035,none,0,0,0,500.0,0.01,met,VALID
2025-06-15 14:00:00,GOV-EMERG-001,central,api-data,623.3,29,0.779,0.1247,normal,none,1.0,False,0.0,10,50,500,5000,11.91,7.85,1699069.8,-6.67,600.0,34.0,69.6,143.6,0.00116,none,0,0,0,500.0,0.01,met,IMPUTED_MISSING
2025-06-15 16:00:00,GOV-EMERG-001,central,status-page,528.1,31,0.66,0.1056,normal,none,1.0,False,0.0,10,50,500,5000,10.65,8.16,1698269.8,-6.67,600.0,26.8,53.8,131.8,0.0012,none,0,0,0,500.0,0.01,met,IMPUTED_MISSING
2025-06-15 18:00:00,GOV-EMERG-001,central,status-page,425.3,26,0.532,0.0851,normal,none,1.0,False,0.0,10,50,500,5000,9.38,10.39,1697469.8,-6.67,600.0,36.2,82.7,147.2,0.00138,none,0,0,0,500.0,0.01,met,VALID
2025-06-15 20:00:00,GOV-EMERG-001,central,portal-main,260.7,15,0.326,0.0521,normal,none,1.0,False,0.0,10,50,500,5000,10.1,4.77,1696669.8,-6.67,600.0,21.3,46.9,126.3,0.00126,none,0,0,0,500.0,0.01,met,VALID
2025-06-15 22:00:00,GOV-EMERG-001,central,portal-main,169.8,8,0.212,0.034,normal,none,1.0,False,0.0,10,50,500,5000,4.06,4.67,1695869.8,-6.67,600.0,32.1,67.3,167.4,0.00116,none,0,0,0,500.0,0.01,met,VALID
2025-06-16 00:00:00,GOV-EMERG-001,central,portal-main,112.3,4,0.14,0.0225,normal,none,1.0,False,0.0,10,50,500,5000,5.58,8.33,1695069.8,-6.67,600.0,23.1,55.4,96.0,0.00124,none,0,0,0,500.0,0.01,met,VALID
2025-06-16 02:00:00,GOV-EMERG-001,central,api-data,78.7,4,0.098,0.0157,normal,none,1.0,False,0.0,10,50,500,5000,5.92,5.61,1694269.8,-6.67,600.0,28.8,68.8,126.4,0.00128,none,0,0,0,500.0,0.01,met,VALID
2025-06-16 04:00:00,GOV-EMERG-001,central,api-data,62.3,3,0.078,0.0125,normal,none,1.0,False,0.0,10,50,500,5000,1.0,4.0,1693469.8,-6.67,600.0,24.1,50.0,132.1,0.00136,none,0,0,0,500.0,0.01,met,VALID
2025-06-16 06:00:00,GOV-EMERG-001,central,api-data,204.6,10,0.256,0.0409,normal,none,1.0,False,0.0,10,50,500,5000,4.94,5.22,1692669.8,-6.67,600.0,26.5,56.7,144.9,0.00039,none,0,0,0,500.0,0.01,met,VALID
2025-06-16 08:00:00,GOV-EMERG-001,central,api-data,588.5,26,0.736,0.1177,normal,none,1.0,False,0.0,10,50,500,5000,11.9,4.0,1691869.8,-6.67,600.0,30.7,68.2,145.3,0.00082,none,0,0,0,500.0,0.01,met,VALID
2025-06-16 10:00:00,GOV-EMERG-001,central,portal-main,839.6,42,1.05,0.1679,normal,none,1.0,False,0.0,10,50,500,5000,15.85,11.03,1691069.8,-6.67,600.0,27.6,71.6,118.6,0.00035,none,0,0,0,500.0,0.01,met,VALID
2025-06-16 12:00:00,GOV-EMERG-001,central,api-data,689.7,29,0.862,0.1379,normal,none,1.0,False,0.0,10,50,500,5000,15.06,9.05,1690269.8,-6.67,600.0,32.2,79.3,163.3,0.00113,none,0,0,0,500.0,0.01,met,VALID
2025-06-16 14:00:00,GOV-EMERG-001,central,api-data,839.9,33,1.05,0.168,normal,none,1.0,False,0.0,10,50,500,5000,12.17,13.22,1689469.8,-6.67,600.0,29.0,63.8,132.0,0.00165,none,0,0,0,500.0,0.01,met,VALID
2025-06-16 16:00:00,GOV-EMERG-001,central,portal-main,678.5,41,0.848,0.1357,normal,none,1.0,False,0.0,10,50,500,5000,10.88,10.195,1688669.8,-6.67,600.0,29.6,76.4,124.3,0.00136,none,0,0,0,500.0,0.01,met,IMPUTED_MISSING
2025-06-16 18:00:00,GOV-EMERG-001,central,status-page,511.6,29,0.64,0.1023,normal,none,1.0,False,0.0,10,50,500,5000,8.31,7.17,1687869.8,-6.67,600.0,17.3,39.3,81.0,0.00076,none,0,0,0,500.0,0.01,met,IMPUTED_MISSING
2025-06-16 20:00:00,GOV-EMERG-001,central,portal-main,347.2,17,0.434,0.0694,normal,none,1.0,False,0.0,10,50,500,5000,3.59,8.89,1687069.8,-6.67,600.0,25.5,56.9,140.4,0.0012,none,0,0,0,500.0,0.01,met,VALID
2025-06-16 22:00:00,GOV-EMERG-001,central,status-page,217.7,13,0.272,0.0435,normal,none,1.0,False,0.0,10,50,500,5000,2.32,4.0,1686269.8,-6.67,600.0,31.2,80.1,146.9,0.00114,none,0,0,0,500.0,0.01,met,VALID
2025-06-17 00:00:00,GOV-EMERG-001,central,api-data,130.5,8,0.163,0.0261,normal,none,1.0,False,0.0,10,50,500,5000,1.73,6.41,1685469.8,-6.67,600.0,28.4,69.5,116.1,0.00109,none,0,0,0,500.0,0.01,met,VALID
2025-06-17 02:00:00,GOV-EMERG-001,central,portal-main,81.2,5,0.102,0.0162,normal,none,1.0,False,0.0,10,50,500,5000,2.72,6.46,1684669.8,-6.67,600.0,29.0,67.4,122.8,0.00048,none,0,0,0,500.0,0.01,met,VALID
2025-06-17 04:00:00,GOV-EMERG-001,central,api-data,64.6,3,0.081,0.0129,normal,none,1.0,False,0.0,10,50,500,5000,1.0,5.9,1683869.8,-6.67,600.0,25.5,60.3,132.6,0.00153,none,0,0,0,500.0,0.01,met,VALID
2025-06-17 06:00:00,GOV-EMERG-001,central,portal-main,197.4,11,0.247,0.0395,normal,none,1.0,False,0.0,10,50,500,5000,3.58,4.0,1683069.8,-6.67,600.0,32.7,84.6,165.1,0.00053,none,0,0,0,500.0,0.01,met,VALID
2025-06-17 08:00:00,GOV-EMERG-001,central,api-data,628.5,39,0.786,0.1257,normal,none,1.0,False,0.0,10,50,500,5000,11.28,6.59,1682269.8,-6.67,600.0,29.7,62.2,159.1,0.00085,none,0,0,0,500.0,0.01,met,VALID
2025-06-17 10:00:00,GOV-EMERG-001,central,api-data,852.2,46,1.065,0.1704,normal,none,1.0,False,0.0,10,50,500,5000,12.36,6.58,1681469.8,-6.67,600.0,27.5,60.7,141.4,0.00138,none,0,0,0,500.0,0.01,met,VALID
2025-06-17 12:00:00,GOV-EMERG-001,central,portal-main,694.0,24,0.868,0.1388,normal,none,1.0,False,0.0,10,50,500,5000,5.65,5.52,1680669.8,-6.67,600.0,32.4,73.1,162.1,0.00085,none,0,0,0,500.0,0.01,met,VALID
2025-06-17 14:00:00,GOV-EMERG-001,central,api-data,789.1,36,0.986,0.1578,normal,none,1.0,False,0.0,10,50,500,5000,13.81,10.03,1679869.8,-6.67,600.0,33.4,86.5,165.2,0.0009499999999999999,none,0,0,0,500.0,0.01,met,IMPUTED_MISSING
2025-06-17 16:00:00,GOV-EMERG-001,central,portal-main,672.7,38,0.841,0.1345,normal,none,1.0,False,0.0,10,50,500,5000,8.84,5.98,1679069.8,-6.67,600.0,31.4,64.4,186.0,0.00105,none,0,0,0,500.0,0.01,met,VALID
2025-06-17 18:00:00,GOV-EMERG-001,central,portal-main,523.8,23,0.655,0.1048,normal,none,1.0,False,0.0,10,50,500,5000,7.78,12.89,1678269.8,-6.67,600.0,26.3,54.4,150.6,0.00103,none,0,0,0,500.0,0.01,met,VALID
2025-06-17 20:00:00,GOV-EMERG-001,central,portal-main,347.4,22,0.434,0.0695,normal,none,1.0,False,0.0,10,50,500,5000,3.8,4.97,1677469.8,-6.67,600.0,28.0,63.3,133.4,0.00105,none,0,0,0,500.0,0.01,met,VALID
2025-06-17 22:00:00,GOV-EMERG-001,central,portal-main,228.9,11,0.286,0.0458,normal,none,1.0,False,0.0,10,50,500,5000,1.35,4.0,1676669.8,-6.67,600.0,31.8,66.8,168.6,0.00109,none,0,0,0,500.0,0.01,met,VALID
2025-06-18 00:00:00,GOV-EMERG-001,central,portal-main,128.7,7,0.161,0.0257,normal,none,1.0,False,0.0,10,50,500,5000,4.01,4.0,1675869.8,-6.67,600.0,27.6,66.5,111.4,0.00103,none,0,0,0,500.0,0.01,met,VALID
2025-06-18 02:00:00,GOV-EMERG-001,central,portal-main,74.7,4,0.093,0.0149,normal,none,1.0,False,0.0,10,50,500,5000,3.5,4.0,1675069.8,-6.67,600.0,19.5,43.1,78.7,0.00064,none,0,0,0,500.0,0.01,met,VALID
2025-06-18 04:00:00,GOV-EMERG-001,central,portal-main,60.4,3,0.076,0.0121,normal,none,1.0,False,0.0,10,50,500,5000,1.0,4.0,1674269.8,-6.67,600.0,22.8,57.2,105.7,0.00038,none,0,0,0,500.0,0.01,met,VALID
2025-06-18 06:00:00,GOV-EMERG-001,central,portal-main,195.2,10,0.244,0.039,normal,none,1.0,False,0.0,10,50,500,5000,5.19,4.0,1673469.8,-6.67,600.0,23.3,57.1,128.4,0.0014,none,0,0,0,500.0,0.01,met,VALID
2025-06-18 08:00:00,GOV-EMERG-001,central,api-data,547.8,31,0.685,0.1096,normal,none,1.0,False,0.0,10,50,500,5000,5.79,8.04,1672669.8,-6.67,600.0,25.1,57.2,146.6,0.00142,none,0,0,0,500.0,0.01,met,VALID
2025-06-18 10:00:00,GOV-EMERG-001,central,portal-main,879.9,33,1.1,0.176,normal,none,1.0,False,0.0,10,50,500,5000,13.63,6.0,1671869.8,-6.67,600.0,21.9,54.9,117.5,0.00113,none,0,0,0,500.0,0.01,met,VALID
2025-06-18 12:00:00,GOV-EMERG-001,central,api-data,756.1,36,0.945,0.1512,normal,none,1.0,False,0.0,10,50,500,5000,8.37,6.96,1671069.8,-6.67,600.0,37.0,58.599999999999994,200.4,0.00113,none,0,0,0,500.0,0.01,met,IMPUTED_MISSING
2025-06-18 14:00:00,GOV-EMERG-001,central,portal-main,837.8,48,1.047,0.1676,normal,none,1.0,False,0.0,10,50,500,5000,10.12,5.71,1670269.8,-6.67,600.0,26.5,62.3,107.8,0.00063,none,0,0,0,500.0,0.01,met,VALID
2025-06-18 16:00:00,GOV-EMERG-001,central,portal-main,671.0,34,0.839,0.1342,normal,none,1.0,False,0.0,10,50,500,5000,9.68,4.0,1669469.8,-6.67,600.0,25.7,60.6,150.4,2e-05,none,0,0,0,500.0,0.01,met,VALID
2025-06-18 18:00:00,GOV-EMERG-001,central,portal-main,512.6,32,0.641,0.1025,normal,none,1.0,False,0.0,10,50,500,5000,10.51,6.5,1668669.8,-6.67,600.0,20.1,43.1,83.8,0.0009,none,0,0,0,500.0,0.01,met,VALID
2025-06-18 20:00:00,GOV-EMERG-001,central,portal-main,333.9,12,0.417,0.0668,normal,none,1.0,False,0.0,10,50,500,5000,4.21,4.48,1667869.8,-6.67,600.0,30.3,61.4,178.3,0.00024,none,0,0,0,500.0,0.01,met,VALID
2025-06-18 22:00:00,GOV-EMERG-001,central,portal-main,232.8,8,0.291,0.0466,normal,none,1.0,False,0.0,10,50,500,5000,1.0,4.0,1667069.8,-6.67,600.0,25.9,58.65,110.8,0.00107,none,0,0,0,500.0,0.01,met,IMPUTED_MISSING
2025-06-19 00:00:00,GOV-EMERG-001,central,portal-main,122.9,7,0.154,0.0246,normal,none,1.0,False,0.0,10,50,500,5000,1.16,4.0,1666269.8,-6.67,600.0,24.2,55.9,98.5,0.00152,none,0,0,0,500.0,0.01,met,VALID
2025-06-19 02:00:00,GOV-EMERG-001,central,portal-main,85.1,5,0.106,0.017,normal,none,1.0,False,0.0,10,50,500,5000,2.65,4.0,1665469.8,-6.67,600.0,24.2,58.0,124.3,0.00075,none,0,0,0,500.0,0.01,met,VALID
2025-06-19 04:00:00,GOV-EMERG-001,central,portal-main,63.3,3,0.079,0.0127,normal,none,1.0,False,0.0,10,50,500,5000,1.0,4.0,1664669.8,-6.67,600.0,27.7,58.9,117.0,0.00078,none,0,0,0,500.0,0.01,met,VALID
2025-06-19 06:00:00,GOV-EMERG-001,central,portal-main,198.6,11,0.248,0.0397,normal,none,1.0,False,0.0,10,50,500,5000,2.06,4.0,1663869.8,-6.67,600.0,24.1,50.8,97.8,0.0006,none,0,0,0,500.0,0.01,met,VALID
2025-06-19 08:00:00,GOV-EMERG-001,central,portal-main,564.8,32,0.706,0.113,normal,none,1.0,False,0.0,10,50,500,5000,8.41,11.52,1663069.8,-6.67,600.0,20.2,51.099999999999994,107.9,0.00102,none,0,0,0,500.0,0.01,met,IMPUTED_MISSING
2025-06-19 10:00:00,GOV-EMERG-001,central,api-data,835.7,36,1.045,0.1671,normal,none,1.0,False,0.0,10,50,500,5000,12.36,5.19,1662269.8,-6.67,600.0,24.8,51.4,136.1,0.00099,none,0,0,0,500.0,0.01,met,VALID
2025-06-19 12:00:00,GOV-EMERG-001,central,portal-main,667.1,29,0.834,0.1334,normal,none,1.0,False,0.0,10,50,500,5000,10.96,4.0,1661469.8,-6.67,600.0,23.5,61.0,107.7,0.00059,none,0,0,0,500.0,0.01,met,VALID
2025-06-19 14:00:00,GOV-EMERG-001,central,status-page,829.4,43,1.037,0.1659,normal,none,1.0,False,0.0,10,50,500,5000,16.07,12.99,1660669.8,-6.67,600.0,31.1,75.6,157.5,0.00137,none,0,0,0,500.0,0.01,met,VALID
2025-06-19 16:00:00,GOV-EMERG-001,central,api-data,679.3,39,0.849,0.1359,normal,none,1.0,False,0.0,10,50,500,5000,10.32,5.56,1659869.8,-6.67,600.0,32.7,77.6,168.9,0.00208,none,0,0,0,500.0,0.01,met,VALID
2025-06-19 18:00:00,GOV-EMERG-001,central,status-page,492.5,20,0.616,0.0985,normal,none,1.0,False,0.0,10,50,500,5000,11.72,6.52,1659069.8,-6.67,600.0,33.6,74.0,145.2,0.00148,none,0,0,0,500.0,0.01,met,VALID
2025-06-19 20:00:00,GOV-EMERG-001,central,api-data,322.5,16,0.403,0.0645,normal,none,1.0,False,0.0,10,50,500,5000,4.14,4.0,1658269.8,-6.67,600.0,20.2,50.9,98.5,0.00096,none,0,0,0,500.0,0.01,met,IMPUTED_MISSING
2025-06-19 22:00:00,GOV-EMERG-001,central,portal-main,222.5,11,0.278,0.0445,normal,none,1.0,False,0.0,10,50,500,5000,5.7,4.2,1657469.8,-6.67,600.0,28.6,72.9,151.1,0.00095,none,0,0,0,500.0,0.01,met,VALID
2025-06-20 00:00:00,GOV-EMERG-001,central,portal-main,122.3,7,0.153,0.0245,normal,none,1.0,False,0.0,10,50,500,5000,2.47,4.0,1656669.8,-6.67,600.0,23.2,56.4,133.7,0.00079,none,0,0,0,500.0,0.01,met,VALID
2025-06-20 02:00:00,GOV-EMERG-001,central,portal-main,82.4,4,0.103,0.0165,normal,none,1.0,False,0.0,10,50,500,5000,1.0,4.0,1655869.8,-6.67,600.0,37.1,90.0,179.5,0.00079,none,0,0,0,500.0,0.01,met,VALID
2025-06-20 04:00:00,GOV-EMERG-001,central,api-data,145.5,3,0.182,0.0291,normal,none,1.0,False,0.0,10,50,500,5000,1.0,4.0,1655069.8,-6.67,600.0,30.8,70.8,166.5,0.00138,none,0,0,0,500.0,0.01,met,IMPUTED_MISSING
2025-06-20 06:00:00,GOV-EMERG-001,central,portal-main,208.6,13,0.261,0.0417,normal,none,1.0,False,0.0,10,50,500,5000,2.41,4.0,1654269.8,-6.67,600.0,32.9,67.3,164.6,0.0014,none,0,0,0,500.0,0.01,met,VALID
2025-06-20 08:00:00,GOV-EMERG-001,central,portal-main,530.9,24,0.664,0.1062,normal,none,1.0,False,0.0,10,50,500,5000,9.9,5.04,1653469.8,-6.67,600.0,31.2,65.05,168.8,0.00053,none,0,0,0,500.0,0.01,met,IMPUTED_MISSING
2025-06-20 10:00:00,GOV-EMERG-001,central,status-page,796.2,38,0.995,0.1592,normal,none,1.0,False,0.0,10,50,500,5000,7.96,4.0,1652669.8,-6.67,600.0,31.3,62.8,174.4,0.00115,none,0,0,0,500.0,0.01,met,VALID
2025-06-20 12:00:00,GOV-EMERG-001,central,portal-main,668.6,25,0.836,0.1337,normal,none,1.0,False,0.0,10,50,500,5000,11.58,9.32,1651869.8,-6.67,600.0,27.2,62.6,137.9,0.00144,none,0,0,0,500.0,0.01,met,VALID
2025-06-20 14:00:00,GOV-EMERG-001,central,portal-main,740.4,33,0.926,0.1481,normal,none,1.0,False,0.0,10,50,500,5000,15.3,7.77,1651069.8,-6.67,600.0,26.9,59.8,111.1,0.00086,none,0,0,0,500.0,0.01,met,VALID
2025-06-20 16:00:00,GOV-EMERG-001,central,api-data,624.1,34,0.78,0.1248,normal,none,1.0,False,0.0,10,50,500,5000,12.83,8.37,1650269.8,-6.67,600.0,25.4,62.5,145.9,0.00092,none,0,0,0,500.0,0.01,met,VALID
2025-06-20 18:00:00,GOV-EMERG-001,central,portal-main,443.1,23,0.554,0.0886,normal,none,1.0,False,0.0,10,50,500,5000,11.88,6.93,1649469.8,-6.67,600.0,29.9,73.0,155.5,0.00128,none,0,0,0,500.0,0.01,met,VALID
2025-06-20 20:00:00,GOV-EMERG-001,central,portal-main,364.0,20,0.455,0.0728,normal,none,1.0,False,0.0,10,50,500,5000,7.66,4.0,1648669.8,-6.67,600.0,33.2,78.9,172.7,0.00129,none,0,0,0,500.0,0.01,met,IMPUTED_MISSING
2025-06-20 22:00:00,GOV-EMERG-001,central,api-data,206.0,11,0.258,0.0412,normal,none,1.0,False,0.0,10,50,500,5000,3.44,4.63,1647869.8,-6.67,600.0,24.6,50.4,123.7,0.00117,none,0,0,0,500.0,0.01,met,VALID
2025-06-21 00:00:00,GOV-EMERG-001,central,portal-main,92.2,6,0.115,0.0184,normal,none,1.0,False,0.0,10,50,500,5000,2.89,4.0,1647069.8,-6.67,600.0,22.6,48.4,98.2,0.0011,none,0,0,0,500.0,0.01,met,VALID
2025-06-21 02:00:00,GOV-EMERG-001,central,portal-main,60.2,3,0.075,0.012,normal,none,1.0,False,0.0,10,50,500,5000,2.37,7.1,1646269.8,-6.67,600.0,19.4,39.8,96.3,0.00116,none,0,0,0,500.0,0.01,met,IMPUTED_MISSING
2025-06-21 04:00:00,GOV-EMERG-001,central,portal-main,50.7,2,0.063,0.0101,normal,none,1.0,False,0.0,10,50,500,5000,1.0,4.0,1645469.8,-6.67,600.0,26.2,67.9,133.1,0.00089,none,0,0,0,500.0,0.01,met,VALID
2025-06-21 06:00:00,GOV-EMERG-001,central,api-data,174.1,7,0.218,0.0348,normal,none,1.0,False,0.0,10,50,500,5000,2.61,4.0,1644669.8,-6.67,600.0,30.8,64.0,146.9,0.00055,none,0,0,0,500.0,0.01,met,VALID
2025-06-21 08:00:00,GOV-EMERG-001,central,portal-main,494.9,22,0.619,0.099,normal,none,1.0,False,0.0,10,50,500,5000,8.97,6.34,1643869.8,-6.67,600.0,32.9,84.8,141.3,0.00038,none,0,0,0,500.0,0.01,met,VALID
2025-06-21 10:00:00,GOV-EMERG-001,central,status-page,586.9,25,0.734,0.1174,normal,none,1.0,False,0.0,10,50,500,5000,13.11,6.28,1643069.8,-6.67,600.0,33.8,79.94999999999999,186.9,0.00124,none,0,0,0,500.0,0.01,met,IMPUTED_MISSING
2025-06-21 12:00:00,GOV-EMERG-001,central,api-data,565.8,29,0.707,0.1132,normal,none,1.0,False,0.0,10,50,500,5000,12.809999999999999,8.31,1642269.8,-6.67,600.0,29.9,75.1,146.7,0.00104,none,0,0,0,500.0,0.01,met,IMPUTED_MISSING
2025-06-21 14:00:00,GOV-EMERG-001,central,portal-main,606.9,37,0.759,0.1214,normal,none,1.0,False,0.0,10,50,500,5000,12.51,7.46,1641469.8,-6.67,600.0,28.8,67.6,155.6,0.00118,none,0,0,0,500.0,0.01,met,VALID
2025-06-21 16:00:00,GOV-EMERG-001,central,portal-main,570.9,36,0.714,0.1142,normal,none,1.0,False,0.0,10,50,500,5000,7.59,8.86,1640669.8,-6.67,600.0,33.4,83.3,136.5,0.00067,none,0,0,0,500.0,0.01,met,IMPUTED_MISSING
2025-06-21 18:00:00,GOV-EMERG-001,central,portal-main,422.0,23,0.528,0.0844,normal,none,1.0,False,0.0,10,50,500,5000,2.67,4.0,1639869.8,-6.67,600.0,22.9,54.4,114.5,0.00104,none,0,0,0,500.0,0.01,met,VALID
2025-06-21 20:00:00,GOV-EMERG-001,central,api-data,278.8,19,0.349,0.0558,normal,none,1.0,False,0.0,10,50,500,5000,8.08,4.8,1639069.8,-6.67,600.0,24.7,60.8,102.5,0.00103,none,0,0,0,500.0,0.01,met,VALID
2025-06-21 22:00:00,GOV-EMERG-001,central,portal-main,179.9,8,0.225,0.036,normal,none,1.0,False,0.0,10,50,500,5000,1.0,4.0,1638269.8,-6.67,600.0,32.8,79.9,179.2,0.00151,none,0,0,0,500.0,0.01,met,VALID
2025-06-22 00:00:00,GOV-EMERG-001,southwest,portal-main,87.9,3,0.11,0.0176,breaking_news,low,1.0,False,180.0,10,50,500,5000,2.07,4.0,1637469.8,-6.67,600.0,21.1,45.6,109.2,0.00134,none,0,0,0,500.0,0.01,met,VALID
2025-06-22 02:00:00,GOV-EMERG-001,southwest,portal-main,177.6,10,0.222,0.0355,breaking_news,low,1.0,False,180.0,10,50,500,5000,2.09,4.0,1636669.8,-6.67,600.0,25.8,66.0,126.4,0.0007,none,0,0,0,500.0,0.01,met,VALID
2025-06-22 04:00:00,GOV-EMERG-001,central,status-page,49.3,2,0.062,0.0099,normal,none,1.0,False,0.0,10,50,500,5000,2.45,4.0,1635869.8,-6.67,600.0,27.8,66.3,165.1,0.0012,none,0,0,0,500.0,0.01,met,VALID
2025-06-22 06:00:00,GOV-EMERG-001,central,portal-main,155.0,7,0.194,0.031,normal,none,1.0,False,0.0,10,50,500,5000,4.36,6.53,1635069.8,-6.67,600.0,26.1,55.4,121.6,0.0007,none,0,0,0,500.0,0.01,met,VALID
2025-06-22 08:00:00,GOV-EMERG-001,central,api-data,364.0,20,0.455,0.0728,normal,none,1.0,False,0.0,10,50,500,5000,11.05,9.33,1634269.8,-6.67,600.0,31.6,68.9,152.9,0.0,none,0,0,0,500.0,0.01,met,VALID
2025-06-22 10:00:00,GOV-EMERG-001,central,portal-main,598.0,29,0.748,0.1196,normal,none,1.0,False,0.0,10,50,500,5000,13.07,6.74,1633469.8,-6.67,600.0,34.5,72.75,188.9,0.00169,none,0,0,0,500.0,0.01,met,IMPUTED_MISSING
2025-06-22 12:00:00,GOV-EMERG-001,central,status-page,596.2,29,0.745,0.1192,normal,none,1.0,False,0.0,10,50,500,5000,8.31,4.0,1632669.8,-6.67,600.0,30.3,76.6,153.0,0.00085,none,0,0,0,500.0,0.01,met,VALID
2025-06-22 14:00:00,GOV-EMERG-001,central,portal-main,639.8,26,0.8,0.128,normal,none,1.0,False,0.0,10,50,500,5000,10.0,4.0,1631869.8,-6.67,600.0,34.2,84.8,182.0,0.00142,none,0,0,0,500.0,0.01,met,VALID
2025-06-22 16:00:00,GOV-EMERG-001,central,portal-main,462.9,23,0.579,0.0926,normal,none,1.0,False,0.0,10,50,500,5000,5.16,4.66,1631069.8,-6.67,600.0,23.8,52.0,141.9,0.00074,none,0,0,0,500.0,0.01,met,VALID
2025-06-22 18:00:00,GOV-EMERG-001,central,status-page,383.9,22,0.48,0.0768,normal,none,1.0,False,0.0,10,50,500,5000,3.65,6.09,1630269.8,-6.67,600.0,26.4,63.8,142.6,0.00068,none,0,0,0,500.0,0.01,met,VALID
2025-06-22 20:00:00,GOV-EMERG-001,central,status-page,253.8,13,0.317,0.0508,normal,none,1.0,False,0.0,10,50,500,5000,4.04,5.56,1629469.8,-6.67,600.0,36.0,72.0,154.7,0.00078,none,0,0,0,500.0,0.01,met,VALID
2025-06-22 22:00:00,GOV-EMERG-001,central,portal-main,182.4,8,0.228,0.0365,normal,none,1.0,False,0.0,10,50,500,5000,7.3,5.34,1628669.8,-6.67,600.0,33.7,74.2,149.0,0.0011,none,0,0,0,500.0,0.01,met,VALID
2025-06-23 00:00:00,GOV-EMERG-001,central,portal-main,121.5,5,0.152,0.0243,normal,none,1.0,False,0.0,10,50,500,5000,4.72,4.0,1627869.8,-6.67,600.0,20.5,51.4,117.7,0.00107,none,0,0,0,500.0,0.01,met,VALID
2025-06-23 02:00:00,GOV-EMERG-001,central,portal-main,76.9,3,0.096,0.0154,normal,none,1.0,False,0.0,10,50,500,5000,2.37,4.0,1627069.8,-6.67,600.0,25.3,53.0,103.8,0.0012,none,0,0,0,500.0,0.01,met,VALID
2025-06-23 04:00:00,GOV-EMERG-001,central,portal-main,64.1,3,0.08,0.0128,normal,none,1.0,False,0.0,10,50,500,5000,1.0,4.0,1626269.8,-6.67,600.0,25.9,57.2,129.8,0.0011099999999999999,none,0,0,0,500.0,0.01,met,IMPUTED_MISSING
2025-06-23 06:00:00,GOV-EMERG-001,central,portal-main,296.85,9,0.371,0.0594,normal,none,1.0,False,0.0,10,50,500,5000,3.69,4.0,1625469.8,-6.67,600.0,27.6,55.2,160.2,0.00102,none,0,0,0,500.0,0.01,met,IMPUTED_MISSING
2025-06-23 08:00:00,GOV-EMERG-001,central,api-data,529.6,23,0.662,0.1059,normal,none,1.0,False,0.0,10,50,500,5000,9.43,6.98,1624669.8,-6.67,600.0,33.1,66.6,183.5,0.00066,none,0,0,0,500.0,0.01,met,VALID
2025-06-23 10:00:00,GOV-EMERG-001,central,portal-main,801.5,25,1.002,0.1603,normal,none,1.0,False,0.0,10,50,500,5000,11.24,7.04,1623869.8,-6.67,600.0,37.1,77.5,157.1,0.00159,none,0,0,0,500.0,0.01,met,VALID
2025-06-23 12:00:00,GOV-EMERG-001,central,api-data,750.4,40,0.938,0.1501,normal,none,1.0,False,0.0,10,50,500,5000,11.99,11.85,1623069.8,-6.67,600.0,29.6,60.9,162.0,0.00047,none,0,0,0,500.0,0.01,met,VALID
2025-06-23 14:00:00,GOV-EMERG-001,central,portal-main,722.3,31,0.903,0.1445,normal,none,1.0,False,0.0,10,50,500,5000,12.71,4.0,1622269.8,-6.67,600.0,33.7,77.3,160.6,0.00067,none,0,0,0,500.0,0.01,met,VALID
2025-06-23 16:00:00,GOV-EMERG-001,central,portal-main,667.0,37,0.834,0.1334,normal,none,1.0,False,0.0,10,50,500,5000,9.02,4.0,1621469.8,-6.67,600.0,31.4,79.9,182.4,0.00083,none,0,0,0,500.0,0.01,met,VALID
2025-06-23 18:00:00,GOV-EMERG-001,central,api-data,546.3,24,0.683,0.1093,normal,none,1.0,False,0.0,10,50,500,5000,9.56,11.92,1620669.8,-6.67,600.0,28.0,57.4,144.0,0.00196,none,0,0,0,500.0,0.01,met,VALID
2025-06-23 20:00:00,GOV-EMERG-001,central,portal-main,333.9,14,0.417,0.0668,normal,none,1.0,False,0.0,10,50,500,5000,6.68,6.05,1619869.8,-6.67,600.0,20.0,50.4,101.9,0.00131,none,0,0,0,500.0,0.01,met,VALID
2025-06-23 22:00:00,GOV-EMERG-001,central,api-data,226.6,12,0.283,0.0453,normal,none,1.0,False,0.0,10,50,500,5000,6.43,4.0,1619069.8,-6.67,600.0,30.3,72.7,121.6,0.00066,none,0,0,0,500.0,0.01,met,VALID
2025-06-24 00:00:00,GOV-EMERG-001,central,portal-main,120.4,8,0.15,0.0241,normal,none,1.0,False,0.0,10,50,500,5000,1.0,4.0,1618269.8,-6.67,600.0,28.0,58.9,126.2,0.00133,none,0,0,0,500.0,0.01,met,VALID
2025-06-24 02:00:00,GOV-EMERG-001,central,status-page,86.9,5,0.109,0.0174,normal,none,1.0,False,0.0,10,50,500,5000,1.0,4.0,1617469.8,-6.67,600.0,27.0,58.7,130.3,0.00121,none,0,0,0,500.0,0.01,met,VALID
2025-06-24 04:00:00,GOV-EMERG-001,central,api-data,63.3,3,0.079,0.0127,normal,none,1.0,False,0.0,10,50,500,5000,1.0,4.0,1616669.8,-6.67,600.0,21.4,45.3,116.6,0.00111,none,0,0,0,500.0,0.01,met,VALID
2025-06-24 06:00:00,GOV-EMERG-001,central,api-data,39.2,11,0.049,0.0078,normal,none,1.0,False,0.0,10,50,500,5000,1.0,4.0,1615869.8,-6.67,600.0,33.9,83.8,170.7,0.00128,none,0,0,0,500.0,0.01,met,REPAIRED_NEGATIVE
2025-06-24 08:00:00,GOV-EMERG-001,central,portal-main,583.9,21,0.73,0.1168,normal,none,1.0,False,0.0,10,50,500,5000,11.01,4.0,1615069.8,-6.67,600.0,28.9,70.4,165.0,0.00102,none,0,0,0,500.0,0.01,met,VALID
2025-06-24 10:00:00,GOV-EMERG-001,central,portal-main,746.9,30,0.934,0.1494,normal,none,1.0,False,0.0,10,50,500,5000,10.81,9.48,1614269.8,-6.67,600.0,24.8,54.2,101.0,0.00107,none,0,0,0,500.0,0.01,met,VALID
2025-06-24 12:00:00,GOV-EMERG-001,central,portal-main,712.0,21,0.89,0.1424,normal,none,1.0,False,0.0,10,50,500,5000,12.56,14.25,1613469.8,-6.67,600.0,23.9,48.7,111.2,0.00038,none,0,0,0,500.0,0.01,met,VALID
2025-06-24 14:00:00,GOV-EMERG-001,central,portal-main,781.8,32,0.977,0.1564,normal,none,1.0,False,0.0,10,50,500,5000,11.61,6.57,1612669.8,-6.67,600.0,32.3,68.0,168.0,0.00158,none,0,0,0,500.0,0.01,met,IMPUTED_MISSING
2025-06-24 16:00:00,GOV-EMERG-001,central,portal-main,675.3,42,0.844,0.1351,normal,none,1.0,False,0.0,10,50,500,5000,13.62,4.0,1611869.8,-6.67,600.0,31.7,75.5,168.7,0.00082,none,0,0,0,500.0,0.01,met,IMPUTED_MISSING
2025-06-24 18:00:00,GOV-EMERG-001,central,portal-main,542.1,29,0.678,0.1084,normal,none,1.0,False,0.0,10,50,500,5000,6.47,4.0,1611069.8,-6.67,600.0,26.2,53.8,131.1,0.00051,none,0,0,0,500.0,0.01,met,VALID
2025-06-24 20:00:00,GOV-EMERG-001,central,portal-main,370.0,19,0.462,0.074,normal,none,1.0,False,0.0,10,50,500,5000,8.27,4.83,1610269.8,-6.67,600.0,28.8,67.0,138.4,0.0008,none,0,0,0,500.0,0.01,met,VALID
2025-06-24 22:00:00,GOV-EMERG-001,central,portal-main,215.6,8,0.27,0.0431,normal,none,1.0,False,0.0,10,50,500,5000,5.67,4.62,1609469.8,-6.67,600.0,28.8,68.2,119.3,0.00081,none,0,0,0,500.0,0.01,met,VALID
2025-06-25 00:00:00,GOV-EMERG-001,central,portal-main,120.8,6,0.151,0.0242,normal,none,1.0,False,0.0,10,50,500,5000,1.92,4.0,1608669.8,-6.67,600.0,26.2,63.2,141.2,0.00068,none,0,0,0,500.0,0.01,met,VALID
2025-06-25 02:00:00,GOV-EMERG-001,central,portal-main,86.0,6,0.108,0.0172,normal,none,1.0,False,0.0,10,50,500,5000,3.6,4.0,1607869.8,-6.67,600.0,22.6,47.0,131.4,0.00131,none,0,0,0,500.0,0.01,met,VALID
2025-06-25 04:00:00,GOV-EMERG-001,central,portal-main,61.3,3,0.077,0.0123,normal,none,1.0,False,0.0,10,50,500,5000,1.0,4.0,1607069.8,-6.67,600.0,29.2,66.4,163.8,0.00139,none,0,0,0,500.0,0.01,met,VALID
2025-06-25 06:00:00,GOV-EMERG-001,central,portal-main,201.77122930453703,9,0.252,0.0404,normal,none,1.0,False,0.0,10,50,500,5000,2.874971216428687,4.0,1606269.8,-6.67,600.0,29.4,67.0,158.8,0.00022,none,0,0,0,500.0,0.01,met,VALID
2025-06-25 08:00:00,GOV-EMERG-001,central,portal-main,554.6,20,0.693,0.1109,normal,none,1.0,False,0.0,10,50,500,5000,6.24,10.34,1605469.8,-6.67,600.0,30.4,76.0,160.1,0.00079,none,0,0,0,500.0,0.01,met,VALID
2025-06-25 10:00:00,GOV-EMERG-001,central,portal-main,797.5,49,0.997,0.1595,normal,none,1.0,False,0.0,10,50,500,5000,12.88,10.85,1604669.8,-6.67,600.0,26.4,60.2,146.4,0.00082,none,0,0,0,500.0,0.01,met,VALID
2025-06-25 12:00:00,GOV-EMERG-001,central,portal-main,661.3,33,0.827,0.1323,normal,none,1.0,False,0.0,10,50,500,5000,8.91,7.39,1603869.8,-6.67,600.0,23.5,52.7,130.4,0.00093,none,0,0,0,500.0,0.01,met,VALID
2025-06-25 14:00:00,GOV-EMERG-001,central,api-data,856.4,30,1.07,0.1713,normal,none,1.0,False,0.0,10,50,500,5000,11.75,5.69,1603069.8,-6.67,600.0,30.5,63.2,122.3,0.00168,none,0,0,0,500.0,0.01,met,VALID
2025-06-25 16:00:00,GOV-EMERG-001,central,portal-main,653.7,28,0.817,0.1307,normal,none,1.0,False,0.0,10,50,500,5000,12.49,4.0,1602269.8,-6.67,600.0,32.5,78.5,153.2,0.00067,none,0,0,0,500.0,0.01,met,VALID
2025-06-25 18:00:00,GOV-EMERG-001,central,portal-main,546.7,22,0.683,0.1093,normal,none,1.0,False,0.0,10,50,500,5000,9.92,10.45,1601469.8,-6.67,600.0,32.2,76.4,184.9,0.00162,none,0,0,0,500.0,0.01,met,VALID
2025-06-25 20:00:00,GOV-EMERG-001,central,status-page,348.8,17,0.436,0.0698,normal,none,1.0,False,0.0,10,50,500,5000,6.71,4.0,1600669.8,-6.67,600.0,29.2,71.0,166.6,0.00094,none,0,0,0,500.0,0.01,met,VALID
2025-06-25 22:00:00,GOV-EMERG-001,central,portal-main,219.0723021448668,11,0.274,0.0438,normal,none,1.0,False,0.0,10,50,500,5000,1.8309232380073448,4.0,1599869.8,-6.67,600.0,24.3,58.2,131.9,0.00163,none,0,0,0,500.0,0.01,met,VALID
2025-06-26 00:00:00,GOV-EMERG-001,central,status-page,127.3,6,0.159,0.0255,normal,none,1.0,False,0.0,10,50,500,5000,5.43,4.0,1599069.8,-6.67,600.0,22.4,56.7,103.6,0.00088,none,0,0,0,500.0,0.01,met,VALID
2025-06-26 02:00:00,GOV-EMERG-001,central,api-data,84.0,5,0.105,0.0168,normal,none,1.0,False,0.0,10,50,500,5000,1.0,4.0,1598269.8,-6.67,600.0,25.4,64.1,141.9,0.00083,none,0,0,0,500.0,0.01,met,VALID
2025-06-26 04:00:00,GOV-EMERG-001,central,portal-main,64.7,3,0.081,0.0129,normal,none,1.0,False,0.0,10,50,500,5000,1.0,4.0,1597469.8,-6.67,600.0,25.3,55.3,112.9,0.00099,none,0,0,0,500.0,0.01,met,VALID
2025-06-26 06:00:00,GOV-EMERG-001,central,portal-main,207.6,12,0.26,0.0415,normal,none,1.0,False,0.0,10,50,500,5000,1.0,4.0,1596669.8,-6.67,600.0,30.5,64.4,135.7,0.00152,none,0,0,0,500.0,0.01,met,VALID
2025-06-26 08:00:00,GOV-EMERG-001,central,api-data,551.9,26,0.69,0.1104,normal,none,1.0,False,0.0,10,50,500,5000,8.43,8.24,1595869.8,-6.67,600.0,26.2,66.9,132.8,0.00106,none,0,0,0,500.0,0.01,met,VALID
2025-06-26 10:00:00,GOV-EMERG-001,central,status-page,799.7,60,1.0,0.1599,normal,none,1.0,False,0.0,10,50,500,5000,13.52,9.75,1595069.8,-6.67,600.0,28.2,68.4,144.9,0.00108,none,0,0,0,500.0,0.01,met,VALID
2025-06-26 12:00:00,GOV-EMERG-001,central,portal-main,696.2,32,0.87,0.1392,normal,none,1.0,False,0.0,10,50,500,5000,8.17,8.55,1594269.8,-6.67,600.0,37.3,96.2,175.2,0.00125,none,0,0,0,500.0,0.01,met,VALID
2025-06-26 14:00:00,GOV-EMERG-001,central,portal-main,836.2,36,1.045,0.1672,normal,none,1.0,False,0.0,10,50,500,5000,16.56,11.23,1593469.8,-6.67,600.0,36.2,83.2,188.6,0.00065,none,0,0,0,500.0,0.01,met,VALID
2025-06-26 16:00:00,GOV-EMERG-001,central,portal-main,656.4,27,0.82,0.1313,normal,none,1.0,False,0.0,10,50,500,5000,6.42,4.0,1592669.8,-6.67,600.0,25.2,65.1,136.8,0.00113,none,0,0,0,500.0,0.01,met,VALID
2025-06-26 18:00:00,GOV-EMERG-001,central,portal-main,505.35,27,0.632,0.1011,normal,none,1.0,False,0.0,10,50,500,5000,12.37,5.25,1591869.8,-6.67,600.0,34.0,70.5,148.3,0.00075,none,0,0,0,500.0,0.01,met,IMPUTED_MISSING
2025-06-26 20:00:00,GOV-EMERG-001,central,api-data,354.3,13,0.443,0.0709,normal,none,1.0,False,0.0,10,50,500,5000,5.7,6.63,1591069.8,-6.67,600.0,22.4,52.8,102.6,0.00159,none,0,0,0,500.0,0.01,met,VALID
2025-06-26 22:00:00,GOV-EMERG-001,central,portal-main,224.2,12,0.28,0.0448,normal,none,1.0,False,0.0,10,50,500,5000,1.0,4.0,1590269.8,-6.67,600.0,24.4,56.2,131.9,0.00117,none,0,0,0,500.0,0.01,met,VALID
2025-06-27 00:00:00,GOV-EMERG-001,central,api-data,118.3,4,0.148,0.0237,normal,none,1.0,False,0.0,10,50,500,5000,1.0,4.0,1589469.8,-6.67,600.0,24.3,48.7,142.4,0.00128,none,0,0,0,500.0,0.01,met,VALID
2025-06-27 02:00:00,GOV-EMERG-001,central,api-data,76.1,4,0.095,0.0152,normal,none,1.0,False,0.0,10,50,500,5000,1.805,4.0,1588669.8,-6.67,600.0,25.1,53.1,144.7,0.00018,none,0,0,0,500.0,0.01,met,IMPUTED_MISSING
2025-06-27 04:00:00,GOV-EMERG-001,central,portal-main,59.9,2,0.075,0.012,normal,none,1.0,False,0.0,10,50,500,5000,2.61,4.5,1587869.8,-6.67,600.0,27.8,58.1,118.3,0.00128,none,0,0,0,500.0,0.01,met,VALID
2025-06-27 06:00:00,GOV-EMERG-001,central,portal-main,189.7,9,0.237,0.0379,normal,none,1.0,False,0.0,10,50,500,5000,3.8,4.0,1587069.8,-6.67,600.0,26.4,53.8,135.7,0.00093,none,0,0,0,500.0,0.01,met,VALID
2025-06-27 08:00:00,GOV-EMERG-001,central,api-data,555.8,31,0.695,0.1112,normal,none,1.0,False,0.0,10,50,500,5000,8.77,5.2,1586269.8,-6.67,600.0,30.6,78.6,171.3,0.00043,none,0,0,0,500.0,0.01,met,VALID
2025-06-27 10:00:00,GOV-EMERG-001,central,api-data,734.8,51,0.918,0.147,normal,none,1.0,False,0.0,10,50,500,5000,12.62,5.9,1585469.8,-6.67,600.0,27.7,71.4,124.0,0.00104,none,0,0,0,500.0,0.01,met,VALID
2025-06-27 12:00:00,GOV-EMERG-001,central,api-data,679.7,28,0.85,0.1359,normal,none,1.0,False,0.0,10,50,500,5000,11.58,10.2,1584669.8,-6.67,600.0,30.4,77.1,160.9,0.00039,none,0,0,0,500.0,0.01,met,VALID
2025-06-27 14:00:00,GOV-EMERG-001,central,portal-main,760.4,37,0.95,0.1521,normal,none,1.0,False,0.0,10,50,500,5000,13.95,8.71,1583869.8,-6.67,600.0,29.8,77.3,144.7,0.00124,none,0,0,0,500.0,0.01,met,VALID
2025-06-27 16:00:00,GOV-EMERG-001,central,portal-main,673.9,30,0.842,0.1348,normal,none,1.0,False,0.0,10,50,500,5000,9.13,4.02,1583069.8,-6.67,600.0,23.3,58.3,124.3,0.00157,none,0,0,0,500.0,0.01,met,VALID
2025-06-27 18:00:00,GOV-EMERG-001,central,portal-main,491.5,21,0.614,0.0983,normal,none,1.0,False,0.0,10,50,500,5000,7.94,5.59,1582269.8,-6.67,600.0,29.7,58.15,120.5,0.00028,none,0,0,0,500.0,0.01,met,IMPUTED_MISSING
2025-06-27 20:00:00,GOV-EMERG-001,central,api-data,372.9,16,0.466,0.0746,normal,none,1.0,False,0.0,10,50,500,5000,8.39,4.16,1581469.8,-6.67,600.0,27.4,58.0,126.7,0.00099,none,0,0,0,500.0,0.01,met,VALID
2025-06-27 22:00:00,GOV-EMERG-001,central,portal-main,211.1,12,0.264,0.0422,normal,none,1.0,False,0.0,10,50,500,5000,7.57,4.0,1580669.8,-6.67,600.0,23.2,50.1,107.3,0.00093,none,0,0,0,500.0,0.01,met,VALID
2025-06-28 00:00:00,GOV-EMERG-001,central,portal-main,137.3,4,0.172,0.0275,normal,none,1.0,False,0.0,10,50,500,5000,1.0,4.0,1579869.8,-6.67,600.0,23.8,59.9,115.1,0.0002,none,0,0,0,500.0,0.01,met,IMPUTED_MISSING
2025-06-28 02:00:00,GOV-EMERG-001,central,portal-main,63.5,4,0.079,0.0127,normal,none,1.0,False,0.0,10,50,500,5000,2.55,4.0,1579069.8,-6.67,600.0,23.7,59.45,100.3,0.00137,none,0,0,0,500.0,0.01,met,IMPUTED_MISSING
2025-06-28 04:00:00,GOV-EMERG-001,central,portal-main,47.8,3,0.06,0.0096,normal,none,1.0,False,0.0,10,50,500,5000,1.0,4.0,1578269.8,-6.67,600.0,24.3,59.0,118.2,0.00125,none,0,0,0,500.0,0.01,met,VALID
2025-06-28 06:00:00,GOV-EMERG-001,central,api-data,151.7,6,0.19,0.0303,normal,none,1.0,False,0.0,10,50,500,5000,8.57,4.0,1577469.8,-6.67,600.0,32.8,76.7,166.8,0.00181,none,0,0,0,500.0,0.01,met,IMPUTED_MISSING
2025-06-28 08:00:00,GOV-EMERG-001,central,portal-main,436.1,20,0.545,0.0872,normal,none,1.0,False,0.0,10,50,500,5000,6.92,4.0,1576669.8,-6.67,600.0,35.7,78.1,144.9,0.0012,none,0,0,0,500.0,0.01,met,VALID
2025-06-28 10:00:00,GOV-EMERG-001,central,portal-main,676.3,29,0.845,0.1353,normal,none,1.0,False,0.0,10,50,500,5000,12.27,9.74,1575869.8,-6.67,600.0,18.0,39.1,82.9,0.00065,none,0,0,0,500.0,0.01,met,VALID
2025-06-28 12:00:00,GOV-EMERG-001,central,api-data,575.0,33,0.719,0.115,normal,none,1.0,False,0.0,10,50,500,5000,8.24,10.25,1575069.8,-6.67,600.0,30.2,74.0,131.5,0.00121,none,0,0,0,500.0,0.01,met,VALID
2025-06-28 14:00:00,GOV-EMERG-001,central,api-data,624.5,23,0.781,0.1249,normal,none,1.0,False,0.0,10,50,500,5000,7.09,7.12,1574269.8,-6.67,600.0,32.4,75.1,192.5,0.00151,none,0,0,0,500.0,0.01,met,VALID
2025-06-28 16:00:00,GOV-EMERG-001,central,portal-main,577.4,22,0.722,0.1155,normal,none,1.0,False,0.0,10,50,500,5000,9.89,11.24,1573469.8,-6.67,600.0,27.4,60.7,116.7,0.00081,none,0,0,0,500.0,0.01,met,VALID
2025-06-28 18:00:00,GOV-EMERG-001,central,portal-main,448.3,20,0.56,0.0897,normal,none,1.0,False,0.0,10,50,500,5000,6.82,4.0,1572669.8,-6.67,600.0,31.2,73.9,163.8,0.000435,none,0,0,0,500.0,0.01,met,IMPUTED_MISSING
2025-06-28 20:00:00,GOV-EMERG-001,central,status-page,306.1,17,0.383,0.0612,normal,none,1.0,False,0.0,10,50,500,5000,4.06,4.0,1571869.8,-6.67,600.0,33.2,74.9,159.7,6e-05,none,0,0,0,500.0,0.01,met,VALID
2025-06-28 22:00:00,GOV-EMERG-001,central,api-data,171.6,10,0.214,0.0343,normal,none,1.0,False,0.0,10,50,500,5000,1.32,4.0,1571069.8,-6.67,600.0,20.4,46.6,93.3,0.00159,none,0,0,0,500.0,0.01,met,VALID
2025-06-29 00:00:00,GOV-EMERG-001,central,portal-main,118.5,5,0.148,0.0237,normal,none,1.0,False,0.0,10,50,500,5000,5.5,4.0,1570269.8,-6.67,600.0,26.0,62.5,148.3,0.00132,none,0,0,0,500.0,0.01,met,IMPUTED_MISSING
2025-06-29 02:00:00,GOV-EMERG-001,central,portal-main,65.4,4,0.082,0.0131,normal,none,1.0,False,0.0,10,50,500,5000,1.0,4.0,1569469.8,-6.67,600.0,33.2,75.4,176.7,0.0,none,0,0,0,500.0,0.01,met,VALID
2025-06-29 04:00:00,GOV-EMERG-001,central,portal-main,48.6,2,0.061,0.0097,normal,none,1.0,False,0.0,10,50,500,5000,1.0,4.66,1568669.8,-6.67,600.0,20.3,52.2,106.4,0.00115,none,0,0,0,500.0,0.01,met,VALID
2025-06-29 06:00:00,GOV-EMERG-001,central,portal-main,148.0,8,0.185,0.0296,normal,none,1.0,False,0.0,10,50,500,5000,1.0,4.0,1567869.8,-6.67,600.0,25.3,58.0,105.9,0.00021,none,0,0,0,500.0,0.01,met,VALID
2025-06-29 08:00:00,GOV-EMERG-001,central,api-data,435.1,18,0.544,0.087,normal,none,1.0,False,0.0,10,50,500,5000,4.46,5.0,1567069.8,-6.67,600.0,25.6,65.9,115.6,0.00076,none,0,0,0,500.0,0.01,met,VALID
2025-06-29 10:00:00,GOV-EMERG-001,central,portal-main,630.2,22,0.788,0.126,normal,none,1.0,False,0.0,10,50,500,5000,6.9,7.32,1566269.8,-6.67,600.0,32.8,82.3,149.4,0.00127,none,0,0,0,500.0,0.01,met,VALID
2025-06-29 12:00:00,GOV-EMERG-001,central,portal-main,524.6,28,0.656,0.1049,normal,none,1.0,False,0.0,10,50,500,5000,9.6,4.59,1565469.8,-6.67,600.0,32.7,82.9,159.2,0.00095,none,0,0,0,500.0,0.01,met,VALID
2025-06-29 14:00:00,GOV-EMERG-001,central,api-data,606.6,25,0.758,0.1213,normal,none,1.0,False,0.0,10,50,500,5000,12.03,9.48,1564669.8,-6.67,600.0,29.1,71.5,170.0,0.0015,none,0,0,0,500.0,0.01,met,VALID
2025-06-29 16:00:00,GOV-EMERG-001,central,status-page,533.6,26,0.667,0.1067,normal,none,1.0,False,0.0,10,50,500,5000,8.82,4.0,1563869.8,-6.67,600.0,28.1,66.4,135.2,0.00103,none,0,0,0,500.0,0.01,met,VALID
2025-06-29 18:00:00,GOV-EMERG-001,central,api-data,367.4,19,0.459,0.0735,normal,none,1.0,False,0.0,10,50,500,5000,4.78,4.56,1563069.8,-6.67,600.0,20.1,46.6,93.6,0.00099,none,0,0,0,500.0,0.01,met,VALID
2025-06-29 20:00:00,GOV-EMERG-001,central,portal-main,270.2,14,0.338,0.054,normal,none,1.0,False,0.0,10,50,500,5000,3.37,4.0,1562269.8,-6.67,600.0,32.1,74.9,133.0,0.00144,none,0,0,0,500.0,0.01,met,VALID
2025-06-29 22:00:00,GOV-EMERG-001,central,portal-main,158.6,10,0.198,0.0317,normal,none,1.0,False,0.0,10,50,500,5000,3.94,4.0,1561469.8,-6.67,600.0,24.4,51.8,116.4,0.001215,none,0,0,0,500.0,0.01,met,IMPUTED_MISSING
2025-06-30 00:00:00,GOV-EMERG-001,central,portal-main,114.1,6,0.143,0.0228,normal,none,1.0,False,0.0,10,50,500,5000,4.11,5.25,1560669.8,-6.67,600.0,25.0,53.2,102.7,0.00099,none,0,0,0,500.0,0.01,met,VALID
2025-06-30 02:00:00,GOV-EMERG-001,central,portal-main,77.7,4,0.097,0.0155,normal,none,1.0,False,0.0,10,50,500,5000,1.0,4.0,1559869.8,-6.67,600.0,29.3,59.2,138.5,0.00104,none,0,0,0,500.0,0.01,met,VALID
2025-06-30 04:00:00,GOV-EMERG-001,central,portal-main,65.5,3,0.082,0.0131,normal,none,1.0,False,0.0,10,50,500,5000,4.54,6.23,1559069.8,-6.67,600.0,26.1,63.9,155.1,0.00097,none,0,0,0,500.0,0.01,met,VALID
2025-06-30 06:00:00,GOV-EMERG-001,central,portal-main,196.8,10,0.246,0.0394,normal,none,1.0,False,0.0,10,50,500,5000,1.66,4.0,1558269.8,-6.67,600.0,30.0,62.3,153.6,0.00146,none,0,0,0,500.0,0.01,met,VALID
2025-06-30 08:00:00,GOV-EMERG-001,central,portal-main,541.8,24,0.677,0.1084,normal,none,1.0,False,0.0,10,50,500,5000,12.33,9.02,1557469.8,-6.67,600.0,30.5,71.5,134.5,0.00073,none,0,0,0,500.0,0.01,met,VALID
2025-06-30 10:00:00,GOV-EMERG-001,central,api-data,802.1,39,1.003,0.1604,normal,none,1.0,False,0.0,10,50,500,5000,14.97,10.16,1556669.8,-6.67,600.0,30.6,63.7,140.7,0.00067,none,0,0,0,500.0,0.01,met,VALID
2025-06-30 12:00:00,GOV-EMERG-001,central,status-page,678.7,49,0.848,0.1357,normal,none,1.0,False,0.0,10,50,500,5000,11.61,5.09,1555869.8,-6.67,600.0,30.2,61.5,155.1,0.00058,none,0,0,0,500.0,0.01,met,VALID
2025-06-30 14:00:00,GOV-EMERG-001,central,portal-main,817.2,42,1.022,0.1634,normal,none,1.0,False,0.0,10,50,500,5000,11.69,4.0,1555069.8,-6.67,600.0,25.4,58.9,102.5,0.00014,none,0,0,0,500.0,0.01,met,VALID
2025-06-30 16:00:00,GOV-EMERG-001,central,portal-main,718.5,39,0.898,0.1437,normal,none,1.0,False,0.0,10,50,500,5000,12.14,8.97,1554269.8,-6.67,600.0,28.6,72.2,165.9,0.00039,none,0,0,0,500.0,0.01,met,IMPUTED_MISSING
2025-06-30 18:00:00,GOV-EMERG-001,central,portal-main,517.9,23,0.647,0.1036,normal,none,1.0,False,0.0,10,50,500,5000,11.65,10.81,1553469.8,-6.67,600.0,32.2,71.3,166.2,0.00064,none,0,0,0,500.0,0.01,met,VALID
2025-06-30 20:00:00,GOV-EMERG-001,central,portal-main,356.4,21,0.445,0.0713,normal,none,1.0,False,0.0,10,50,500,5000,3.95,5.12,1552669.8,-6.67,600.0,23.3,59.5,116.3,0.0009,none,0,0,0,500.0,0.01,met,VALID
2025-06-30 22:00:00,GOV-EMERG-001,central,portal-main,228.2,13,0.285,0.0456,normal,none,1.0,False,0.0,10,50,500,5000,7.2,6.5,1551869.8,-6.67,600.0,23.3,46.8,126.8,0.00162,none,0,0,0,500.0,0.01,met,VALID
2025-07-01 00:00:00,GOV-EMERG-001,central,portal-main,107.8,6,0.135,0.0216,normal,none,1.0,False,0.0,10,50,500,5000,1.0,4.0,1551069.8,-6.67,600.0,22.0,50.2,97.0,0.00094,none,0,0,0,500.0,0.01,met,VALID
2025-07-01 02:00:00,GOV-EMERG-001,central,api-data,82.1,4,0.103,0.0164,normal,none,1.0,False,0.0,10,50,500,5000,4.48,5.87,1550269.8,-6.67,600.0,26.0,54.4,105.2,0.00121,none,0,0,0,500.0,0.01,met,VALID
2025-07-01 04:00:00,GOV-EMERG-001,central,portal-main,73.6,4,0.092,0.0147,normal,none,1.0,False,0.0,10,50,500,5000,1.0,4.0,1549469.8,-6.67,600.0,31.0,67.8,162.1,0.00043,none,0,0,0,500.0,0.01,met,VALID
2025-07-01 06:00:00,GOV-EMERG-001,central,status-page,198.8,12,0.249,0.0398,normal,none,1.0,False,0.0,10,50,500,5000,1.28,4.0,1548669.8,-6.67,600.0,28.2,56.9,121.9,0.00156,none,0,0,0,500.0,0.01,met,VALID
2025-07-01 08:00:00,GOV-EMERG-001,central,portal-main,556.7,29,0.696,0.1113,normal,none,1.0,False,0.0,10,50,500,5000,10.55,5.7,1547869.8,-6.67,600.0,19.4,39.3,78.2,0.00095,none,0,0,0,500.0,0.01,met,VALID
2025-07-01 10:00:00,GOV-EMERG-001,central,portal-main,829.7,41,1.037,0.1659,normal,none,1.0,False,0.0,10,50,500,5000,11.3,5.88,1547069.8,-6.67,600.0,32.6,79.1,190.8,0.00059,none,0,0,0,500.0,0.01,met,VALID
2025-07-01 12:00:00,GOV-EMERG-001,central,portal-main,779.2,45,0.974,0.1558,normal,none,1.0,False,0.0,10,50,500,5000,11.49,4.22,1546269.8,-6.67,600.0,27.8,66.6,155.3,0.00059,none,0,0,0,500.0,0.01,met,VALID
2025-07-01 14:00:00,GOV-EMERG-001,central,portal-main,839.0,36,1.049,0.1678,normal,none,1.0,False,0.0,10,50,500,5000,14.89,11.87,1545469.8,-6.67,600.0,32.1,68.2,135.6,0.00168,none,0,0,0,500.0,0.01,met,VALID
2025-07-01 16:00:00,GOV-EMERG-001,central,portal-main,606.7,27,0.758,0.1213,normal,none,1.0,False,0.0,10,50,500,5000,4.36,4.0,1544669.8,-6.67,600.0,27.9,70.8,161.3,0.00077,none,0,0,0,500.0,0.01,met,VALID
2025-07-01 18:00:00,GOV-EMERG-001,central,status-page,534.6,26,0.668,0.1069,normal,none,1.0,False,0.0,10,50,500,5000,1.78,4.0,1543869.8,-6.67,600.0,24.6,59.2,101.5,0.0006,none,0,0,0,500.0,0.01,met,VALID
2025-07-01 20:00:00,GOV-EMERG-001,central,portal-main,406.3,14,0.508,0.0813,normal,none,1.0,False,0.0,10,50,500,5000,5.02,4.0,1543069.8,-6.67,600.0,26.9,59.3,150.9,0.00083,none,0,0,0,500.0,0.01,met,VALID
2025-07-01 22:00:00,GOV-EMERG-001,central,portal-main,231.0,13,0.289,0.0462,normal,none,1.0,False,0.0,10,50,500,5000,1.75,4.0,1542269.8,-6.67,600.0,24.4,54.9,118.0,0.00102,none,0,0,0,500.0,0.01,met,VALID
2025-07-02 00:00:00,GOV-EMERG-001,central,portal-main,113.1,5,0.141,0.0226,normal,none,1.0,False,0.0,10,50,500,5000,4.86,4.0,1541469.8,-6.67,600.0,26.8,58.3,135.0,0.00106,none,0,0,0,500.0,0.01,met,VALID
2025-07-02 02:00:00,GOV-EMERG-001,central,portal-main,81.1,4,0.101,0.0162,normal,none,1.0,False,0.0,10,50,500,5000,1.0,4.0,1540669.8,-6.67,600.0,21.9,54.6,116.7,0.00118,none,0,0,0,500.0,0.01,met,VALID
2025-07-02 04:00:00,GOV-EMERG-001,central,portal-main,59.9,3,0.075,0.012,normal,none,1.0,False,0.0,10,50,500,5000,1.0,4.0,1539869.8,-6.67,600.0,20.8,47.8,87.3,0.00109,none,0,0,0,500.0,0.01,met,VALID
2025-07-02 06:00:00,GOV-EMERG-001,central,portal-main,212.3,11,0.265,0.0425,normal,none,1.0,False,0.0,10,50,500,5000,1.0,4.0,1539069.8,-6.67,600.0,29.0,60.4,168.9,0.00126,none,0,0,0,500.0,0.01,met,VALID
2025-07-02 08:00:00,GOV-EMERG-001,central,api-data,533.2,25,0.667,0.1066,normal,none,1.0,False,0.0,10,50,500,5000,12.93,14.87,1538269.8,-6.67,600.0,32.4,68.8,139.0,0.00089,none,0,0,0,500.0,0.01,met,VALID
2025-07-02 10:00:00,GOV-EMERG-001,central,portal-main,803.0,40,1.004,0.1606,normal,none,1.0,False,0.0,10,50,500,5000,16.11,11.084999999999999,1537469.8,-6.67,600.0,32.1,69.9,188.9,0.00183,none,0,0,0,500.0,0.01,met,IMPUTED_MISSING
2025-07-02 12:00:00,GOV-EMERG-001,central,portal-main,689.1,38,0.861,0.1378,normal,none,1.0,False,0.0,10,50,500,5000,9.55,7.3,1536669.8,-6.67,600.0,26.4,59.2,110.4,0.0008,none,0,0,0,500.0,0.01,met,IMPUTED_MISSING
2025-07-02 14:00:00,GOV-EMERG-001,central,api-data,778.1,36,0.973,0.1556,normal,none,1.0,False,0.0,10,50,500,5000,11.29,7.73,1535869.8,-6.67,600.0,26.6,62.8,115.8,0.00154,none,0,0,0,500.0,0.01,met,VALID
2025-07-02 16:00:00,GOV-EMERG-001,central,api-data,730.5,32,0.913,0.1461,normal,none,1.0,False,0.0,10,50,500,5000,14.08,12.9,1535069.8,-6.67,600.0,26.5,68.5,109.2,0.00076,none,0,0,0,500.0,0.01,met,VALID
2025-07-02 18:00:00,GOV-EMERG-001,central,portal-main,522.7,31,0.653,0.1045,normal,none,1.0,False,0.0,10,50,500,5000,9.82,8.98,1534269.8,-6.67,600.0,31.5,67.9,151.0,0.00043,none,0,0,0,500.0,0.01,met,VALID
2025-07-02 20:00:00,GOV-EMERG-001,central,portal-main,349.9,11,0.437,0.07,normal,none,1.0,False,0.0,10,50,500,5000,5.53,9.02,1533469.8,-6.67,600.0,23.6,51.8,122.2,0.00033,none,0,0,0,500.0,0.01,met,VALID
2025-07-02 22:00:00,GOV-EMERG-001,central,portal-main,211.2,10,0.264,0.0422,normal,none,1.0,False,0.0,10,50,500,5000,2.74,4.0,1532669.8,-6.67,600.0,29.6,59.7,155.6,0.00112,none,0,0,0,500.0,0.01,met,VALID
2025-07-03 00:00:00,GOV-EMERG-001,central,portal-main,108.8,5,0.136,0.0218,normal,none,1.0,False,0.0,10,50,500,5000,1.0,4.0,1531869.8,-6.67,600.0,28.1,62.5,159.0,0.00146,none,0,0,0,500.0,0.01,met,VALID
2025-07-03 02:00:00,GOV-EMERG-001,central,portal-main,75.0,4,0.094,0.015,normal,none,1.0,False,0.0,10,50,500,5000,2.98,5.23,1531069.8,-6.67,600.0,30.3,72.9,153.4,0.00054,none,0,0,0,500.0,0.01,met,VALID
2025-07-03 04:00:00,GOV-EMERG-001,central,api-data,64.4,2,0.08,0.0129,normal,none,1.0,False,0.0,10,50,500,5000,2.03,4.0,1530269.8,-6.67,600.0,29.6,76.3,148.5,0.00065,none,0,0,0,500.0,0.01,met,IMPUTED_MISSING
2025-07-03 06:00:00,GOV-EMERG-001,central,portal-main,209.8,10,0.262,0.042,normal,none,1.0,False,0.0,10,50,500,5000,3.86,4.09,1529469.8,-6.67,600.0,28.3,69.1,131.5,0.00115,none,0,0,0,500.0,0.01,met,VALID
2025-07-03 08:00:00,GOV-EMERG-001,central,api-data,544.3,27,0.68,0.1089,normal,none,1.0,False,0.0,10,50,500,5000,9.13,4.99,1528669.8,-6.67,600.0,22.2,45.9,117.6,0.001,none,0,0,0,500.0,0.01,met,VALID
2025-07-03 10:00:00,GOV-EMERG-001,central,portal-main,862.8,51,1.078,0.1726,normal,none,1.0,False,0.0,10,50,500,5000,17.68,12.51,1527869.8,-6.67,600.0,32.7,82.8,190.0,0.00077,none,0,0,0,500.0,0.01,met,REPAIRED_CAPACITY
2025-07-03 12:00:00,GOV-EMERG-001,central,api-data,694.2,37,0.868,0.1388,normal,none,1.0,False,0.0,10,50,500,5000,11.53,11.96,1527069.8,-6.67,600.0,29.5,73.8,138.9,0.00049,none,0,0,0,500.0,0.01,met,VALID
2025-07-03 14:00:00,GOV-EMERG-001,central,api-data,790.5,32,0.988,0.1581,normal,none,1.0,False,0.0,10,50,500,5000,15.55,4.0,1526269.8,-6.67,600.0,28.2,59.6,132.9,0.00112,none,0,0,0,500.0,0.01,met,VALID
2025-07-03 16:00:00,GOV-EMERG-001,central,portal-main,643.3,30,0.804,0.1287,normal,none,1.0,False,0.0,10,50,500,5000,10.65,9.21,1525469.8,-6.67,600.0,34.1,87.4,160.0,0.00126,none,0,0,0,500.0,0.01,met,VALID
2025-07-03 18:00:00,GOV-EMERG-001,central,portal-main,545.8,31,0.682,0.1092,normal,none,1.0,False,0.0,10,50,500,5000,7.82,7.07,1524669.8,-6.67,600.0,27.5,66.7,122.3,0.0012,none,0,0,0,500.0,0.01,met,VALID
2025-07-03 20:00:00,GOV-EMERG-001,central,portal-main,397.8,16,0.497,0.0796,normal,none,1.0,False,0.0,10,50,500,5000,4.59,4.0,1523869.8,-6.67,600.0,25.0,61.9,128.6,0.00101,none,0,0,0,500.0,0.01,met,VALID
2025-07-03 22:00:00,GOV-EMERG-001,central,api-data,204.3,10,0.255,0.0409,normal,none,1.0,False,0.0,10,50,500,5000,6.7,8.04,1523069.8,-6.67,600.0,30.6,56.349999999999994,128.7,0.00058,none,0,0,0,500.0,0.01,met,IMPUTED_MISSING
2025-07-04 00:00:00,GOV-EMERG-001,central,portal-main,112.0,6,0.14,0.0224,normal,none,1.0,False,0.0,10,50,500,5000,2.0,4.0,1522269.8,-6.67,600.0,24.0,50.8,135.8,0.00113,none,0,0,0,500.0,0.01,met,VALID
2025-07-04 02:00:00,GOV-EMERG-001,central,portal-main,80.8,4,0.101,0.0162,normal,none,1.0,False,0.0,10,50,500,5000,6.38,5.74,1521469.8,-6.67,600.0,23.1,57.3,98.7,0.0011,none,0,0,0,500.0,0.01,met,VALID
2025-07-04 04:00:00,GOV-EMERG-001,central,portal-main,56.4,4,0.07,0.0113,normal,none,1.0,False,0.0,10,50,500,5000,3.01,4.0,1520669.8,-6.67,600.0,20.8,47.5,90.3,0.00099,none,0,0,0,500.0,0.01,met,IMPUTED_MISSING
2025-07-04 06:00:00,GOV-EMERG-001,central,api-data,195.4,9,0.244,0.0391,normal,none,1.0,False,0.0,10,50,500,5000,1.68,4.0,1519869.8,-6.67,600.0,22.7,58.7,94.1,0.00088,none,0,0,0,500.0,0.01,met,VALID
2025-07-04 08:00:00,GOV-EMERG-001,central,portal-main,564.5,30,0.706,0.1129,normal,none,1.0,False,0.0,10,50,500,5000,10.31,7.75,1519069.8,-6.67,600.0,25.2,52.8,120.2,0.00115,none,0,0,0,500.0,0.01,met,VALID
2025-07-04 10:00:00,GOV-EMERG-001,central,portal-main,763.0,33,0.954,0.1526,normal,none,1.0,False,0.0,10,50,500,5000,8.79,4.0,1518269.8,-6.67,600.0,32.0,70.8,176.4,0.00097,none,0,0,0,500.0,0.01,met,VALID
2025-07-04 12:00:00,GOV-EMERG-001,central,status-page,702.8,38,0.878,0.1406,normal,none,1.0,False,0.0,10,50,500,5000,10.13,8.5,1517469.8,-6.67,600.0,25.0,61.1,145.6,0.00022,none,0,0,0,500.0,0.01,met,VALID
2025-07-04 14:00:00,GOV-EMERG-001,central,portal-main,826.9,47,1.034,0.1654,normal,none,1.0,False,0.0,10,50,500,5000,9.95,4.0,1516669.8,-6.67,600.0,22.5,52.8,109.7,0.00074,none,0,0,0,500.0,0.01,met,VALID
2025-07-04 16:00:00,GOV-EMERG-001,central,api-data,708.9,32,0.886,0.1418,normal,none,1.0,False,0.0,10,50,500,5000,13.18,4.41,1515869.8,-6.67,600.0,30.3,68.6,135.6,0.00072,none,0,0,0,500.0,0.01,met,VALID
2025-07-04 18:00:00,GOV-EMERG-001,central,portal-main,492.5,24,0.616,0.0985,normal,none,1.0,False,0.0,10,50,500,5000,10.57,4.94,1515069.8,-6.67,600.0,25.2,61.0,137.3,0.00122,none,0,0,0,500.0,0.01,met,VALID
2025-07-04 20:00:00,GOV-EMERG-001,central,portal-main,332.9,14,0.416,0.0666,normal,none,1.0,False,0.0,10,50,500,5000,1.0,4.0,1514269.8,-6.67,600.0,26.7,65.2,143.6,0.00204,none,0,0,0,500.0,0.01,met,IMPUTED_MISSING
2025-07-04 22:00:00,GOV-EMERG-001,central,api-data,203.0,8,0.254,0.0406,normal,none,1.0,False,0.0,10,50,500,5000,7.18,4.0,1513469.8,-6.67,600.0,31.2,73.2,167.3,0.00105,none,0,0,0,500.0,0.01,met,VALID
2025-07-05 00:00:00,GOV-EMERG-001,central,api-data,100.7,6,0.126,0.0201,seasonal,medium,1.0,False,2880.0,10,50,500,5000,2.02,4.0,1512669.8,-6.67,600.0,25.8,56.5,126.1,0.00052,none,0,0,0,500.0,0.01,met,VALID
2025-07-05 02:00:00,GOV-EMERG-001,central,api-data,82.15,3,0.103,0.0164,seasonal,medium,1.1305,False,2880.0,10,50,500,5000,1.0,4.0,1511869.8,-6.67,600.0,31.4,74.4,161.0,0.00094,none,0,0,0,500.0,0.01,met,IMPUTED_MISSING
2025-07-05 04:00:00,GOV-EMERG-001,central,portal-main,63.6,2,0.08,0.0127,seasonal,medium,1.2588,False,2880.0,10,50,500,5000,5.42,4.0,1511069.8,-6.67,600.0,25.0,58.3,103.3,0.001,none,0,0,0,500.0,0.01,met,VALID
2025-07-05 06:00:00,GOV-EMERG-001,central,portal-main,222.4,14,0.278,0.0445,seasonal,medium,1.3827,False,2880.0,10,50,500,5000,2.16,4.99,1510269.8,-6.67,600.0,30.2,74.8,135.9,0.0013,none,0,0,0,500.0,0.01,met,VALID
2025-07-05 08:00:00,GOV-EMERG-001,central,portal-main,655.1,28,0.819,0.131,seasonal,medium,1.5,False,2880.0,10,50,500,5000,5.33,4.0,1509469.8,-6.67,600.0,26.6,63.6,155.6,0.0015,none,0,0,0,500.0,0.01,met,IMPUTED_MISSING
2025-07-05 10:00:00,GOV-EMERG-001,central,portal-main,1044.0,50,1.305,0.2088,seasonal,medium,1.6088,False,2880.0,10,50,500,5000,12.31,5.31,1508669.8,-6.67,600.0,32.0,73.6,130.8,0.00156,none,0,0,0,500.0,0.01,met,VALID
2025-07-05 12:00:00,GOV-EMERG-001,central,portal-main,1109.4,71,1.387,0.2219,seasonal,medium,1.7071,False,2880.0,10,50,500,5000,18.34,13.02,1507869.8,-6.67,600.0,28.4,57.1,130.7,0.00121,none,0,0,0,500.0,0.01,met,VALID
2025-07-05 14:00:00,GOV-EMERG-001,central,portal-main,1140.8,56,1.426,0.2282,seasonal,medium,1.7934,False,2880.0,10,50,500,5000,21.08,9.49,1507069.8,-6.67,600.0,29.1,61.2,129.7,0.001,none,0,0,0,500.0,0.01,met,VALID
2025-07-05 16:00:00,GOV-EMERG-001,central,portal-main,993.0,44,1.241,0.1986,seasonal,medium,1.866,False,2880.0,10,50,500,5000,15.83,14.45,1506269.8,-6.67,600.0,30.3,66.7,129.1,0.00159,none,0,0,0,500.0,0.01,met,IMPUTED_MISSING
2025-07-05 18:00:00,GOV-EMERG-001,central,portal-main,841.0,33,1.051,0.1682,seasonal,medium,1.9239,False,2880.0,10,50,500,5000,13.42,9.225,1505469.8,-6.67,600.0,24.7,58.4,144.7,0.00086,none,0,0,0,500.0,0.01,met,IMPUTED_MISSING
2025-07-05 20:00:00,GOV-EMERG-001,central,portal-main,573.0,21,0.716,0.1146,seasonal,medium,1.9659,False,2880.0,10,50,500,5000,10.59,4.0,1504669.8,-6.67,600.0,28.9,71.5,122.8,0.00102,none,0,0,0,500.0,0.01,met,VALID
2025-07-05 22:00:00,GOV-EMERG-001,central,portal-main,382.5,19,0.478,0.0765,seasonal,medium,1.9914,False,2880.0,10,50,500,5000,4.6,4.0,1503869.8,-6.67,600.0,25.9,66.6,128.7,0.0009,none,0,0,0,500.0,0.01,met,VALID
2025-07-06 00:00:00,GOV-EMERG-001,central,api-data,181.5,10,0.227,0.0363,seasonal,medium,2.0,False,2880.0,10,50,500,5000,1.85,4.0,1503069.8,-6.67,600.0,26.9,63.4,152.7,0.00015,none,0,0,0,500.0,0.01,met,VALID
2025-07-06 02:00:00,GOV-EMERG-001,central,portal-main,118.0,6,0.148,0.0236,seasonal,medium,1.9914,False,2880.0,10,50,500,5000,7.08,4.0,1502269.8,-6.67,600.0,20.4,49.6,81.6,0.00151,none,0,0,0,500.0,0.01,met,IMPUTED_MISSING
2025-07-06 04:00:00,GOV-EMERG-001,central,portal-main,85.9,4,0.107,0.0172,seasonal,medium,1.9659,False,2880.0,10,50,500,5000,1.14,4.0,1501469.8,-6.67,600.0,28.2,67.0,119.1,0.00127,none,0,0,0,500.0,0.01,met,VALID
2025-07-06 06:00:00,GOV-EMERG-001,central,api-data,265.2,13,0.331,0.053,seasonal,medium,1.9239,False,2880.0,10,50,500,5000,6.49,4.0,1500669.8,-6.67,600.0,33.2,74.9,155.5,5e-05,none,0,0,0,500.0,0.01,met,VALID
2025-07-06 08:00:00,GOV-EMERG-001,central,api-data,711.8,25,0.89,0.1424,seasonal,medium,1.866,False,2880.0,10,50,500,5000,16.21,9.08,1499869.8,-6.67,600.0,35.1,83.0,150.7,0.0014,none,0,0,0,500.0,0.01,met,VALID
2025-07-06 10:00:00,GOV-EMERG-001,central,portal-main,1096.4,59,1.37,0.2193,seasonal,medium,1.7934,False,2880.0,10,50,500,5000,14.26,8.38,1499069.8,-6.67,600.0,39.6,88.8,173.0,0.00088,none,0,0,0,500.0,0.01,met,VALID
2025-07-06 12:00:00,GOV-EMERG-001,central,portal-main,859.0,44,1.074,0.1718,seasonal,medium,1.7071,False,2880.0,10,50,500,5000,19.24,11.97,1498269.8,-6.67,600.0,30.4,69.0,157.3,0.0014,none,0,0,0,500.0,0.01,met,VALID
2025-07-06 14:00:00,GOV-EMERG-001,central,portal-main,1025.9,68,1.282,0.2052,seasonal,medium,1.6088,False,2880.0,10,50,500,5000,17.25,5.56,1497469.8,-6.67,600.0,30.0,76.5,130.4,0.00103,none,0,0,0,500.0,0.01,met,VALID
2025-07-06 16:00:00,GOV-EMERG-001,central,portal-main,766.2,38,0.958,0.1532,seasonal,medium,1.5,False,2880.0,10,50,500,5000,13.1,6.94,1496669.8,-6.67,600.0,31.5,73.6,166.1,0.00046,none,0,0,0,500.0,0.01,met,VALID
2025-07-06 18:00:00,GOV-EMERG-001,central,api-data,532.7,22,0.666,0.1065,seasonal,medium,1.3827,False,2880.0,10,50,500,5000,9.19,6.47,1495869.8,-6.67,600.0,27.0,55.7,157.6,0.00101,none,0,0,0,500.0,0.01,met,IMPUTED_MISSING
2025-07-06 20:00:00,GOV-EMERG-001,central,status-page,325.5,16,0.407,0.0651,seasonal,medium,1.2588,False,2880.0,10,50,500,5000,5.28,4.73,1495069.8,-6.67,600.0,19.8,45.8,88.2,0.00076,none,0,0,0,500.0,0.01,met,IMPUTED_MISSING
2025-07-06 22:00:00,GOV-EMERG-001,central,portal-main,195.8,9,0.245,0.0392,seasonal,medium,1.1305,False,2880.0,10,50,500,5000,5.0,9.18,1494269.8,-6.67,600.0,29.3,75.4,129.6,0.00051,none,0,0,0,500.0,0.01,met,VALID
2025-07-07 00:00:00,GOV-EMERG-001,central,api-data,115.2,6,0.144,0.023,normal,none,1.0,False,0.0,10,50,500,5000,5.23,5.57,1493469.8,-6.67,600.0,24.7,50.8,99.2,0.00135,none,0,0,0,500.0,0.01,met,VALID
2025-07-07 02:00:00,GOV-EMERG-001,central,portal-main,76.1,4,0.095,0.0152,normal,none,1.0,False,0.0,10,50,500,5000,1.32,5.6,1492669.8,-6.67,600.0,19.5,50.4,78.6,0.00116,none,0,0,0,500.0,0.01,met,VALID
2025-07-07 04:00:00,GOV-EMERG-001,central,portal-main,67.8,3,0.085,0.0136,normal,none,1.0,False,0.0,10,50,500,5000,3.13,4.0,1491869.8,-6.67,600.0,23.3,60.4,111.7,0.0016,none,0,0,0,500.0,0.01,met,VALID
2025-07-07 06:00:00,GOV-EMERG-001,central,api-data,203.5,7,0.254,0.0407,normal,none,1.0,False,0.0,10,50,500,5000,4.77,4.0,1491069.8,-6.67,600.0,25.2,58.9,125.5,0.00084,none,0,0,0,500.0,0.01,met,VALID
2025-07-07 08:00:00,GOV-EMERG-001,central,portal-main,553.4,29,0.692,0.1107,normal,none,1.0,False,0.0,10,50,500,5000,7.66,4.0,1490269.8,-6.67,600.0,28.2,61.9,122.9,0.00061,none,0,0,0,500.0,0.01,met,VALID
2025-07-07 10:00:00,GOV-EMERG-001,central,portal-main,825.7,51,1.032,0.1651,normal,none,1.0,False,0.0,10,50,500,5000,11.19,4.21,1489469.8,-6.67,600.0,30.0,60.2,139.6,0.00126,none,0,0,0,500.0,0.01,met,VALID
2025-07-07 12:00:00,GOV-EMERG-001,central,portal-main,720.3,36,0.9,0.1441,normal,none,1.0,False,0.0,10,50,500,5000,14.93,10.58,1488669.8,-6.67,600.0,34.7,69.7,148.5,0.00067,none,0,0,0,500.0,0.01,met,VALID
2025-07-07 14:00:00,GOV-EMERG-001,central,status-page,815.3,46,1.019,0.1631,normal,none,1.0,False,0.0,10,50,500,5000,14.61,4.46,1487869.8,-6.67,600.0,24.7,55.2,132.6,0.00088,none,0,0,0,500.0,0.01,met,VALID
2025-07-07 16:00:00,GOV-EMERG-001,central,portal-main,652.2,38,0.815,0.1304,normal,none,1.0,False,0.0,10,50,500,5000,16.24,12.12,1487069.8,-6.67,600.0,28.1,69.5,134.7,0.00121,none,0,0,0,500.0,0.01,met,VALID
2025-07-07 18:00:00,GOV-EMERG-001,central,portal-main,573.8,30,0.717,0.1148,normal,none,1.0,False,0.0,10,50,500,5000,7.27,4.0,1486269.8,-6.67,600.0,30.0,63.4,135.2,0.00095,none,0,0,0,500.0,0.01,met,IMPUTED_MISSING
2025-07-07 20:00:00,GOV-EMERG-001,central,portal-main,349.6,15,0.437,0.0699,normal,none,1.0,False,0.0,10,50,500,5000,5.98,4.0,1485469.8,-6.67,600.0,31.9,66.8,162.7,0.0008,none,0,0,0,500.0,0.01,met,VALID
2025-07-07 22:00:00,GOV-EMERG-001,central,portal-main,241.4,12,0.302,0.0483,normal,none,1.0,False,0.0,10,50,500,5000,1.0,4.0,1484669.8,-6.67,600.0,24.0,55.1,114.2,0.00044,none,0,0,0,500.0,0.01,met,VALID
2025-07-08 00:00:00,GOV-EMERG-001,central,portal-main,118.9,7,0.149,0.0238,normal,none,1.0,False,0.0,10,50,500,5000,3.09,4.0,1483869.8,-6.67,600.0,24.2,55.8,127.3,0.00137,none,0,0,0,500.0,0.01,met,VALID
2025-07-08 02:00:00,GOV-EMERG-001,central,api-data,83.2,5,0.104,0.0166,normal,none,1.0,False,0.0,10,50,500,5000,1.16,4.0,1483069.8,-6.67,600.0,29.6,66.0,118.9,0.00085,none,0,0,0,500.0,0.01,met,VALID
2025-07-08 04:00:00,GOV-EMERG-001,central,api-data,66.3,4,0.083,0.0133,normal,none,1.0,False,0.0,10,50,500,5000,3.35,5.3,1482269.8,-6.67,600.0,30.6,71.2,164.8,0.00125,none,0,0,0,500.0,0.01,met,VALID
2025-07-08 06:00:00,GOV-EMERG-001,central,api-data,211.5,10,0.264,0.0423,normal,none,1.0,False,0.0,10,50,500,5000,7.98,6.074999999999999,1481469.8,-6.67,600.0,32.0,81.7,151.7,0.00119,none,0,0,0,500.0,0.01,met,IMPUTED_MISSING
2025-07-08 08:00:00,GOV-EMERG-001,central,api-data,536.5,26,0.671,0.1073,normal,none,1.0,False,0.0,10,50,500,5000,10.03,6.85,1480669.8,-6.67,600.0,21.4,48.5,107.7,0.00144,none,0,0,0,500.0,0.01,met,VALID
2025-07-08 10:00:00,GOV-EMERG-001,central,portal-main,843.0,41,1.054,0.1686,normal,none,1.0,False,0.0,10,50,500,5000,11.66,4.13,1479869.8,-6.67,600.0,32.0,66.6,161.5,0.00091,none,0,0,0,500.0,0.01,met,VALID
2025-07-08 12:00:00,GOV-EMERG-001,central,portal-main,786.5,39,0.983,0.1573,normal,none,1.0,False,0.0,10,50,500,5000,14.41,13.74,1479069.8,-6.67,600.0,30.7,73.8,157.3,0.00086,none,0,0,0,500.0,0.01,met,VALID
2025-07-08 14:00:00,GOV-EMERG-001,central,portal-main,789.7,47,0.987,0.1579,normal,none,1.0,False,0.0,10,50,500,5000,16.45,6.46,1478269.8,-6.67,600.0,29.5,59.5,159.3,0.00056,none,0,0,0,500.0,0.01,met,IMPUTED_MISSING
2025-07-08 16:00:00,GOV-EMERG-001,central,portal-main,681.2,21,0.852,0.1362,normal,none,1.0,False,0.0,10,50,500,5000,18.49,11.66,1477469.8,-6.67,600.0,29.2,74.9,123.3,0.00078,none,0,0,0,500.0,0.01,met,VALID
2025-07-08 18:00:00,GOV-EMERG-001,central,status-page,506.4,19,0.633,0.1013,normal,none,1.0,False,0.0,10,50,500,5000,8.38,4.0,1476669.8,-6.67,600.0,33.0,84.5,164.1,0.00114,none,0,0,0,500.0,0.01,met,IMPUTED_MISSING
2025-07-08 20:00:00,GOV-EMERG-001,central,api-data,353.8,17,0.442,0.0708,normal,none,1.0,False,0.0,10,50,500,5000,3.87,4.0,1475869.8,-6.67,600.0,31.1,63.8,129.4,0.00067,none,0,0,0,500.0,0.01,met,VALID
2025-07-08 22:00:00,GOV-EMERG-001,central,status-page,243.2,9,0.304,0.0486,normal,none,1.0,False,0.0,10,50,500,5000,2.53,4.0,1475069.8,-6.67,600.0,29.9,69.6,133.4,0.00113,none,0,0,0,500.0,0.01,met,VALID
2025-07-09 00:00:00,GOV-EMERG-001,central,portal-main,114.0,6,0.142,0.0228,normal,none,1.0,False,0.0,10,50,500,5000,2.56,4.0,1474269.8,-6.67,600.0,26.4,65.5,115.6,0.00159,none,0,0,0,500.0,0.01,met,VALID
2025-07-09 02:00:00,GOV-EMERG-001,central,portal-main,76.2,3,0.095,0.0152,normal,none,1.0,False,0.0,10,50,500,5000,1.0,4.0,1473469.8,-6.67,600.0,34.5,78.5,179.1,0.00082,none,0,0,0,500.0,0.01,met,VALID
2025-07-09 04:00:00,GOV-EMERG-001,central,portal-main,69.2,3,0.087,0.0138,normal,none,1.0,False,0.0,10,50,500,5000,1.0,4.0,1472669.8,-6.67,600.0,23.7,54.3,123.8,0.00047,none,0,0,0,500.0,0.01,met,VALID
2025-07-09 06:00:00,GOV-EMERG-001,central,portal-main,206.2,20,0.258,0.0412,normal,none,1.0,False,0.0,10,50,500,5000,2.84,4.0,1471869.8,-6.67,600.0,19.6,50.6,111.0,0.00083,none,0,0,0,500.0,0.01,met,IMPUTED_MISSING
2025-07-09 08:00:00,GOV-EMERG-001,central,portal-main,619.4,36,0.774,0.1239,normal,none,1.0,False,0.0,10,50,500,5000,11.45,7.18,1471069.8,-6.67,600.0,27.5,58.7,138.6,0.00043,none,0,0,0,500.0,0.01,met,VALID
2025-07-09 10:00:00,GOV-EMERG-001,central,portal-main,782.0,43,0.978,0.1564,normal,none,1.0,False,0.0,10,50,500,5000,7.45,6.17,1470269.8,-6.67,600.0,29.9,69.2,163.9,0.00153,none,0,0,0,500.0,0.01,met,VALID
2025-07-09 12:00:00,GOV-EMERG-001,central,portal-main,724.5,39,0.906,0.1449,normal,none,1.0,False,0.0,10,50,500,5000,9.42,7.84,1469469.8,-6.67,600.0,34.4,71.3,199.1,0.00103,none,0,0,0,500.0,0.01,met,VALID
2025-07-09 14:00:00,GOV-EMERG-001,central,status-page,773.6,38,0.967,0.1547,normal,none,1.0,False,0.0,10,50,500,5000,15.61,10.75,1468669.8,-6.67,600.0,27.5,60.1,117.5,0.00071,none,0,0,0,500.0,0.01,met,VALID
2025-07-09 16:00:00,GOV-EMERG-001,central,portal-main,684.9,46,0.856,0.137,normal,none,1.0,False,0.0,10,50,500,5000,13.6,10.59,1467869.8,-6.67,600.0,30.9,77.7,168.3,0.00078,none,0,0,0,500.0,0.01,met,VALID
2025-07-09 18:00:00,GOV-EMERG-001,central,portal-main,473.9,27,0.592,0.0948,normal,none,1.0,False,0.0,10,50,500,5000,6.22,4.0,1467069.8,-6.67,600.0,21.7,52.8,101.1,0.00053,none,0,0,0,500.0,0.01,met,VALID
2025-07-09 20:00:00,GOV-EMERG-001,central,api-data,372.3,16,0.465,0.0745,normal,none,1.0,False,0.0,10,50,500,5000,8.15,8.3,1466269.8,-6.67,600.0,31.3,74.2,142.8,0.0014,none,0,0,0,500.0,0.01,met,VALID
2025-07-09 22:00:00,GOV-EMERG-001,central,portal-main,227.6,9,0.284,0.0455,normal,none,1.0,False,0.0,10,50,500,5000,1.78,5.04,1465469.8,-6.67,600.0,26.5,54.7,156.8,0.00173,none,0,0,0,500.0,0.01,met,VALID
2025-07-10 00:00:00,GOV-EMERG-001,central,status-page,119.7,7,0.15,0.0239,normal,none,1.0,False,0.0,10,50,500,5000,2.19,4.0,1464669.8,-6.67,600.0,24.5,61.5,108.1,0.0004,none,0,0,0,500.0,0.01,met,VALID
2025-07-10 02:00:00,GOV-EMERG-001,central,api-data,78.4,4,0.098,0.0157,normal,none,1.0,False,0.0,10,50,500,5000,1.0,4.0,1463869.8,-6.67,600.0,33.9,73.9,197.8,0.00142,none,0,0,0,500.0,0.01,met,VALID
2025-07-10 04:00:00,GOV-EMERG-001,central,portal-main,61.1,2,0.076,0.0122,normal,none,1.0,False,0.0,10,50,500,5000,1.0,4.0,1463069.8,-6.67,600.0,29.6,68.7,167.1,0.0009,none,0,0,0,500.0,0.01,met,VALID
2025-07-10 06:00:00,GOV-EMERG-001,central,api-data,207.3,11,0.259,0.0415,normal,none,1.0,False,0.0,10,50,500,5000,4.4,7.59,1462269.8,-6.67,600.0,21.9,46.9,126.2,0.00151,none,0,0,0,500.0,0.01,met,VALID
2025-07-10 08:00:00,GOV-EMERG-001,central,portal-main,527.2,25,0.659,0.1054,normal,none,1.0,False,0.0,10,50,500,5000,7.86,5.65,1461469.8,-6.67,600.0,27.5,63.6,142.3,0.00027,none,0,0,0,500.0,0.01,met,VALID
2025-07-10 10:00:00,GOV-EMERG-001,central,api-data,820.5,45,1.026,0.1641,normal,none,1.0,False,0.0,10,50,500,5000,13.24,15.85,1460669.8,-6.67,600.0,40.9,95.5,211.2,0.00109,none,0,0,0,500.0,0.01,met,VALID
2025-07-10 12:00:00,GOV-EMERG-001,central,api-data,794.7,43,0.993,0.1589,normal,none,1.0,False,0.0,10,50,500,5000,11.95,8.81,1459869.8,-6.67,600.0,37.6,83.0,180.9,0.00084,none,0,0,0,500.0,0.01,met,VALID
2025-07-10 14:00:00,GOV-EMERG-001,central,api-data,859.4,39,1.074,0.1719,normal,none,1.0,False,0.0,10,50,500,5000,14.92,9.26,1459069.8,-6.67,600.0,33.9,78.0,162.7,0.00126,none,0,0,0,500.0,0.01,met,VALID
2025-07-10 16:00:00,GOV-EMERG-001,central,portal-main,628.8,35,0.786,0.1258,normal,none,1.0,False,0.0,10,50,500,5000,1.35,4.0,1458269.8,-6.67,600.0,21.2,47.6,120.9,0.00102,none,0,0,0,500.0,0.01,met,VALID
2025-07-10 18:00:00,GOV-EMERG-001,central,portal-main,506.0,23,0.632,0.1012,normal,none,1.0,False,0.0,10,50,500,5000,7.7,4.0,1457469.8,-6.67,600.0,33.1,80.2,158.3,0.00101,none,0,0,0,500.0,0.01,met,VALID
2025-07-10 20:00:00,GOV-EMERG-001,central,api-data,367.6,17,0.46,0.0735,normal,none,1.0,False,0.0,10,50,500,5000,6.63,4.0,1456669.8,-6.67,600.0,24.4,56.9,121.6,0.00096,none,0,0,0,500.0,0.01,met,VALID
2025-07-10 22:00:00,GOV-EMERG-001,central,status-page,223.2,10,0.279,0.0446,normal,none,1.0,False,0.0,10,50,500,5000,4.03,5.19,1455869.8,-6.67,600.0,31.5,79.5,188.5,0.00162,none,0,0,0,500.0,0.01,met,VALID
2025-07-11 00:00:00,GOV-EMERG-001,central,portal-main,106.0,6,0.132,0.0212,normal,none,1.0,False,0.0,10,50,500,5000,1.0,4.0,1455069.8,-6.67,600.0,22.7,46.0,106.7,0.00093,none,0,0,0,500.0,0.01,met,VALID
2025-07-11 02:00:00,GOV-EMERG-001,central,api-data,77.5,4,0.097,0.0155,normal,none,1.0,False,0.0,10,50,500,5000,1.0,4.0,1454269.8,-6.67,600.0,27.3,55.1,154.4,0.00135,none,0,0,0,500.0,0.01,met,VALID
2025-07-11 04:00:00,GOV-EMERG-001,central,portal-main,60.8,4,0.076,0.0122,normal,none,1.0,False,0.0,10,50,500,5000,1.0,4.0,1453469.8,-6.67,600.0,22.7,48.1,103.6,0.00125,none,0,0,0,500.0,0.01,met,VALID
2025-07-11 06:00:00,GOV-EMERG-001,central,api-data,208.2,14,0.26,0.0416,normal,none,1.0,False,0.0,10,50,500,5000,1.0,4.58,1452669.8,-6.67,600.0,24.6,51.0,99.8,0.00126,none,0,0,0,500.0,0.01,met,IMPUTED_MISSING
2025-07-11 08:00:00,GOV-EMERG-001,central,status-page,525.3,23,0.657,0.1051,normal,none,1.0,False,0.0,10,50,500,5000,3.84,5.44,1451869.8,-6.67,600.0,30.4,70.4,157.8,0.00127,none,0,0,0,500.0,0.01,met,IMPUTED_MISSING
2025-07-11 10:00:00,GOV-EMERG-001,central,portal-main,804.4,21,1.006,0.1609,normal,none,1.0,False,0.0,10,50,500,5000,17.12,14.84,1451069.8,-6.67,600.0,24.5,52.0,121.6,0.00128,none,0,0,0,500.0,0.01,met,VALID
2025-07-11 12:00:00,GOV-EMERG-001,central,portal-main,640.7,38,0.801,0.1281,normal,none,1.0,False,0.0,10,50,500,5000,14.6,14.56,1450269.8,-6.67,600.0,38.2,76.7,212.7,0.00113,none,0,0,0,500.0,0.01,met,VALID
2025-07-11 14:00:00,GOV-EMERG-001,central,portal-main,720.9,34,0.901,0.1442,normal,none,1.0,False,0.0,10,50,500,5000,11.38,5.69,1449469.8,-6.67,600.0,25.1,54.5,100.6,0.00052,none,0,0,0,500.0,0.01,met,VALID
2025-07-11 16:00:00,GOV-EMERG-001,central,portal-main,669.3,29,0.837,0.1339,normal,none,1.0,False,0.0,10,50,500,5000,13.48,13.15,1448669.8,-6.67,600.0,24.5,56.6,101.6,0.00092,none,0,0,0,500.0,0.01,met,VALID
2025-07-11 18:00:00,GOV-EMERG-001,central,portal-main,520.8,23,0.651,0.1042,normal,none,1.0,False,0.0,10,50,500,5000,12.14,17.1,1447869.8,-6.67,600.0,30.4,73.8,173.9,0.00192,none,0,0,0,500.0,0.01,met,VALID
2025-07-11 20:00:00,GOV-EMERG-001,central,portal-main,325.6,15,0.407,0.0651,normal,none,1.0,False,0.0,10,50,500,5000,8.72,4.0,1447069.8,-6.67,600.0,31.9,72.2,158.3,0.00084,none,0,0,0,500.0,0.01,met,VALID
2025-07-11 22:00:00,GOV-EMERG-001,central,portal-main,213.1,13,0.266,0.0426,normal,none,1.0,False,0.0,10,50,500,5000,1.0,4.0,1446269.8,-6.67,600.0,24.8,64.0,124.4,0.00085,none,0,0,0,500.0,0.01,met,VALID
2025-07-12 00:00:00,GOV-EMERG-001,central,portal-main,89.4,5,0.112,0.0179,normal,none,1.0,False,0.0,10,50,500,5000,4.91,4.0,1445469.8,-6.67,600.0,21.2,44.9,94.2,0.00118,none,0,0,0,500.0,0.01,met,VALID
2025-07-12 02:00:00,GOV-EMERG-001,central,portal-main,63.4,4,0.079,0.0127,normal,none,1.0,False,0.0,10,50,500,5000,1.0,4.0,1444669.8,-6.67,600.0,21.6,49.9,126.6,0.00078,none,0,0,0,500.0,0.01,met,VALID
2025-07-12 04:00:00,GOV-EMERG-001,central,api-data,53.3,3,0.067,0.0107,normal,none,1.0,False,0.0,10,50,500,5000,1.0,4.0,1443869.8,-6.67,600.0,21.2,45.5,123.3,0.00106,none,0,0,0,500.0,0.01,met,VALID
2025-07-12 06:00:00,GOV-EMERG-001,central,api-data,156.5,7,0.196,0.0313,normal,none,1.0,False,0.0,10,50,500,5000,1.0,4.0,1443069.8,-6.67,600.0,27.0,67.2,136.1,0.00082,none,0,0,0,500.0,0.01,met,VALID
2025-07-12 08:00:00,GOV-EMERG-001,central,portal-main,442.4,21,0.553,0.0885,normal,none,1.0,False,0.0,10,50,500,5000,4.77,4.0,1442269.8,-6.67,600.0,27.1,57.4,120.4,0.00116,none,0,0,0,500.0,0.01,met,VALID
2025-07-12 10:00:00,GOV-EMERG-001,central,api-data,603.8,33,0.755,0.1208,normal,none,1.0,False,0.0,10,50,500,5000,10.92,8.59,1441469.8,-6.67,600.0,30.1,77.7,179.8,0.00098,none,0,0,0,500.0,0.01,met,VALID
2025-07-12 12:00:00,GOV-EMERG-001,central,portal-main,557.3,32,0.697,0.1115,normal,none,1.0,False,0.0,10,50,500,5000,14.57,11.52,1440669.8,-6.67,600.0,29.6,71.9,171.2,0.00178,none,0,0,0,500.0,0.01,met,VALID
2025-07-12 14:00:00,GOV-EMERG-001,central,portal-main,696.3,41,0.87,0.1393,normal,none,1.0,False,0.0,10,50,500,5000,9.46,9.95,1439869.8,-6.67,600.0,32.3,75.5,163.1,0.00102,none,0,0,0,500.0,0.01,met,VALID
2025-07-12 16:00:00,GOV-EMERG-001,central,portal-main,546.0,26,0.682,0.1092,normal,none,1.0,False,0.0,10,50,500,5000,9.66,4.0,1439069.8,-6.67,600.0,26.4,61.3,138.8,0.00091,none,0,0,0,500.0,0.01,met,VALID
2025-07-12 18:00:00,GOV-EMERG-001,central,portal-main,395.2,20,0.494,0.079,normal,none,1.0,False,0.0,10,50,500,5000,8.35,4.0,1438269.8,-6.67,600.0,24.2,53.6,118.0,0.00141,none,0,0,0,500.0,0.01,met,VALID
2025-07-12 20:00:00,GOV-EMERG-001,central,portal-main,283.5,16,0.354,0.0567,normal,none,1.0,False,0.0,10,50,500,5000,4.67,4.0,1437469.8,-6.67,600.0,27.1,54.6,119.7,0.00044,none,0,0,0,500.0,0.01,met,VALID
2025-07-12 22:00:00,GOV-EMERG-001,central,portal-main,164.9,8,0.206,0.033,normal,none,1.0,False,0.0,10,50,500,5000,1.61,4.0,1436669.8,-6.67,600.0,25.6,65.3,137.5,0.00168,none,0,0,0,500.0,0.01,met,VALID
2025-07-13 00:00:00,GOV-EMERG-001,central,api-data,85.4,3,0.107,0.0171,normal,none,1.0,False,0.0,10,50,500,5000,2.97,4.0,1435869.8,-6.67,600.0,26.4,65.5,141.2,0.0006,none,0,0,0,500.0,0.01,met,VALID
2025-07-13 02:00:00,GOV-EMERG-001,central,api-data,64.1,3,0.08,0.0128,normal,none,1.0,False,0.0,10,50,500,5000,4.01,4.0,1435069.8,-6.67,600.0,22.5,46.8,114.5,0.00148,none,0,0,0,500.0,0.01,met,VALID
2025-07-13 04:00:00,GOV-EMERG-001,central,portal-main,47.7,2,0.06,0.0095,normal,none,1.0,False,0.0,10,50,500,5000,1.0,4.0,1434269.8,-6.67,600.0,27.8,57.7,156.5,0.00158,none,0,0,0,500.0,0.01,met,VALID
2025-07-13 06:00:00,GOV-EMERG-001,central,portal-main,164.2,9,0.205,0.0328,normal,none,1.0,False,0.0,10,50,500,5000,2.42,4.0,1433469.8,-6.67,600.0,21.1,46.2,103.6,0.00079,none,0,0,0,500.0,0.01,met,VALID
2025-07-13 08:00:00,GOV-EMERG-001,central,portal-main,418.0,25,0.522,0.0836,normal,none,1.0,False,0.0,10,50,500,5000,10.66,4.0,1432669.8,-6.67,600.0,25.5,62.7,146.0,0.00083,none,0,0,0,500.0,0.01,met,VALID
2025-07-13 10:00:00,GOV-EMERG-001,central,api-data,598.9,23,0.749,0.1198,normal,none,1.0,False,0.0,10,50,500,5000,8.72,4.0,1431869.8,-6.67,600.0,32.9,75.8,146.0,0.00096,none,0,0,0,500.0,0.01,met,VALID
2025-07-13 12:00:00,GOV-EMERG-001,central,api-data,557.3,25,0.697,0.1115,normal,none,1.0,False,0.0,10,50,500,5000,7.12,7.23,1431069.8,-6.67,600.0,23.6,56.5,139.9,0.00125,none,0,0,0,500.0,0.01,met,VALID
2025-07-13 14:00:00,GOV-EMERG-001,central,portal-main,519.8,24,0.65,0.104,normal,none,1.0,False,0.0,10,50,500,5000,11.48,8.86,1430269.8,-6.67,600.0,32.1,64.3,141.6,0.0006,none,0,0,0,500.0,0.01,met,VALID
2025-07-13 16:00:00,GOV-EMERG-001,central,portal-main,515.2,29,0.644,0.103,normal,none,1.0,False,0.0,10,50,500,5000,8.43,4.65,1429469.8,-6.67,600.0,22.2,56.8,96.1,0.00096,none,0,0,0,500.0,0.01,met,VALID
2025-07-13 18:00:00,GOV-EMERG-001,central,portal-main,389.0,18,0.486,0.0778,normal,none,1.0,False,0.0,10,50,500,5000,3.22,6.48,1428669.8,-6.67,600.0,20.8,43.6,108.1,0.00087,none,0,0,0,500.0,0.01,met,VALID
2025-07-13 20:00:00,GOV-EMERG-001,central,portal-main,290.1,13,0.363,0.058,normal,none,1.0,False,0.0,10,50,500,5000,3.73,5.6,1427869.8,-6.67,600.0,20.6,45.1,86.1,0.00054,none,0,0,0,500.0,0.01,met,VALID
2025-07-13 22:00:00,GOV-EMERG-001,central,api-data,176.1,7,0.22,0.0352,normal,none,1.0,False,0.0,10,50,500,5000,5.93,4.0,1427069.8,-6.67,600.0,26.4,67.7,114.4,0.00058,none,0,0,0,500.0,0.01,met,VALID
2025-07-14 00:00:00,GOV-EMERG-001,central,api-data,113.2,6,0.142,0.0226,normal,none,1.0,False,0.0,10,50,500,5000,1.71,4.0,1426269.8,-6.67,600.0,28.5,69.5,155.5,0.00105,none,0,0,0,500.0,0.01,met,VALID
2025-07-14 02:00:00,GOV-EMERG-001,central,portal-main,85.0,4,0.106,0.017,normal,none,1.0,False,0.0,10,50,500,5000,1.0,4.0,1425469.8,-6.67,600.0,30.6,70.6,141.3,0.00104,none,0,0,0,500.0,0.01,met,VALID
2025-07-14 04:00:00,GOV-EMERG-001,central,portal-main,63.2,3,0.079,0.0126,normal,none,1.0,False,0.0,10,50,500,5000,1.0,4.0,1424669.8,-6.67,600.0,30.2,76.0,169.0,0.00069,none,0,0,0,500.0,0.01,met,VALID
2025-07-14 06:00:00,GOV-EMERG-001,central,portal-main,191.0,9,0.239,0.0382,normal,none,1.0,False,0.0,10,50,500,5000,1.28,6.82,1423869.8,-6.67,600.0,29.4,60.0,126.9,0.00103,none,0,0,0,500.0,0.01,met,VALID
2025-07-14 08:00:00,GOV-EMERG-001,central,portal-main,565.5,21,0.707,0.1131,normal,none,1.0,False,0.0,10,50,500,5000,8.01,8.45,1423069.8,-6.67,600.0,24.9,50.9,118.6,0.00074,none,0,0,0,500.0,0.01,met,IMPUTED_MISSING
2025-07-14 10:00:00,GOV-EMERG-001,central,portal-main,791.9,33,0.99,0.1584,normal,none,1.0,False,0.0,10,50,500,5000,11.37,8.55,1422269.8,-6.67,600.0,26.3,55.1,125.7,0.00152,none,0,0,0,500.0,0.01,met,VALID
2025-07-14 12:00:00,GOV-EMERG-001,central,portal-main,775.4,33,0.969,0.1551,normal,none,1.0,False,0.0,10,50,500,5000,12.79,6.49,1421469.8,-6.67,600.0,32.7,70.7,162.4,0.00096,none,0,0,0,500.0,0.01,met,VALID
2025-07-14 14:00:00,GOV-EMERG-001,central,status-page,813.6,49,1.017,0.1627,normal,none,1.0,False,0.0,10,50,500,5000,10.48,8.65,1420669.8,-6.67,600.0,35.5,86.2,171.3,0.00144,none,0,0,0,500.0,0.01,met,VALID
2025-07-14 16:00:00,GOV-EMERG-001,central,portal-main,687.0,35,0.859,0.1374,normal,none,1.0,False,0.0,10,50,500,5000,10.38,4.0,1419869.8,-6.67,600.0,24.9,57.7,118.7,0.00032,none,0,0,0,500.0,0.01,met,VALID
2025-07-14 18:00:00,GOV-EMERG-001,central,portal-main,533.35,30,0.667,0.1067,normal,none,1.0,False,0.0,10,50,500,5000,9.14,8.18,1419069.8,-6.67,600.0,33.2,74.9,154.7,0.00113,none,0,0,0,500.0,0.01,met,IMPUTED_MISSING
2025-07-14 20:00:00,GOV-EMERG-001,central,portal-main,379.7,20,0.475,0.0759,normal,none,1.0,False,0.0,10,50,500,5000,4.39,8.94,1418269.8,-6.67,600.0,19.4,47.8,78.1,0.00124,none,0,0,0,500.0,0.01,met,VALID
2025-07-14 22:00:00,GOV-EMERG-001,central,portal-main,232.8,12,0.291,0.0466,normal,none,1.0,False,0.0,10,50,500,5000,3.05,4.0,1417469.8,-6.67,600.0,27.8,60.9,145.4,0.00094,none,0,0,0,500.0,0.01,met,VALID
2025-07-15 00:00:00,GOV-EMERG-001,central,api-data,128.5,6,0.161,0.0257,normal,none,1.0,False,0.0,10,50,500,5000,1.0,4.0,1416669.8,-6.67,600.0,25.2,58.0,124.9,0.00078,none,0,0,0,500.0,0.01,met,IMPUTED_MISSING
2025-07-15 02:00:00,GOV-EMERG-001,central,portal-main,82.4,5,0.103,0.0165,normal,none,1.0,False,0.0,10,50,500,5000,2.66,4.0,1415869.8,-6.67,600.0,24.6,55.1,116.8,0.00094,none,0,0,0,500.0,0.01,met,VALID
2025-07-15 04:00:00,GOV-EMERG-001,central,api-data,64.5,4,0.081,0.0129,normal,none,1.0,False,0.0,10,50,500,5000,1.0,4.0,1415069.8,-6.67,600.0,25.5,62.6,112.6,0.0013,none,0,0,0,500.0,0.01,met,VALID
2025-07-15 06:00:00,GOV-EMERG-001,central,api-data,212.4,13,0.266,0.0425,normal,none,1.0,False,0.0,10,50,500,5000,4.45,7.39,1414269.8,-6.67,600.0,22.7,51.8,131.2,0.00052,none,0,0,0,500.0,0.01,met,VALID
2025-07-15 08:00:00,GOV-EMERG-001,central,portal-main,557.5,22,0.697,0.1115,normal,none,1.0,False,0.0,10,50,500,5000,8.49,5.79,1413469.8,-6.67,600.0,29.9,77.4,133.9,0.00128,none,0,0,0,500.0,0.01,met,VALID
2025-07-15 10:00:00,GOV-EMERG-001,central,portal-main,801.3,49,1.002,0.1603,normal,none,1.0,False,0.0,10,50,500,5000,14.41,7.525,1412669.8,-6.67,600.0,30.0,75.4,175.3,0.00113,none,0,0,0,500.0,0.01,met,IMPUTED_MISSING
2025-07-15 12:00:00,GOV-EMERG-001,central,status-page,782.0,37,0.978,0.1564,normal,none,1.0,False,0.0,10,50,500,5000,14.35,9.26,1411869.8,-6.67,600.0,33.4,82.6,148.0,0.0009,none,0,0,0,500.0,0.01,met,VALID
2025-07-15 14:00:00,GOV-EMERG-001,central,portal-main,864.9,38,1.081,0.173,normal,none,1.0,False,0.0,10,50,500,5000,14.07,13.1,1411069.8,-6.67,600.0,36.6,90.2,217.5,0.00091,none,0,0,0,500.0,0.01,met,VALID
2025-07-15 16:00:00,GOV-EMERG-001,central,portal-main,679.7,33,0.85,0.1359,normal,none,1.0,False,0.0,10,50,500,5000,13.69,4.0,1410269.8,-6.67,600.0,29.4,69.1,142.5,0.00102,none,0,0,0,500.0,0.01,met,VALID
2025-07-15 18:00:00,GOV-EMERG-001,central,status-page,508.2,29,0.635,0.1016,normal,none,1.0,False,0.0,10,50,500,5000,10.36,5.99,1409469.8,-6.67,600.0,24.6,62.4,124.4,0.00166,none,0,0,0,500.0,0.01,met,VALID
2025-07-15 20:00:00,GOV-EMERG-001,central,api-data,386.3,21,0.483,0.0773,normal,none,1.0,False,0.0,10,50,500,5000,6.05,5.21,1408669.8,-6.67,600.0,22.5,53.1,103.6,0.00114,none,0,0,0,500.0,0.01,met,VALID
2025-07-15 22:00:00,GOV-EMERG-001,central,portal-main,233.0,11,0.291,0.0466,normal,none,1.0,False,0.0,10,50,500,5000,9.21,8.66,1407869.8,-6.67,600.0,33.0,73.4,194.1,0.00062,none,0,0,0,500.0,0.01,met,VALID
2025-07-16 00:00:00,GOV-EMERG-001,central,portal-main,121.9,7,0.152,0.0244,normal,none,1.0,False,0.0,10,50,500,5000,7.89,4.0,1407069.8,-6.67,600.0,31.9,67.6,145.7,0.00083,none,0,0,0,500.0,0.01,met,VALID
2025-07-16 02:00:00,GOV-EMERG-001,central,portal-main,78.7,4,0.098,0.0157,normal,none,1.0,False,0.0,10,50,500,5000,1.88,5.61,1406269.8,-6.67,600.0,28.9,72.0,158.1,0.00054,none,0,0,0,500.0,0.01,met,VALID
2025-07-16 04:00:00,GOV-EMERG-001,central,api-data,139.25,3,0.174,0.0278,normal,none,1.0,False,0.0,10,50,500,5000,4.1,4.0,1405469.8,-6.67,600.0,25.6,56.8,103.3,0.00024,none,0,0,0,500.0,0.01,met,IMPUTED_MISSING
2025-07-16 06:00:00,GOV-EMERG-001,central,portal-main,199.8,9,0.25,0.04,normal,none,1.0,False,0.0,10,50,500,5000,3.1,4.0,1404669.8,-6.67,600.0,29.3,72.5,150.0,0.00054,none,0,0,0,500.0,0.01,met,VALID
2025-07-16 08:00:00,GOV-EMERG-001,central,portal-main,541.4,29,0.677,0.1083,normal,none,1.0,False,0.0,10,50,500,5000,7.06,4.0,1403869.8,-6.67,600.0,33.3,86.1,182.3,0.00105,none,0,0,0,500.0,0.01,met,VALID
2025-07-16 10:00:00,GOV-EMERG-001,central,api-data,805.2,40,1.006,0.161,normal,none,1.0,False,0.0,10,50,500,5000,10.71,6.93,1403069.8,-6.67,600.0,27.3,61.2,135.0,0.00151,none,0,0,0,500.0,0.01,met,VALID
2025-07-16 12:00:00,GOV-EMERG-001,central,status-page,729.6,28,0.912,0.1459,normal,none,1.0,False,0.0,10,50,500,5000,10.79,7.22,1402269.8,-6.67,600.0,29.4,64.8,155.4,0.0014,none,0,0,0,500.0,0.01,met,VALID
2025-07-16 14:00:00,GOV-EMERG-001,central,api-data,785.0,45,0.981,0.157,normal,none,1.0,False,0.0,10,50,500,5000,10.69,6.6,1401469.8,-6.67,600.0,25.2,53.0,139.7,0.00054,none,0,0,0,500.0,0.01,met,VALID
2025-07-16 16:00:00,GOV-EMERG-001,central,portal-main,669.25,33,0.837,0.1338,normal,none,1.0,False,0.0,10,50,500,5000,14.44,10.02,1400669.8,-6.67,600.0,28.6,65.4,143.1,0.00068,none,0,0,0,500.0,0.01,met,IMPUTED_MISSING
2025-07-16 18:00:00,GOV-EMERG-001,central,portal-main,553.5,35,0.692,0.1107,normal,none,1.0,False,0.0,10,50,500,5000,9.31,7.1,1399869.8,-6.67,600.0,34.3,82.0,152.1,0.00062,none,0,0,0,500.0,0.01,met,VALID
2025-07-16 20:00:00,GOV-EMERG-001,central,status-page,377.5,14,0.472,0.0755,normal,none,1.0,False,0.0,10,50,500,5000,4.44,5.0,1399069.8,-6.67,600.0,31.4,68.6,150.3,0.0,none,0,0,0,500.0,0.01,met,VALID
2025-07-16 22:00:00,GOV-EMERG-001,central,status-page,220.9,11,0.276,0.0442,normal,none,1.0,False,0.0,10,50,500,5000,2.63,4.0,1398269.8,-6.67,600.0,26.7,61.2,145.8,0.00093,none,0,0,0,500.0,0.01,met,VALID
2025-07-17 00:00:00,GOV-EMERG-001,central,portal-main,124.5,6,0.156,0.0249,normal,none,1.0,False,0.0,10,50,500,5000,2.2,4.0,1397469.8,-6.67,600.0,14.9,34.5,67.5,0.00132,none,0,0,0,500.0,0.01,met,VALID
2025-07-17 02:00:00,GOV-EMERG-001,central,portal-main,80.3,3,0.1,0.0161,normal,none,1.0,False,0.0,10,50,500,5000,1.0,4.0,1396669.8,-6.67,600.0,22.8,49.3,119.9,0.0009,none,0,0,0,500.0,0.01,met,VALID
2025-07-17 04:00:00,GOV-EMERG-001,central,portal-main,60.0,3,0.075,0.012,normal,none,1.0,False,0.0,10,50,500,5000,4.19,5.59,1395869.8,-6.67,600.0,25.7,51.8,110.5,0.00049,none,0,0,0,500.0,0.01,met,VALID
2025-07-17 06:00:00,GOV-EMERG-001,central,portal-main,206.7,13,0.258,0.0413,normal,none,1.0,False,0.0,10,50,500,5000,4.06,4.0,1395069.8,-6.67,600.0,25.2,53.7,147.8,0.00066,none,0,0,0,500.0,0.01,met,VALID
2025-07-17 08:00:00,GOV-EMERG-001,central,portal-main,564.1,29,0.705,0.1128,normal,none,1.0,False,0.0,10,50,500,5000,6.49,4.0,1394269.8,-6.67,600.0,28.3,70.3,147.4,0.00087,none,0,0,0,500.0,0.01,met,VALID
2025-07-17 10:00:00,GOV-EMERG-001,central,portal-main,903.7,39,1.13,0.1807,normal,none,1.0,False,0.0,10,50,500,5000,18.32,8.41,1393469.8,-6.67,600.0,31.5,68.2,155.4,0.00131,none,0,0,0,500.0,0.01,met,VALID
2025-07-17 12:00:00,GOV-EMERG-001,central,portal-main,772.5,27,0.966,0.1545,normal,none,1.0,False,0.0,10,50,500,5000,12.8,7.6,1392669.8,-6.67,600.0,27.4,55.1,154.3,0.00093,none,0,0,0,500.0,0.01,met,VALID
2025-07-17 14:00:00,GOV-EMERG-001,central,api-data,828.4,30,1.035,0.1657,normal,none,1.0,False,0.0,10,50,500,5000,12.25,8.23,1391869.8,-6.67,600.0,29.9,67.5,167.5,0.00125,none,0,0,0,500.0,0.01,met,VALID
2025-07-17 16:00:00,GOV-EMERG-001,central,portal-main,688.5,31,0.861,0.1377,normal,none,1.0,False,0.0,10,50,500,5000,11.83,4.02,1391069.8,-6.67,600.0,28.4,68.4,119.1,0.00097,none,0,0,0,500.0,0.01,met,VALID
2025-07-17 18:00:00,GOV-EMERG-001,central,portal-main,524.3,23,0.655,0.1049,normal,none,1.0,False,0.0,10,50,500,5000,8.87,9.41,1390269.8,-6.67,600.0,25.1,72.65,115.9,0.00109,none,0,0,0,500.0,0.01,met,IMPUTED_MISSING
2025-07-17 20:00:00,GOV-EMERG-001,central,portal-main,341.9,16,0.427,0.0684,normal,none,1.0,False,0.0,10,50,500,5000,2.74,4.0,1389469.8,-6.67,600.0,34.2,76.9,168.3,0.00062,none,0,0,0,500.0,0.01,met,VALID
2025-07-17 22:00:00,GOV-EMERG-001,central,portal-main,204.5,6,0.256,0.0409,normal,none,1.0,False,0.0,10,50,500,5000,6.13,5.84,1388669.8,-6.67,600.0,24.2,56.6,113.1,0.00073,none,0,0,0,500.0,0.01,met,VALID
2025-07-18 00:00:00,GOV-EMERG-001,northeast,portal-main,109.0,5,0.136,0.0218,breaking_news,medium,1.0,False,360.0,10,50,500,5000,1.0,4.0,1387869.8,-6.67,600.0,16.5,40.5,76.7,0.0005,none,0,0,0,500.0,0.01,met,VALID
2025-07-18 02:00:00,GOV-EMERG-001,northeast,portal-main,291.4,17,0.364,0.0583,breaking_news,medium,1.0,False,360.0,10,50,500,5000,4.42,6.92,1387069.8,-6.67,600.0,33.7,85.3,158.4,0.00124,none,0,0,0,500.0,0.01,met,VALID
2025-07-18 04:00:00,GOV-EMERG-001,northeast,portal-main,203.3,13,0.254,0.0407,breaking_news,medium,1.0,False,360.0,10,50,500,5000,7.22,4.0,1386269.8,-6.67,600.0,22.7,54.1,97.1,0.00088,none,0,0,0,500.0,0.01,met,VALID
2025-07-18 06:00:00,GOV-EMERG-001,central,portal-main,184.8,6,0.231,0.037,normal,none,1.0,False,0.0,10,50,500,5000,3.97,4.3,1385469.8,-6.67,600.0,29.6,71.4,125.3,0.0,none,0,0,0,500.0,0.01,met,VALID
2025-07-18 08:00:00,GOV-EMERG-001,central,status-page,525.4,23,0.657,0.1051,normal,none,1.0,False,0.0,10,50,500,5000,11.58,5.43,1384669.8,-6.67,600.0,25.2,51.9,114.0,0.00119,none,0,0,0,500.0,0.01,met,VALID
2025-07-18 10:00:00,GOV-EMERG-001,central,portal-main,751.8,32,0.94,0.1504,normal,none,1.0,False,0.0,10,50,500,5000,12.15,14.0,1383869.8,-6.67,600.0,31.7,71.4,131.3,0.00139,none,0,0,0,500.0,0.01,met,VALID
2025-07-18 12:00:00,GOV-EMERG-001,central,status-page,661.4,31,0.827,0.1323,normal,none,1.0,False,0.0,10,50,500,5000,11.2,5.41,1383069.8,-6.67,600.0,28.6,72.5,143.7,0.00068,none,0,0,0,500.0,0.01,met,IMPUTED_MISSING
2025-07-18 14:00:00,GOV-EMERG-001,central,status-page,747.0,30,0.934,0.1494,normal,none,1.0,False,0.0,10,50,500,5000,8.39,4.0,1382269.8,-6.67,600.0,33.4,70.0,143.8,0.00119,none,0,0,0,500.0,0.01,met,VALID
2025-07-18 16:00:00,GOV-EMERG-001,central,api-data,701.7,45,0.877,0.1403,normal,none,1.0,False,0.0,10,50,500,5000,12.38,9.16,1381469.8,-6.67,600.0,28.2,61.7,116.7,0.00092,none,0,0,0,500.0,0.01,met,VALID
2025-07-18 18:00:00,GOV-EMERG-001,central,portal-main,510.4,26,0.638,0.1021,normal,none,1.0,False,0.0,10,50,500,5000,6.41,4.0,1380669.8,-6.67,600.0,25.2,60.7,143.1,0.00015,none,0,0,0,500.0,0.01,met,VALID
2025-07-18 20:00:00,GOV-EMERG-001,central,portal-main,332.4,16,0.416,0.0665,normal,none,1.0,False,0.0,10,50,500,5000,7.47,4.42,1379869.8,-6.67,600.0,27.8,55.35,143.9,0.00178,none,0,0,0,500.0,0.01,met,IMPUTED_MISSING
2025-07-18 22:00:00,GOV-EMERG-001,central,portal-main,212.1,13,0.265,0.0424,normal,none,1.0,False,0.0,10,50,500,5000,2.06,4.21,1379069.8,-6.67,600.0,24.6,50.0,142.5,0.00092,none,0,0,0,500.0,0.01,met,IMPUTED_MISSING
2025-07-19 00:00:00,GOV-EMERG-001,central,api-data,95.9,5,0.12,0.0192,normal,none,1.0,False,0.0,10,50,500,5000,1.0,4.0,1378269.8,-6.67,600.0,17.8,44.8,106.0,0.00108,none,0,0,0,500.0,0.01,met,VALID
2025-07-19 02:00:00,GOV-EMERG-001,central,portal-main,61.5,3,0.077,0.0123,normal,none,1.0,False,0.0,10,50,500,5000,3.75,4.0,1377469.8,-6.67,600.0,22.9,48.8,118.8,0.00075,none,0,0,0,500.0,0.01,met,VALID
2025-07-19 04:00:00,GOV-EMERG-001,central,status-page,49.2,2,0.062,0.0098,normal,none,1.0,False,0.0,10,50,500,5000,2.06,7.72,1376669.8,-6.67,600.0,36.7,92.4,205.4,0.00088,none,0,0,0,500.0,0.01,met,VALID
2025-07-19 06:00:00,GOV-EMERG-001,central,portal-main,168.1,6,0.21,0.0336,normal,none,1.0,False,0.0,10,50,500,5000,3.39,4.0,1375869.8,-6.67,600.0,18.6,47.1,80.3,0.00106,none,0,0,0,500.0,0.01,met,VALID
2025-07-19 08:00:00,GOV-EMERG-001,central,api-data,438.6,20,0.548,0.0877,normal,none,1.0,False,0.0,10,50,500,5000,1.0,4.0,1375069.8,-6.67,600.0,28.4,69.9,153.1,0.00058,none,0,0,0,500.0,0.01,met,VALID
2025-07-19 10:00:00,GOV-EMERG-001,central,portal-main,605.0,41,0.756,0.121,normal,none,1.0,False,0.0,10,50,500,5000,11.43,9.82,1374269.8,-6.67,600.0,27.5,70.2,140.1,0.00168,none,0,0,0,500.0,0.01,met,IMPUTED_MISSING
2025-07-19 12:00:00,GOV-EMERG-001,central,portal-main,574.8,32,0.718,0.115,normal,none,1.0,False,0.0,10,50,500,5000,12.18,9.93,1373469.8,-6.67,600.0,35.6,91.7,190.5,0.00134,none,0,0,0,500.0,0.01,met,VALID
2025-07-19 14:00:00,GOV-EMERG-001,central,portal-main,643.8,34,0.805,0.1288,normal,none,1.0,False,0.0,10,50,500,5000,9.77,8.96,1372669.8,-6.67,600.0,24.3,62.0,102.1,0.00121,none,0,0,0,500.0,0.01,met,IMPUTED_MISSING
2025-07-19 16:00:00,GOV-EMERG-001,central,portal-main,490.3,21,0.613,0.0981,normal,none,1.0,False,0.0,10,50,500,5000,9.33,4.0,1371869.8,-6.67,600.0,28.1,64.9,165.1,0.00094,none,0,0,0,500.0,0.01,met,VALID
2025-07-19 18:00:00,GOV-EMERG-001,central,portal-main,415.2,24,0.519,0.083,normal,none,1.0,False,0.0,10,50,500,5000,9.22,5.82,1371069.8,-6.67,600.0,30.0,68.4,145.1,0.0007,none,0,0,0,500.0,0.01,met,VALID
2025-07-19 20:00:00,GOV-EMERG-001,central,portal-main,300.5,12,0.376,0.0601,normal,none,1.0,False,0.0,10,50,500,5000,4.79,4.0,1370269.8,-6.67,600.0,25.9,53.4,143.7,0.00141,none,0,0,0,500.0,0.01,met,VALID
2025-07-19 22:00:00,GOV-EMERG-001,central,portal-main,183.2,7,0.229,0.0366,normal,none,1.0,False,0.0,10,50,500,5000,4.41,4.0,1369469.8,-6.67,600.0,22.9,48.7,136.8,0.00124,none,0,0,0,500.0,0.01,met,VALID
2025-07-20 00:00:00,GOV-EMERG-001,central,portal-main,100.0,5,0.125,0.02,normal,none,1.0,False,0.0,10,50,500,5000,3.85,5.26,1368669.8,-6.67,600.0,25.4,60.8,146.1,0.00084,none,0,0,0,500.0,0.01,met,VALID
2025-07-20 02:00:00,GOV-EMERG-001,central,portal-main,63.8,4,0.08,0.0128,normal,none,1.0,False,0.0,10,50,500,5000,1.3,4.83,1367869.8,-6.67,600.0,24.1,50.0,111.4,0.00057,none,0,0,0,500.0,0.01,met,VALID
2025-07-20 04:00:00,GOV-EMERG-001,central,status-page,51.5,3,0.064,0.0103,normal,none,1.0,False,0.0,10,50,500,5000,1.62,4.18,1367069.8,-6.67,600.0,24.0,61.6,115.3,0.00079,none,0,0,0,500.0,0.01,met,IMPUTED_MISSING
2025-07-20 06:00:00,GOV-EMERG-001,central,portal-main,171.0,8,0.214,0.0342,normal,none,1.0,False,0.0,10,50,500,5000,6.55,5.61,1366269.8,-6.67,600.0,29.6,63.2,156.8,0.00101,none,0,0,0,500.0,0.01,met,VALID
2025-07-20 08:00:00,GOV-EMERG-001,central,portal-main,435.9,19,0.545,0.0872,normal,none,1.0,False,0.0,10,50,500,5000,8.08,4.0,1365469.8,-6.67,600.0,29.0,59.5,147.2,0.0009,none,0,0,0,500.0,0.01,met,VALID
2025-07-20 10:00:00,GOV-EMERG-001,central,portal-main,604.9,22,0.756,0.121,normal,none,1.0,False,0.0,10,50,500,5000,10.46,8.82,1364669.8,-6.67,600.0,30.6,65.6,147.7,0.00147,none,0,0,0,500.0,0.01,met,VALID
2025-07-20 12:00:00,GOV-EMERG-001,central,portal-main,566.3,29,0.708,0.1133,normal,none,1.0,False,0.0,10,50,500,5000,6.62,4.0,1363869.8,-6.67,600.0,29.5,59.9,156.6,0.0014,none,0,0,0,500.0,0.01,met,VALID
2025-07-20 14:00:00,GOV-EMERG-001,central,portal-main,583.2,30,0.729,0.1166,normal,none,1.0,False,0.0,10,50,500,5000,4.33,4.0,1363069.8,-6.67,600.0,32.1,67.5,187.0,0.00102,none,0,0,0,500.0,0.01,met,VALID
2025-07-20 16:00:00,GOV-EMERG-001,central,portal-main,512.7,29,0.641,0.1025,normal,none,1.0,False,0.0,10,50,500,5000,12.86,8.02,1362269.8,-6.67,600.0,33.1,77.8,152.8,0.00097,none,0,0,0,500.0,0.01,met,VALID
2025-07-20 18:00:00,GOV-EMERG-001,central,status-page,377.4,22,0.472,0.0755,normal,none,1.0,False,0.0,10,50,500,5000,7.34,7.2,1361469.8,-6.67,600.0,25.9,56.3,110.2,0.00054,none,0,0,0,500.0,0.01,met,VALID
2025-07-20 20:00:00,GOV-EMERG-001,central,portal-main,275.4,13,0.344,0.0551,normal,none,1.0,False,0.0,10,50,500,5000,5.11,4.05,1360669.8,-6.67,600.0,29.7,73.8,159.1,0.00142,none,0,0,0,500.0,0.01,met,VALID
2025-07-20 22:00:00,GOV-EMERG-001,central,api-data,162.5,9,0.203,0.0325,normal,none,1.0,False,0.0,10,50,500,5000,4.12,4.0,1359869.8,-6.67,600.0,20.7,46.3,107.0,0.00098,none,0,0,0,500.0,0.01,met,VALID
2025-07-21 00:00:00,GOV-EMERG-001,central,portal-main,115.9,5,0.145,0.0232,normal,none,1.0,False,0.0,10,50,500,5000,1.18,4.0,1359069.8,-6.67,600.0,16.6,40.3,96.4,0.00124,none,0,0,0,500.0,0.01,met,VALID
2025-07-21 02:00:00,GOV-EMERG-001,central,portal-main,81.7,4,0.102,0.0163,normal,none,1.0,False,0.0,10,50,500,5000,1.0,4.0,1358269.8,-6.67,600.0,32.7,79.3,179.5,0.00147,none,0,0,0,500.0,0.01,met,VALID
2025-07-21 04:00:00,GOV-EMERG-001,central,portal-main,63.6,3,0.08,0.0127,normal,none,1.0,False,0.0,10,50,500,5000,2.56,4.0,1357469.8,-6.67,600.0,24.0,49.9,115.0,0.00107,none,0,0,0,500.0,0.01,met,IMPUTED_MISSING
2025-07-21 06:00:00,GOV-EMERG-001,central,portal-main,180.7,10,0.226,0.0361,normal,none,1.0,False,0.0,10,50,500,5000,1.0,4.0,1356669.8,-6.67,600.0,26.9,54.8,141.9,0.00067,none,0,0,0,500.0,0.01,met,VALID
2025-07-21 08:00:00,GOV-EMERG-001,central,portal-main,519.2,28,0.649,0.1038,normal,none,1.0,False,0.0,10,50,500,5000,8.9,6.64,1355869.8,-6.67,600.0,23.0,57.6,131.6,0.00199,none,0,0,0,500.0,0.01,met,VALID
2025-07-21 10:00:00,GOV-EMERG-001,central,api-data,754.1,34,0.943,0.1508,normal,none,1.0,False,0.0,10,50,500,5000,10.82,7.19,1355069.8,-6.67,600.0,24.4,56.3,114.3,0.00124,none,0,0,0,500.0,0.01,met,IMPUTED_MISSING
2025-07-21 12:00:00,GOV-EMERG-001,central,api-data,688.2,39,0.86,0.1376,normal,none,1.0,False,0.0,10,50,500,5000,13.22,8.47,1354269.8,-6.67,600.0,26.1,55.0,105.3,0.00089,none,0,0,0,500.0,0.01,met,VALID
2025-07-21 14:00:00,GOV-EMERG-001,central,portal-main,816.6,30,1.021,0.1633,normal,none,1.0,False,0.0,10,50,500,5000,16.42,7.48,1353469.8,-6.67,600.0,32.5,78.1,170.5,0.0015,none,0,0,0,500.0,0.01,met,VALID
2025-07-21 16:00:00,GOV-EMERG-001,central,portal-main,687.4,28,0.859,0.1375,normal,none,1.0,False,0.0,10,50,500,5000,8.01,4.0,1352669.8,-6.67,600.0,26.9,59.2,109.1,0.00088,none,0,0,0,500.0,0.01,met,VALID
2025-07-21 18:00:00,GOV-EMERG-001,central,portal-main,547.7,26,0.685,0.1095,normal,none,1.0,False,0.0,10,50,500,5000,14.01,9.56,1351869.8,-6.67,600.0,26.7,54.4,157.0,0.00113,none,0,0,0,500.0,0.01,met,VALID
2025-07-21 20:00:00,GOV-EMERG-001,central,portal-main,373.6,14,0.467,0.0747,normal,none,1.0,False,0.0,10,50,500,5000,10.43,6.67,1351069.8,-6.67,600.0,24.0,51.4,104.2,0.00077,none,0,0,0,500.0,0.01,met,VALID
2025-07-21 22:00:00,GOV-EMERG-001,central,portal-main,236.0,11,0.295,0.0472,normal,none,1.0,False,0.0,10,50,500,5000,8.87,12.84,1350269.8,-6.67,600.0,30.9,75.8,146.7,0.00099,none,0,0,0,500.0,0.01,met,VALID
2025-07-22 00:00:00,GOV-EMERG-001,central,api-data,123.7,6,0.155,0.0247,normal,none,1.0,False,0.0,10,50,500,5000,3.99,6.34,1349469.8,-6.67,600.0,29.1,65.0,171.5,0.00089,none,0,0,0,500.0,0.01,met,VALID
2025-07-22 02:00:00,GOV-EMERG-001,central,status-page,80.8,5,0.101,0.0162,normal,none,1.0,False,0.0,10,50,500,5000,1.33,4.0,1348669.8,-6.67,600.0,23.5,54.6,97.7,0.0007,none,0,0,0,500.0,0.01,met,VALID
2025-07-22 04:00:00,GOV-EMERG-001,central,portal-main,67.5,3,0.084,0.0135,normal,none,1.0,False,0.0,10,50,500,5000,1.0,4.0,1347869.8,-6.67,600.0,28.1,58.5,112.6,0.0011,none,0,0,0,500.0,0.01,met,VALID
2025-07-22 06:00:00,GOV-EMERG-001,central,portal-main,209.2,12,0.262,0.0418,normal,none,1.0,False,0.0,10,50,500,5000,7.65,12.48,1347069.8,-6.67,600.0,25.1,51.6,105.6,0.00074,none,0,0,0,500.0,0.01,met,VALID
2025-07-22 08:00:00,GOV-EMERG-001,central,api-data,570.5,30,0.713,0.1141,normal,none,1.0,False,0.0,10,50,500,5000,12.670000000000002,4.0,1346269.8,-6.67,600.0,26.9,57.6,160.5,0.00123,none,0,0,0,500.0,0.01,met,IMPUTED_MISSING
2025-07-22 10:00:00,GOV-EMERG-001,central,api-data,850.8,39,1.064,0.1702,normal,none,1.0,False,0.0,10,50,500,5000,17.69,6.56,1345469.8,-6.67,600.0,29.9,68.3,177.9,0.00088,none,0,0,0,500.0,0.01,met,VALID
2025-07-22 12:00:00,GOV-EMERG-001,central,portal-main,635.6,32,0.794,0.1271,normal,none,1.0,False,0.0,10,50,500,5000,9.81,4.0,1344669.8,-6.67,600.0,31.2,78.3,148.9,0.00031,none,0,0,0,500.0,0.01,met,VALID
2025-07-22 14:00:00,GOV-EMERG-001,central,portal-main,788.4,44,0.985,0.1577,normal,none,1.0,False,0.0,10,50,500,5000,17.93,13.45,1343869.8,-6.67,600.0,26.1,64.2,143.2,0.00125,none,0,0,0,500.0,0.01,met,VALID
2025-07-22 16:00:00,GOV-EMERG-001,central,api-data,669.6,40,0.837,0.1339,normal,none,1.0,False,0.0,10,50,500,5000,10.75,4.63,1343069.8,-6.67,600.0,30.9,64.7,168.9,0.00126,none,0,0,0,500.0,0.01,met,VALID
2025-07-22 18:00:00,GOV-EMERG-001,central,api-data,550.0,27,0.688,0.11,normal,none,1.0,False,0.0,10,50,500,5000,8.24,8.84,1342269.8,-6.67,600.0,38.1,77.8,159.9,0.0019,none,0,0,0,500.0,0.01,met,VALID
2025-07-22 20:00:00,GOV-EMERG-001,central,portal-main,388.3,14,0.485,0.0777,normal,none,1.0,False,0.0,10,50,500,5000,8.74,7.92,1341469.8,-6.67,600.0,27.8,59.4,124.4,0.00101,none,0,0,0,500.0,0.01,met,VALID
2025-07-22 22:00:00,GOV-EMERG-001,central,status-page,207.8,7,0.26,0.0416,normal,none,1.0,False,0.0,10,50,500,5000,4.6,4.0,1340669.8,-6.67,600.0,26.2,65.9,151.5,0.00107,none,0,0,0,500.0,0.01,met,VALID
2025-07-23 00:00:00,GOV-EMERG-001,central,portal-main,128.5,6,0.161,0.0257,normal,none,1.0,False,0.0,10,50,500,5000,3.54,4.0,1339869.8,-6.67,600.0,25.3,58.5,109.7,0.00119,none,0,0,0,500.0,0.01,met,VALID
2025-07-23 02:00:00,GOV-EMERG-001,central,api-data,75.3,2,0.094,0.0151,normal,none,1.0,False,0.0,10,50,500,5000,1.0,4.0,1339069.8,-6.67,600.0,27.3,67.8,137.6,0.00141,none,0,0,0,500.0,0.01,met,VALID
2025-07-23 04:00:00,GOV-EMERG-001,central,portal-main,60.3,4,0.075,0.0121,normal,none,1.0,False,0.0,10,50,500,5000,2.43,4.0,1338269.8,-6.67,600.0,18.9,41.9,84.7,0.00138,none,0,0,0,500.0,0.01,met,VALID
2025-07-23 06:00:00,GOV-EMERG-001,central,portal-main,197.7,11,0.247,0.0395,normal,none,1.0,False,0.0,10,50,500,5000,1.47,4.0,1337469.8,-6.67,600.0,32.8,77.3,167.9,0.00113,none,0,0,0,500.0,0.01,met,VALID
2025-07-23 08:00:00,GOV-EMERG-001,central,portal-main,551.1,25,0.689,0.1102,normal,none,1.0,False,0.0,10,50,500,5000,6.07,4.0,1336669.8,-6.67,600.0,32.0,75.5,140.7,0.00099,none,0,0,0,500.0,0.01,met,VALID
2025-07-23 10:00:00,GOV-EMERG-001,central,portal-main,737.7,30,0.922,0.1475,normal,none,1.0,False,0.0,10,50,500,5000,8.11,8.51,1335869.8,-6.67,600.0,26.7,63.6,118.5,0.00134,none,0,0,0,500.0,0.01,met,VALID
2025-07-23 12:00:00,GOV-EMERG-001,central,portal-main,743.4,44,0.929,0.1487,normal,none,1.0,False,0.0,10,50,500,5000,16.76,9.18,1335069.8,-6.67,600.0,29.5,67.3,120.7,0.00097,none,0,0,0,500.0,0.01,met,VALID
2025-07-23 14:00:00,GOV-EMERG-001,central,portal-main,827.2,34,1.034,0.1654,normal,none,1.0,False,0.0,10,50,500,5000,11.39,5.54,1334269.8,-6.67,600.0,27.7,59.4,165.8,0.00048,none,0,0,0,500.0,0.01,met,VALID
2025-07-23 16:00:00,GOV-EMERG-001,central,portal-main,715.8,30,0.895,0.1432,normal,none,1.0,False,0.0,10,50,500,5000,16.15,10.64,1333469.8,-6.67,600.0,30.4,68.6,128.4,0.0004,none,0,0,0,500.0,0.01,met,VALID
2025-07-23 18:00:00,GOV-EMERG-001,central,portal-main,508.7,22,0.636,0.1017,normal,none,1.0,False,0.0,10,50,500,5000,6.96,7.74,1332669.8,-6.67,600.0,28.1,72.6,135.6,0.00088,none,0,0,0,500.0,0.01,met,VALID
2025-07-23 20:00:00,GOV-EMERG-001,central,api-data,359.3,18,0.449,0.0719,normal,none,1.0,False,0.0,10,50,500,5000,2.04,5.91,1331869.8,-6.67,600.0,27.9,60.2,134.7,0.00105,none,0,0,0,500.0,0.01,met,VALID
2025-07-23 22:00:00,GOV-EMERG-001,central,api-data,223.7,12,0.28,0.0447,normal,none,1.0,False,0.0,10,50,500,5000,5.5,8.18,1331069.8,-6.67,600.0,22.1,53.7,101.6,0.00199,none,0,0,0,500.0,0.01,met,VALID
2025-07-24 00:00:00,GOV-EMERG-001,central,api-data,130.1,8,0.163,0.026,normal,none,1.0,False,0.0,10,50,500,5000,1.0,4.0,1330269.8,-6.67,600.0,23.7,60.9,132.7,0.00095,none,0,0,0,500.0,0.01,met,VALID
2025-07-24 02:00:00,GOV-EMERG-001,central,portal-main,68.7,4,0.086,0.0137,normal,none,1.0,False,0.0,10,50,500,5000,2.64,4.0,1329469.8,-6.67,600.0,29.9,70.0,139.9,0.00102,none,0,0,0,500.0,0.01,met,IMPUTED_MISSING
2025-07-24 04:00:00,GOV-EMERG-001,central,portal-main,60.9,3,0.076,0.0122,normal,none,1.0,False,0.0,10,50,500,5000,2.84,5.4,1328669.8,-6.67,600.0,23.2,53.2,121.7,0.00084,none,0,0,0,500.0,0.01,met,VALID
2025-07-24 06:00:00,GOV-EMERG-001,central,status-page,200.1,12,0.25,0.04,normal,none,1.0,False,0.0,10,50,500,5000,6.34,6.45,1327869.8,-6.67,600.0,15.5,32.1,78.7,0.00125,none,0,0,0,500.0,0.01,met,VALID
2025-07-24 08:00:00,GOV-EMERG-001,central,portal-main,529.6,24,0.662,0.1059,normal,none,1.0,False,0.0,10,50,500,5000,6.2,5.81,1327069.8,-6.67,600.0,27.4,67.1,156.7,0.00111,none,0,0,0,500.0,0.01,met,VALID
2025-07-24 10:00:00,GOV-EMERG-001,central,portal-main,789.7,28,0.987,0.1579,normal,none,1.0,False,0.0,10,50,500,5000,10.86,4.69,1326269.8,-6.67,600.0,39.3,100.2,221.8,0.00074,none,0,0,0,500.0,0.01,met,VALID
2025-07-24 12:00:00,GOV-EMERG-001,central,status-page,715.5,32,0.894,0.1431,normal,none,1.0,False,0.0,10,50,500,5000,10.28,4.36,1325469.8,-6.67,600.0,32.6,84.3,144.5,0.0006,none,0,0,0,500.0,0.01,met,VALID
2025-07-24 14:00:00,GOV-EMERG-001,central,status-page,773.7,33,0.967,0.1547,normal,none,1.0,False,0.0,10,50,500,5000,8.915,6.72,1324669.8,-6.67,600.0,27.2,57.8,149.8,0.00084,none,0,0,0,500.0,0.01,met,IMPUTED_MISSING
2025-07-24 16:00:00,GOV-EMERG-001,central,portal-main,682.2,31,0.853,0.1364,normal,none,1.0,False,0.0,10,50,500,5000,7.55,4.0,1323869.8,-6.67,600.0,28.7,73.4,160.6,0.00066,none,0,0,0,500.0,0.01,met,VALID
2025-07-24 18:00:00,GOV-EMERG-001,central,api-data,536.3,23,0.67,0.1073,normal,none,1.0,False,0.0,10,50,500,5000,5.29,6.31,1323069.8,-6.67,600.0,30.7,68.3,179.4,0.00091,none,0,0,0,500.0,0.01,met,VALID
2025-07-24 20:00:00,GOV-EMERG-001,central,portal-main,355.7,16,0.445,0.0711,normal,none,1.0,False,0.0,10,50,500,5000,3.68,4.09,1322269.8,-6.67,600.0,19.9,47.2,117.9,0.00106,none,0,0,0,500.0,0.01,met,VALID
2025-07-24 22:00:00,GOV-EMERG-001,central,api-data,218.9,12,0.274,0.0438,normal,none,1.0,False,0.0,10,50,500,5000,5.6,6.52,1321469.8,-6.67,600.0,22.7,48.5,124.4,0.0008,none,0,0,0,500.0,0.01,met,VALID
2025-07-25 00:00:00,GOV-EMERG-001,central,portal-main,113.1,7,0.141,0.0226,normal,none,1.0,False,0.0,10,50,500,5000,6.99,8.62,1320669.8,-6.67,600.0,27.2,58.4,133.1,0.00158,none,0,0,0,500.0,0.01,met,VALID
2025-07-25 02:00:00,GOV-EMERG-001,central,portal-main,76.0,3,0.095,0.0152,normal,none,1.0,False,0.0,10,50,500,5000,2.03,4.0,1319869.8,-6.67,600.0,31.8,75.3,145.7,0.00146,none,0,0,0,500.0,0.01,met,VALID
2025-07-25 04:00:00,GOV-EMERG-001,central,portal-main,55.5,2,0.069,0.0111,normal,none,1.0,False,0.0,10,50,500,5000,2.01,4.0,1319069.8,-6.67,600.0,32.05,53.9,134.8,0.00091,none,0,0,0,500.0,0.01,met,IMPUTED_MISSING
2025-07-25 06:00:00,GOV-EMERG-001,central,portal-main,194.4,8,0.243,0.0389,normal,none,1.0,False,0.0,10,50,500,5000,1.0,4.0,1318269.8,-6.67,600.0,32.3,83.2,188.2,0.00061,none,0,0,0,500.0,0.01,met,VALID
2025-07-25 08:00:00,GOV-EMERG-001,central,api-data,520.0,29,0.65,0.104,normal,none,1.0,False,0.0,10,50,500,5000,6.9,4.0,1317469.8,-6.67,600.0,24.9,53.7,104.4,0.00099,none,0,0,0,500.0,0.01,met,VALID
2025-07-25 10:00:00,GOV-EMERG-001,central,portal-main,807.9,39,1.01,0.1616,normal,none,1.0,False,0.0,10,50,500,5000,11.53,10.6,1316669.8,-6.67,600.0,16.3,41.1,83.2,0.00095,none,0,0,0,500.0,0.01,met,VALID
2025-07-25 12:00:00,GOV-EMERG-001,central,api-data,704.2,31,0.88,0.1408,normal,none,1.0,False,0.0,10,50,500,5000,9.56,4.0,1315869.8,-6.67,600.0,32.1,73.0,136.6,0.00097,none,0,0,0,500.0,0.01,met,VALID
2025-07-25 14:00:00,GOV-EMERG-001,central,api-data,804.5,45,1.006,0.1609,normal,none,1.0,False,0.0,10,50,500,5000,12.7,10.13,1315069.8,-6.67,600.0,32.0,66.5,143.9,0.00084,none,0,0,0,500.0,0.01,met,VALID
2025-07-25 16:00:00,GOV-EMERG-001,central,portal-main,613.3,36,0.767,0.1227,normal,none,1.0,False,0.0,10,50,500,5000,10.85,4.0,1314269.8,-6.67,600.0,31.4,67.4,149.9,0.00058,none,0,0,0,500.0,0.01,met,VALID
2025-07-25 18:00:00,GOV-EMERG-001,central,api-data,484.8,24,0.606,0.097,normal,none,1.0,False,0.0,10,50,500,5000,8.92,7.83,1313469.8,-6.67,600.0,30.5,74.8,140.9,0.00101,none,0,0,0,500.0,0.01,met,VALID
2025-07-25 20:00:00,GOV-EMERG-001,central,portal-main,320.8,14,0.401,0.0642,normal,none,1.0,False,0.0,10,50,500,5000,3.46,4.0,1312669.8,-6.67,600.0,27.5,68.6,149.3,0.00086,none,0,0,0,500.0,0.01,met,VALID
2025-07-25 22:00:00,GOV-EMERG-001,central,portal-main,205.3,10,0.257,0.0411,normal,none,1.0,False,0.0,10,50,500,5000,2.29,4.0,1311869.8,-6.67,600.0,25.0,50.7,104.1,0.0009,none,0,0,0,500.0,0.01,met,IMPUTED_MISSING
2025-07-26 00:00:00,GOV-EMERG-001,central,portal-main,102.0,5,0.128,0.0204,normal,none,1.0,False,0.0,10,50,500,5000,1.0,4.0,1311069.8,-6.67,600.0,24.6,55.3,128.8,0.00104,none,0,0,0,500.0,0.01,met,VALID
2025-07-26 02:00:00,GOV-EMERG-001,central,api-data,68.8,3,0.086,0.0138,normal,none,1.0,False,0.0,10,50,500,5000,1.0,6.72,1310269.8,-6.67,600.0,23.5,54.0,121.4,0.00097,none,0,0,0,500.0,0.01,met,VALID
2025-07-26 04:00:00,GOV-EMERG-001,central,api-data,48.3,2,0.06,0.0097,normal,none,1.0,False,0.0,10,50,500,5000,1.32,4.0,1309469.8,-6.67,600.0,23.6,56.0,131.8,0.00103,none,0,0,0,500.0,0.01,met,VALID
2025-07-26 06:00:00,GOV-EMERG-001,central,status-page,156.3,9,0.195,0.0313,normal,none,1.0,False,0.0,10,50,500,5000,4.08,4.0,1308669.8,-6.67,600.0,18.6,44.4,77.8,0.00084,none,0,0,0,500.0,0.01,met,VALID
2025-07-26 08:00:00,GOV-EMERG-001,central,api-data,446.3,23,0.558,0.0893,normal,none,1.0,False,0.0,10,50,500,5000,10.59,6.32,1307869.8,-6.67,600.0,22.6,56.4,105.4,0.00114,none,0,0,0,500.0,0.01,met,VALID
2025-07-26 10:00:00,GOV-EMERG-001,central,status-page,658.7,39,0.823,0.1317,normal,none,1.0,False,0.0,10,50,500,5000,10.51,4.0,1307069.8,-6.67,600.0,28.1,60.9,151.8,0.00071,none,0,0,0,500.0,0.01,met,VALID
2025-07-26 12:00:00,GOV-EMERG-001,central,portal-main,525.3,32,0.657,0.1051,normal,none,1.0,False,0.0,10,50,500,5000,9.91,8.91,1306269.8,-6.67,600.0,19.0,39.2,102.9,0.00056,none,0,0,0,500.0,0.01,met,VALID
2025-07-26 14:00:00,GOV-EMERG-001,central,status-page,588.7,32,0.736,0.1177,normal,none,1.0,False,0.0,10,50,500,5000,9.47,9.68,1305469.8,-6.67,600.0,20.3,42.9,99.5,0.00064,none,0,0,0,500.0,0.01,met,VALID
2025-07-26 16:00:00,GOV-EMERG-001,central,portal-main,557.3,26,0.697,0.1115,normal,none,1.0,False,0.0,10,50,500,5000,8.16,4.0,1304669.8,-6.67,600.0,26.8,68.7,132.0,0.00073,none,0,0,0,500.0,0.01,met,VALID
2025-07-26 18:00:00,GOV-EMERG-001,central,portal-main,375.5,22,0.469,0.0751,normal,none,1.0,False,0.0,10,50,500,5000,2.48,4.0,1303869.8,-6.67,600.0,26.5,61.7,157.2,0.00048,none,0,0,0,500.0,0.01,met,VALID
2025-07-26 20:00:00,GOV-EMERG-001,central,portal-main,281.6,15,0.352,0.0563,normal,none,1.0,False,0.0,10,50,500,5000,3.71,4.0,1303069.8,-6.67,600.0,25.2,53.8,117.4,0.00032,none,0,0,0,500.0,0.01,met,VALID
2025-07-26 22:00:00,GOV-EMERG-001,central,portal-main,186.75,13,0.233,0.0374,normal,none,1.0,False,0.0,10,50,500,5000,2.94,4.0,1302269.8,-6.67,600.0,16.4,40.6,70.6,0.0012,none,0,0,0,500.0,0.01,met,IMPUTED_MISSING
2025-07-27 00:00:00,GOV-EMERG-001,central,portal-main,91.9,5,0.115,0.0184,normal,none,1.0,False,0.0,10,50,500,5000,1.0,4.0,1301469.8,-6.67,600.0,31.7,74.5,187.1,0.00151,none,0,0,0,500.0,0.01,met,VALID
2025-07-27 02:00:00,GOV-EMERG-001,central,portal-main,59.6,3,0.074,0.0119,normal,none,1.0,False,0.0,10,50,500,5000,1.0,4.0,1300669.8,-6.67,600.0,19.6,43.4,109.9,0.00122,none,0,0,0,500.0,0.01,met,VALID
2025-07-27 04:00:00,GOV-EMERG-001,central,portal-main,47.1,2,0.059,0.0094,normal,none,1.0,False,0.0,10,50,500,5000,1.0,5.85,1299869.8,-6.67,600.0,22.0,44.2,98.3,0.00081,none,0,0,0,500.0,0.01,met,VALID
2025-07-27 06:00:00,GOV-EMERG-001,central,portal-main,156.3,8,0.195,0.0313,normal,none,1.0,False,0.0,10,50,500,5000,6.4,4.0,1299069.8,-6.67,600.0,20.8,51.3,118.6,0.00031,none,0,0,0,500.0,0.01,met,VALID
2025-07-27 08:00:00,GOV-EMERG-001,central,api-data,426.0,20,0.532,0.0852,normal,none,1.0,False,0.0,10,50,500,5000,7.75,4.54,1298269.8,-6.67,600.0,32.5,79.0,146.5,0.00108,none,0,0,0,500.0,0.01,met,VALID
2025-07-27 10:00:00,GOV-EMERG-001,central,portal-main,580.6,30,0.726,0.1161,normal,none,1.0,False,0.0,10,50,500,5000,8.1,4.0,1297469.8,-6.67,600.0,30.0,64.7,169.5,0.00036,none,0,0,0,500.0,0.01,met,VALID
2025-07-27 12:00:00,GOV-EMERG-001,central,portal-main,541.0,29,0.676,0.1082,normal,none,1.0,False,0.0,10,50,500,5000,6.01,6.87,1296669.8,-6.67,600.0,26.1,56.4,137.4,0.00097,none,0,0,0,500.0,0.01,met,VALID
2025-07-27 14:00:00,GOV-EMERG-001,central,portal-main,611.5,36,0.764,0.1223,normal,none,1.0,False,0.0,10,50,500,5000,9.32,7.93,1295869.8,-6.67,600.0,26.3,56.9,130.6,0.00068,none,0,0,0,500.0,0.01,met,VALID
2025-07-27 16:00:00,GOV-EMERG-001,central,portal-main,553.8,29,0.692,0.1108,normal,none,1.0,False,0.0,10,50,500,5000,14.94,12.93,1295069.8,-6.67,600.0,28.8,69.3,168.9,9e-05,none,0,0,0,500.0,0.01,met,VALID
2025-07-27 18:00:00,GOV-EMERG-001,central,portal-main,405.3,19,0.507,0.0811,normal,none,1.0,False,0.0,10,50,500,5000,6.74,7.88,1294269.8,-6.67,600.0,22.2,48.4,124.8,0.00159,none,0,0,0,500.0,0.01,met,VALID
2025-07-27 20:00:00,GOV-EMERG-001,central,api-data,286.4,14,0.358,0.0573,normal,none,1.0,False,0.0,10,50,500,5000,6.33,5.61,1293469.8,-6.67,600.0,28.0,61.3,119.5,0.0005,none,0,0,0,500.0,0.01,met,VALID
2025-07-27 22:00:00,GOV-EMERG-001,central,portal-main,162.9,6,0.204,0.0326,normal,none,1.0,False,0.0,10,50,500,5000,4.76,4.0,1292669.8,-6.67,600.0,23.6,52.6,128.0,0.00086,none,0,0,0,500.0,0.01,met,VALID
2025-07-28 00:00:00,GOV-EMERG-001,west,api-data,116.9,7,0.146,0.0234,disaster,high,1.0,True,960.0,10,50,500,5000,2.82,4.0,1291869.8,-6.67,600.0,27.7,71.6,154.4,0.00095,none,0,0,0,500.0,0.01,met,VALID
2025-07-28 00:30:00,GOV-EMERG-001,west,api-data,747.1,34,0.934,0.1494,disaster,high,1.0,True,960.0,10,50,500,5000,11.58,8.07,1291669.8,-6.67,600.0,31.3,71.3,159.2,0.00081,none,0,0,0,500.0,0.01,met,VALID
2025-07-28 01:00:00,GOV-EMERG-001,west,portal-main,771.9,45,0.965,0.1544,disaster,high,1.0,True,960.0,10,50,500,5000,16.61,9.92,1291469.8,-6.67,600.0,27.2,60.5,123.8,0.00119,none,0,0,0,500.0,0.01,met,VALID
2025-07-28 01:30:00,GOV-EMERG-001,west,api-data,930.0,49,1.162,0.186,disaster,high,1.0,True,960.0,10,50,500,5000,11.98,10.84,1291269.8,-6.67,600.0,22.5,51.3,100.6,0.0007,none,0,0,0,500.0,0.01,met,VALID
2025-07-28 02:00:00,GOV-EMERG-001,west,portal-main,605.9,32,0.757,0.1212,disaster,high,1.0,True,960.0,10,50,500,5000,11.82,8.49,1291069.8,-6.67,600.0,27.5,54.0,163.3,0.00115,none,0,0,0,500.0,0.01,met,IMPUTED_MISSING
2025-07-28 02:30:00,GOV-EMERG-001,west,api-data,712.5999999999999,28,0.891,0.1425,disaster,high,1.0,True,960.0,10,50,500,5000,12.48,12.67,1290869.8,-6.67,600.0,22.4,56.7,109.2,0.00113,none,0,0,0,500.0,0.01,met,IMPUTED_MISSING
2025-07-28 03:00:00,GOV-EMERG-001,west,api-data,819.3,36,1.024,0.1639,disaster,high,1.0,True,960.0,10,50,500,5000,11.62,4.98,1290669.8,-6.67,600.0,30.2,78.4,152.2,0.00045,none,0,0,0,500.0,0.01,met,VALID
2025-07-28 03:30:00,GOV-EMERG-001,west,api-data,584.9,25,0.731,0.117,disaster,high,1.0,True,960.0,10,50,500,5000,11.57,7.16,1290469.8,-6.67,600.0,27.3,62.5,141.8,0.00109,none,0,0,0,500.0,0.01,met,VALID
2025-07-28 04:00:00,GOV-EMERG-001,west,api-data,684.5,44,0.856,0.1369,disaster,high,1.0,True,960.0,10,50,500,5000,6.58,7.78,1290269.8,-6.67,600.0,26.6,60.6,111.8,0.00058,none,0,0,0,500.0,0.01,met,VALID
2025-07-28 04:30:00,GOV-EMERG-001,west,api-data,924.6,47,1.156,0.1849,disaster,high,1.0,True,960.0,10,50,500,5000,17.44,13.1,1290069.8,-6.67,600.0,25.5,56.0,106.1,0.00053,none,0,0,0,500.0,0.01,met,VALID
2025-07-28 05:00:00,GOV-EMERG-001,west,status-page,1002.3,60,1.253,0.2005,disaster,high,1.0,True,960.0,10,50,500,5000,18.19,13.89,1289869.8,-6.67,600.0,36.0,88.9,158.3,0.00112,none,0,0,0,500.0,0.01,met,VALID
2025-07-28 05:30:00,GOV-EMERG-001,west,portal-main,1066.6,66,1.333,0.2133,disaster,high,1.0,True,960.0,10,50,500,5000,15.85,10.89,1289669.8,-6.67,600.0,30.0,71.7,123.8,0.00084,none,0,0,0,500.0,0.01,met,VALID
2025-07-28 06:00:00,GOV-EMERG-001,west,api-data,1911.3,89,2.389,0.3823,disaster,high,1.0,True,960.0,10,50,500,5000,30.51,15.09,1289469.8,-6.67,600.0,49.9,110.6,289.2,0.00115,none,0,0,0,500.0,0.01,met,VALID
2025-07-28 06:30:00,GOV-EMERG-001,west,api-data,2046.3,110,2.558,0.4093,disaster,high,1.0,True,960.0,10,50,500,5000,34.13,23.01,1289269.8,-6.67,600.0,42.5,98.1,182.4,0.00115,none,0,0,0,500.0,0.01,met,VALID
2025-07-28 07:00:00,GOV-EMERG-001,west,portal-main,4532.9,228,5.666,0.9066,disaster,high,1.0,True,960.0,10,50,500,5000,91.86,58.75,1289069.8,-6.67,600.0,269.1,571.4,1198.2,0.00252,scale_out,3,0,3600,500.0,0.01,met,VALID
2025-07-28 07:30:00,GOV-EMERG-001,west,status-page,2869.5,116,3.587,0.5739,disaster,high,1.0,True,960.0,10,50,500,5000,50.29,32.65,1288869.8,-6.67,600.0,58.8,142.2,298.5,0.0013,none,0,0,0,500.0,0.01,met,VALID
2025-07-28 08:00:00,GOV-EMERG-001,west,portal-main,5986.1,290,7.483,0.9209,disaster,high,1.0,True,960.0,13,50,500,6500,88.6,65.77,1288609.8,-8.67,600.0,80.9,682.9,1838.6,0.0,scale_out,3,0,1800,500.0,0.01,met,IMPUTED_MISSING
2025-07-28 08:30:00,GOV-EMERG-001,west,portal-main,5972.5,328,7.466,0.7466,disaster,high,1.0,True,960.0,16,50,500,8000,60.74,29.21,1288289.8,-10.67,600.0,103.0,227.7,422.2,0.00077,none,0,0,0,500.0,0.01,met,VALID
2025-07-28 09:00:00,GOV-EMERG-001,west,portal-main,6326.8,290,7.908,0.7909,disaster,high,1.0,True,960.0,16,50,500,8000,73.47,53.48,1287969.8,-10.67,600.0,124.0,253.0,549.5,0.00095,none,0,0,0,500.0,0.01,met,VALID
2025-07-28 09:30:00,GOV-EMERG-001,west,portal-main,6879.2,325,8.599,0.8599,disaster,high,1.0,True,960.0,16,50,500,8000,77.33,60.87,1287649.8,-10.67,600.0,171.4,214.4,931.4,0.00076,scale_out,3,0,1800,500.0,0.01,met,IMPUTED_MISSING
2025-07-28 10:00:00,GOV-EMERG-001,west,api-data,6517.9,316,8.147,0.6861,disaster,high,1.0,True,960.0,19,50,500,9500,56.59,35.11,1287269.8,-12.67,600.0,83.1,175.8,418.5,0.00087,none,0,0,0,500.0,0.01,met,VALID
2025-07-28 10:30:00,GOV-EMERG-001,west,portal-main,6956.5,470,8.696,0.7323,disaster,high,1.0,True,960.0,19,50,500,9500,67.59,40.17,1286889.8,-12.67,600.0,95.4,232.8,494.9,0.00185,none,0,0,0,500.0,0.01,met,VALID
2025-07-28 11:00:00,GOV-EMERG-001,west,portal-main,6702.4,233,8.378,0.7055,disaster,high,1.0,True,960.0,19,50,500,9500,58.81,38.93,1286509.8,-12.67,600.0,85.0,205.5,343.0,0.0016,none,0,0,0,500.0,0.01,met,VALID
2025-07-28 11:30:00,GOV-EMERG-001,west,portal-main,5610.8,304,7.014,0.5906,disaster,high,1.0,True,960.0,19,50,500,9500,52.88,32.61,1286129.8,-12.67,600.0,67.9,157.8,389.4,0.00105,none,0,0,0,500.0,0.01,met,VALID
2025-07-28 12:00:00,GOV-EMERG-001,west,portal-main,4076.1,195,5.095,0.4291,disaster,high,1.0,True,960.0,19,50,500,9500,34.05,18.46,1285749.8,-12.67,600.0,50.8,113.4,262.0,0.00091,none,0,0,0,500.0,0.01,met,VALID
2025-07-28 12:30:00,GOV-EMERG-001,west,api-data,3903.7,174,4.88,0.4109,disaster,high,1.0,True,960.0,19,50,500,9500,34.33,30.3,1285369.8,-12.67,600.0,46.1,116.7,261.1,0.00093,none,0,0,0,500.0,0.01,met,VALID
2025-07-28 13:00:00,GOV-EMERG-001,west,api-data,3368.5,161,4.211,0.3546,disaster,high,1.0,True,960.0,19,50,500,9500,30.51,25.25,1284989.8,-12.67,600.0,36.6,92.5,216.7,0.00076,none,0,0,0,500.0,0.01,met,VALID
2025-07-28 13:30:00,GOV-EMERG-001,west,portal-main,3263.0,181,4.079,0.3435,disaster,high,1.0,True,960.0,19,50,500,9500,27.85,22.33,1284609.8,-12.67,600.0,33.3,78.7,182.0,0.00105,scale_in,0,9,1800,500.0,0.01,met,VALID
2025-07-28 14:00:00,GOV-EMERG-001,west,portal-main,2549.1,143,3.186,0.5098,disaster,high,1.0,True,960.0,10,50,500,5000,43.25,27.32,1284409.8,-6.67,600.0,54.0,129.4,219.4,0.000755,none,0,0,0,500.0,0.01,met,IMPUTED_MISSING
2025-07-28 14:30:00,GOV-EMERG-001,west,portal-main,1763.5,91,2.204,0.3527,disaster,high,1.0,True,960.0,10,50,500,5000,28.96,20.85,1284209.8,-6.67,600.0,44.1,109.2,238.9,0.00046,none,0,0,0,500.0,0.01,met,VALID
2025-07-28 15:00:00,GOV-EMERG-001,west,portal-main,1180.7,70,1.476,0.2361,disaster,high,1.0,True,960.0,10,50,500,5000,22.16,13.9,1284009.8,-6.67,600.0,24.6,59.9,126.2,0.00126,none,0,0,0,500.0,0.01,met,VALID
2025-07-28 15:30:00,GOV-EMERG-001,west,portal-main,738.3,45,0.923,0.1477,disaster,high,1.0,True,960.0,10,50,500,5000,10.01,8.02,1283809.8,-6.67,600.0,33.7,71.9,141.7,0.00137,none,0,0,0,500.0,0.01,met,VALID
2025-07-28 16:00:00,GOV-EMERG-001,central,portal-main,622.2,38,0.778,0.1244,normal,none,1.0,False,0.0,10,50,500,5000,9.25,7.28,1283609.8,-6.67,600.0,27.9,64.1,126.5,0.00123,none,0,0,0,500.0,0.01,met,IMPUTED_MISSING
2025-07-28 18:00:00,GOV-EMERG-001,central,portal-main,506.1,23,0.633,0.1012,normal,none,1.0,False,0.0,10,50,500,5000,11.16,5.26,1282809.8,-6.67,600.0,20.6,43.0,89.3,0.00095,none,0,0,0,500.0,0.01,met,VALID
2025-07-28 20:00:00,GOV-EMERG-001,central,portal-main,348.2,19,0.435,0.0696,normal,none,1.0,False,0.0,10,50,500,5000,8.55,4.31,1282009.8,-6.67,600.0,28.7,57.2,168.2,0.00121,none,0,0,0,500.0,0.01,met,IMPUTED_MISSING
2025-07-28 22:00:00,GOV-EMERG-001,central,portal-main,227.8,12,0.285,0.0456,normal,none,1.0,False,0.0,10,50,500,5000,5.48,4.0,1281209.8,-6.67,600.0,29.8,71.4,166.8,0.00152,none,0,0,0,500.0,0.01,met,VALID
2025-07-29 00:00:00,GOV-EMERG-001,central,portal-main,117.9,5,0.147,0.0236,normal,none,1.0,False,0.0,10,50,500,5000,5.39,8.73,1280409.8,-6.67,600.0,24.2,62.6,130.7,0.00098,none,0,0,0,500.0,0.01,met,VALID
2025-07-29 02:00:00,GOV-EMERG-001,central,api-data,78.2,3,0.098,0.0156,normal,none,1.0,False,0.0,10,50,500,5000,1.0,4.0,1279609.8,-6.67,600.0,21.2,44.1,117.0,0.001415,none,0,0,0,500.0,0.01,met,IMPUTED_MISSING
2025-07-29 04:00:00,GOV-EMERG-001,central,api-data,59.7,2,0.075,0.0119,normal,none,1.0,False,0.0,10,50,500,5000,1.0,4.0,1278809.8,-6.67,600.0,32.1,74.1,167.3,0.00185,none,0,0,0,500.0,0.01,met,VALID
2025-07-29 06:00:00,GOV-EMERG-001,central,portal-main,200.8,10,0.251,0.0402,normal,none,1.0,False,0.0,10,50,500,5000,2.56,4.0,1278009.8,-6.67,600.0,23.4,56.9,133.5,0.00112,none,0,0,0,500.0,0.01,met,VALID
2025-07-29 08:00:00,GOV-EMERG-001,central,api-data,554.9,29,0.694,0.111,normal,none,1.0,False,0.0,10,50,500,5000,6.84,4.0,1277209.8,-6.67,600.0,32.8,82.6,146.0,0.001235,none,0,0,0,500.0,0.01,met,IMPUTED_MISSING
2025-07-29 10:00:00,GOV-EMERG-001,central,api-data,787.1,32,0.984,0.1574,normal,none,1.0,False,0.0,10,50,500,5000,11.9,4.89,1276409.8,-6.67,600.0,23.6,59.3,106.3,0.00135,none,0,0,0,500.0,0.01,met,VALID
2025-07-29 12:00:00,GOV-EMERG-001,central,portal-main,727.2,43,0.909,0.1454,normal,none,1.0,False,0.0,10,50,500,5000,10.78,4.11,1275609.8,-6.67,600.0,27.55,65.6,160.3,0.00116,none,0,0,0,500.0,0.01,met,IMPUTED_MISSING
2025-07-29 14:00:00,GOV-EMERG-001,central,portal-main,829.9,43,1.037,0.166,normal,none,1.0,False,0.0,10,50,500,5000,18.05,14.63,1274809.8,-6.67,600.0,31.5,81.6,177.2,0.00074,none,0,0,0,500.0,0.01,met,VALID
2025-07-29 16:00:00,GOV-EMERG-001,central,portal-main,703.9,43,0.88,0.1408,normal,none,1.0,False,0.0,10,50,500,5000,13.72,6.18,1274009.8,-6.67,600.0,32.6,84.4,184.8,0.00056,none,0,0,0,500.0,0.01,met,VALID
2025-07-29 18:00:00,GOV-EMERG-001,central,api-data,534.4,28,0.668,0.1069,normal,none,1.0,False,0.0,10,50,500,5000,8.66,4.0,1273209.8,-6.67,600.0,34.0,87.7,202.2,0.0011,none,0,0,0,500.0,0.01,met,VALID
2025-07-29 20:00:00,GOV-EMERG-001,central,portal-main,355.7,15,0.445,0.0711,normal,none,1.0,False,0.0,10,50,500,5000,2.82,4.0,1272409.8,-6.67,600.0,23.7,56.0,130.7,0.00098,none,0,0,0,500.0,0.01,met,VALID
2025-07-29 22:00:00,GOV-EMERG-001,central,api-data,217.6,12,0.272,0.0435,normal,none,1.0,False,0.0,10,50,500,5000,4.45,4.0,1271609.8,-6.67,600.0,28.2,70.5,126.0,0.0005,none,0,0,0,500.0,0.01,met,VALID
2025-07-30 00:00:00,GOV-EMERG-001,central,portal-main,113.7,6,0.142,0.0227,normal,none,1.0,False,0.0,10,50,500,5000,5.44,4.0,1270809.8,-6.67,600.0,20.1,41.1,89.7,0.00096,none,0,0,0,500.0,0.01,met,VALID
2025-07-30 02:00:00,GOV-EMERG-001,central,portal-main,77.6,4,0.097,0.0155,normal,none,1.0,False,0.0,10,50,500,5000,1.0,4.0,1270009.8,-6.67,600.0,19.9,42.8,97.2,0.00094,none,0,0,0,500.0,0.01,met,VALID
2025-07-30 04:00:00,GOV-EMERG-001,central,status-page,64.1,2,0.08,0.0128,normal,none,1.0,False,0.0,10,50,500,5000,1.0,4.0,1269209.8,-6.67,600.0,23.0,47.3,122.0,0.00098,none,0,0,0,500.0,0.01,met,VALID
2025-07-30 06:00:00,GOV-EMERG-001,central,portal-main,192.1,10,0.24,0.0384,normal,none,1.0,False,0.0,10,50,500,5000,2.29,4.0,1268409.8,-6.67,600.0,27.6,63.7,138.9,0.0012,none,0,0,0,500.0,0.01,met,VALID
2025-07-30 08:00:00,GOV-EMERG-001,central,api-data,562.7,23,0.703,0.1125,normal,none,1.0,False,0.0,10,50,500,5000,12.67,8.775,1267609.8,-6.67,600.0,34.9,89.9,144.2,0.0003,none,0,0,0,500.0,0.01,met,IMPUTED_MISSING
2025-07-30 10:00:00,GOV-EMERG-001,central,status-page,761.4,45,0.952,0.1523,normal,none,1.0,False,0.0,10,50,500,5000,15.02,13.55,1266809.8,-6.67,600.0,36.9,88.2,183.3,0.00056,none,0,0,0,500.0,0.01,met,VALID
2025-07-30 12:00:00,GOV-EMERG-001,central,api-data,660.2,31,0.825,0.132,normal,none,1.0,False,0.0,10,50,500,5000,9.26,5.07,1266009.8,-6.67,600.0,27.4,62.3,154.3,0.00081,none,0,0,0,500.0,0.01,met,VALID
2025-07-30 14:00:00,GOV-EMERG-001,central,portal-main,832.8,54,1.041,0.1666,normal,none,1.0,False,0.0,10,50,500,5000,17.08,6.67,1265209.8,-6.67,600.0,31.2,77.3,139.9,0.00153,none,0,0,0,500.0,0.01,met,VALID
2025-07-30 16:00:00,GOV-EMERG-001,central,api-data,663.9,21,0.83,0.1328,normal,none,1.0,False,0.0,10,50,500,5000,11.48,4.33,1264409.8,-6.67,600.0,32.6,76.0,171.8,0.00195,none,0,0,0,500.0,0.01,met,VALID
2025-07-30 18:00:00,GOV-EMERG-001,central,portal-main,498.2,25,0.623,0.0996,normal,none,1.0,False,0.0,10,50,500,5000,9.85,10.65,1263609.8,-6.67,600.0,30.8,70.1,139.9,0.001,none,0,0,0,500.0,0.01,met,VALID
2025-07-30 20:00:00,GOV-EMERG-001,central,portal-main,340.3,21,0.425,0.0681,normal,none,1.0,False,0.0,10,50,500,5000,6.46,8.77,1262809.8,-6.67,600.0,26.1,62.2,133.7,0.00102,none,0,0,0,500.0,0.01,met,VALID
2025-07-30 22:00:00,GOV-EMERG-001,central,api-data,228.7,10,0.286,0.0457,normal,none,1.0,False,0.0,10,50,500,5000,3.79,8.26,1262009.8,-6.67,600.0,26.5,61.1,143.2,2e-05,none,0,0,0,500.0,0.01,met,VALID
2025-07-31 00:00:00,GOV-EMERG-001,central,api-data,128.2,6,0.16,0.0256,normal,none,1.0,False,0.0,10,50,500,5000,4.19,4.0,1261209.8,-6.67,600.0,25.2,60.1,111.3,0.00136,none,0,0,0,500.0,0.01,met,VALID
2025-07-31 02:00:00,GOV-EMERG-001,central,portal-main,78.4,4,0.098,0.0157,normal,none,1.0,False,0.0,10,50,500,5000,1.0,4.0,1260409.8,-6.67,600.0,24.6,57.35,134.6,0.00118,none,0,0,0,500.0,0.01,met,IMPUTED_MISSING
2025-07-31 04:00:00,GOV-EMERG-001,central,portal-main,63.3,3,0.079,0.0127,normal,none,1.0,False,0.0,10,50,500,5000,6.56,4.0,1259609.8,-6.67,600.0,24.0,54.6,128.2,0.00111,none,0,0,0,500.0,0.01,met,VALID
2025-07-31 06:00:00,GOV-EMERG-001,central,api-data,210.7,11,0.263,0.0421,normal,none,1.0,False,0.0,10,50,500,5000,5.574999999999999,4.0,1258809.8,-6.67,600.0,25.6,57.6,118.5,0.0005,none,0,0,0,500.0,0.01,met,IMPUTED_MISSING
2025-07-31 08:00:00,GOV-EMERG-001,central,api-data,509.3,20,0.637,0.1019,normal,none,1.0,False,0.0,10,50,500,5000,4.59,4.0,1258009.8,-6.67,600.0,26.2,61.2,151.8,0.00179,none,0,0,0,500.0,0.01,met,VALID
2025-07-31 10:00:00,GOV-EMERG-001,central,portal-main,878.7,43,1.098,0.1757,normal,none,1.0,False,0.0,10,50,500,5000,13.35,4.93,1257209.8,-6.67,600.0,25.8,65.6,143.4,0.00161,none,0,0,0,500.0,0.01,met,VALID
2025-07-31 12:00:00,GOV-EMERG-001,central,api-data,808.0,44,1.01,0.1616,normal,none,1.0,False,0.0,10,50,500,5000,12.03,4.71,1256409.8,-6.67,600.0,33.3,75.0,167.8,0.00112,none,0,0,0,500.0,0.01,met,VALID
2025-07-31 14:00:00,GOV-EMERG-001,central,portal-main,691.7,33,0.865,0.1383,normal,none,1.0,False,0.0,10,50,500,5000,8.82,4.0,1255609.8,-6.67,600.0,31.1,78.0,129.4,0.0014,none,0,0,0,500.0,0.01,met,VALID
2025-07-31 16:00:00,GOV-EMERG-001,central,portal-main,676.7,28,0.846,0.1353,normal,none,1.0,False,0.0,10,50,500,5000,12.56,11.93,1254809.8,-6.67,600.0,36.4,86.3,177.8,0.00102,none,0,0,0,500.0,0.01,met,VALID
2025-07-31 18:00:00,GOV-EMERG-001,central,portal-main,501.3,29,0.627,0.1003,normal,none,1.0,False,0.0,10,50,500,5000,12.94,10.32,1254009.8,-6.67,600.0,30.799999999999997,58.7,136.4,0.00133,none,0,0,0,500.0,0.01,met,IMPUTED_MISSING
2025-07-31 20:00:00,GOV-EMERG-001,central,status-page,355.2,20,0.444,0.071,normal,none,1.0,False,0.0,10,50,500,5000,7.68,5.51,1253209.8,-6.67,600.0,25.2,57.7,114.2,0.00048,none,0,0,0,500.0,0.01,met,VALID
2025-07-31 22:00:00,GOV-EMERG-001,central,portal-main,219.3,9,0.274,0.0439,normal,none,1.0,False,0.0,10,50,500,5000,3.52,4.51,1252409.8,-6.67,600.0,23.6,50.3,125.0,9e-05,none,0,0,0,500.0,0.01,met,VALID
2025-08-01 00:00:00,GOV-EMERG-001,central,portal-main,118.6,5,0.148,0.0237,normal,none,1.0,False,0.0,10,50,500,5000,1.87,4.0,1251609.8,-6.67,600.0,25.8,53.9,150.7,0.00049,none,0,0,0,500.0,0.01,met,VALID
2025-08-01 02:00:00,GOV-EMERG-001,central,portal-main,75.6,3,0.094,0.0151,normal,none,1.0,False,0.0,10,50,500,5000,1.0,4.0,1250809.8,-6.67,600.0,27.6,59.1,118.5,0.00068,none,0,0,0,500.0,0.01,met,VALID
2025-08-01 04:00:00,GOV-EMERG-001,central,api-data,58.0,3,0.072,0.0116,normal,none,1.0,False,0.0,10,50,500,5000,5.78,5.41,1250009.8,-6.67,600.0,24.3,59.0,133.3,0.00074,none,0,0,0,500.0,0.01,met,VALID
2025-08-01 06:00:00,GOV-EMERG-001,central,portal-main,188.4,10,0.236,0.0377,normal,none,1.0,False,0.0,10,50,500,5000,4.16,4.0,1249209.8,-6.67,600.0,20.1,47.8,105.4,0.00082,none,0,0,0,500.0,0.01,met,IMPUTED_MISSING
2025-08-01 08:00:00,GOV-EMERG-001,central,portal-main,545.7,31,0.682,0.1091,normal,none,1.0,False,0.0,10,50,500,5000,3.59,4.0,1248409.8,-6.67,600.0,25.1,58.3,133.9,0.0009,none,0,0,0,500.0,0.01,met,VALID
2025-08-01 10:00:00,GOV-EMERG-001,central,status-page,715.0,34,0.894,0.143,normal,none,1.0,False,0.0,10,50,500,5000,6.6,4.0,1247609.8,-6.67,600.0,29.2,67.2,166.4,0.00099,none,0,0,0,500.0,0.01,met,VALID
2025-08-01 12:00:00,GOV-EMERG-001,central,portal-main,627.7,27,0.785,0.1255,normal,none,1.0,False,0.0,10,50,500,5000,11.92,14.34,1246809.8,-6.67,600.0,31.5,70.5,149.9,0.00053,none,0,0,0,500.0,0.01,met,VALID
2025-08-01 14:00:00,GOV-EMERG-001,central,portal-main,835.7,48,1.045,0.1671,normal,none,1.0,False,0.0,10,50,500,5000,13.07,6.92,1246009.8,-6.67,600.0,24.1,60.9,124.2,0.00049,none,0,0,0,500.0,0.01,met,VALID
2025-08-01 16:00:00,GOV-EMERG-001,central,portal-main,625.2,28,0.782,0.125,normal,none,1.0,False,0.0,10,50,500,5000,6.2,6.54,1245209.8,-6.67,600.0,29.6,75.8,134.9,0.00102,none,0,0,0,500.0,0.01,met,VALID
2025-08-01 18:00:00,GOV-EMERG-001,central,api-data,490.6,25,0.613,0.0981,normal,none,1.0,False,0.0,10,50,500,5000,9.55,4.0,1244409.8,-6.67,600.0,28.6,70.3,130.7,0.00078,none,0,0,0,500.0,0.01,met,VALID
2025-08-01 20:00:00,GOV-EMERG-001,central,portal-main,335.2,12,0.419,0.067,normal,none,1.0,False,0.0,10,50,500,5000,7.11,7.46,1243609.8,-6.67,600.0,25.0,54.3,125.6,0.001,none,0,0,0,500.0,0.01,met,VALID
2025-08-01 22:00:00,GOV-EMERG-001,central,portal-main,218.6,10,0.273,0.0437,normal,none,1.0,False,0.0,10,50,500,5000,2.9,4.0,1242809.8,-6.67,600.0,23.8,60.6,95.5,0.00122,none,0,0,0,500.0,0.01,met,VALID
2025-08-02 00:00:00,GOV-EMERG-001,central,portal-main,104.5,6,0.131,0.0209,normal,none,1.0,False,0.0,10,50,500,5000,1.69,4.0,1242009.8,-6.67,600.0,22.6,56.3,101.6,0.00166,none,0,0,0,500.0,0.01,met,VALID
2025-08-02 02:00:00,GOV-EMERG-001,central,api-data,65.9,3,0.082,0.0132,normal,none,1.0,False,0.0,10,50,500,5000,1.0,4.0,1241209.8,-6.67,600.0,25.9,53.7,111.4,0.00099,none,0,0,0,500.0,0.01,met,VALID
2025-08-02 04:00:00,GOV-EMERG-001,central,api-data,47.3,3,0.059,0.0095,normal,none,1.0,False,0.0,10,50,500,5000,1.0,4.0,1240409.8,-6.67,600.0,29.7,65.6,126.1,0.00173,none,0,0,0,500.0,0.01,met,VALID
2025-08-02 06:00:00,GOV-EMERG-001,central,portal-main,148.9,5,0.186,0.0298,normal,none,1.0,False,0.0,10,50,500,5000,1.87,4.24,1239609.8,-6.67,600.0,26.299999999999997,67.1,145.7,0.00116,none,0,0,0,500.0,0.01,met,IMPUTED_MISSING
2025-08-02 08:00:00,GOV-EMERG-001,central,portal-main,439.1,20,0.549,0.0878,normal,none,1.0,False,0.0,10,50,500,5000,7.97,4.0,1238809.8,-6.67,600.0,22.9,55.9,96.4,0.00128,none,0,0,0,500.0,0.01,met,VALID
2025-08-02 10:00:00,GOV-EMERG-001,central,api-data,631.4,31,0.789,0.1263,normal,none,1.0,False,0.0,10,50,500,5000,16.58,15.34,1238009.8,-6.67,600.0,27.9,64.5,120.1,0.00142,none,0,0,0,500.0,0.01,met,VALID
2025-08-02 12:00:00,GOV-EMERG-001,central,portal-main,526.4,34,0.658,0.1053,normal,none,1.0,False,0.0,10,50,500,5000,13.63,12.75,1237209.8,-6.67,600.0,19.2,41.4,102.3,0.00129,none,0,0,0,500.0,0.01,met,VALID
2025-08-02 14:00:00,GOV-EMERG-001,central,portal-main,666.2,27,0.833,0.1332,normal,none,1.0,False,0.0,10,50,500,5000,10.22,7.36,1236409.8,-6.67,600.0,29.3,62.6,155.3,0.00068,none,0,0,0,500.0,0.01,met,VALID
2025-08-02 16:00:00,GOV-EMERG-001,central,portal-main,514.5,29,0.643,0.1029,normal,none,1.0,False,0.0,10,50,500,5000,5.92,4.0,1235609.8,-6.67,600.0,30.3,68.8,178.2,0.00143,none,0,0,0,500.0,0.01,met,VALID
2025-08-02 18:00:00,GOV-EMERG-001,central,portal-main,447.1,26,0.559,0.0894,normal,none,1.0,False,0.0,10,50,500,5000,7.77,5.89,1234809.8,-6.67,600.0,33.7,81.0,197.0,0.00085,none,0,0,0,500.0,0.01,met,VALID
2025-08-02 20:00:00,GOV-EMERG-001,central,portal-main,314.2,14,0.393,0.0628,normal,none,1.0,False,0.0,10,50,500,5000,4.25,4.0,1234009.8,-6.67,600.0,19.5,45.0,112.3,0.00112,none,0,0,0,500.0,0.01,met,VALID
2025-08-02 22:00:00,GOV-EMERG-001,central,portal-main,177.0,8,0.221,0.0354,normal,none,1.0,False,0.0,10,50,500,5000,1.0,4.0,1233209.8,-6.67,600.0,21.6,46.5,116.1,0.00105,none,0,0,0,500.0,0.01,met,IMPUTED_MISSING
2025-08-03 00:00:00,GOV-EMERG-001,central,portal-main,92.0,5,0.115,0.0184,normal,none,1.0,False,0.0,10,50,500,5000,2.52,4.0,1232409.8,-6.67,600.0,26.0,61.8,118.1,0.00146,none,0,0,0,500.0,0.01,met,VALID
2025-08-03 02:00:00,GOV-EMERG-001,central,portal-main,56.3,2,0.07,0.0113,normal,none,1.0,False,0.0,10,50,500,5000,1.0,4.0,1231609.8,-6.67,600.0,18.8,48.9,82.0,0.00116,none,0,0,0,500.0,0.01,met,VALID
2025-08-03 04:00:00,GOV-EMERG-001,central,api-data,49.5,2,0.062,0.0099,normal,none,1.0,False,0.0,10,50,500,5000,1.86,4.0,1230809.8,-6.67,600.0,25.9,54.6,153.0,0.00045,none,0,0,0,500.0,0.01,met,VALID
2025-08-03 06:00:00,GOV-EMERG-001,central,portal-main,146.3,9,0.183,0.0293,normal,none,1.0,False,0.0,10,50,500,5000,1.0,4.77,1230009.8,-6.67,600.0,28.2,65.4,167.2,0.00184,none,0,0,0,500.0,0.01,met,VALID
2025-08-03 08:00:00,GOV-EMERG-001,central,portal-main,397.2,22,0.496,0.0794,normal,none,1.0,False,0.0,10,50,500,5000,8.99,4.0,1229209.8,-6.67,600.0,22.0,49.0,110.4,0.00133,none,0,0,0,500.0,0.01,met,VALID
2025-08-03 10:00:00,GOV-EMERG-001,central,api-data,591.3,29,0.739,0.1183,normal,none,1.0,False,0.0,10,50,500,5000,16.75,14.68,1228409.8,-6.67,600.0,28.9,61.6,147.2,0.00078,none,0,0,0,500.0,0.01,met,VALID
2025-08-03 12:00:00,GOV-EMERG-001,central,portal-main,527.4,27,0.659,0.1055,normal,none,1.0,False,0.0,10,50,500,5000,9.48,6.43,1227609.8,-6.67,600.0,23.1,58.3,92.6,0.00055,none,0,0,0,500.0,0.01,met,VALID
2025-08-03 14:00:00,GOV-EMERG-001,central,api-data,590.2,32,0.738,0.118,normal,none,1.0,False,0.0,10,50,500,5000,8.4,6.82,1226809.8,-6.67,600.0,33.8,87.1,145.4,0.00138,none,0,0,0,500.0,0.01,met,VALID
2025-08-03 16:00:00,GOV-EMERG-001,central,portal-main,534.2,30,0.668,0.1068,normal,none,1.0,False,0.0,10,50,500,5000,15.46,12.67,1226009.8,-6.67,600.0,28.8,63.7,146.7,0.00059,none,0,0,0,500.0,0.01,met,VALID
2025-08-03 18:00:00,GOV-EMERG-001,central,api-data,374.7,17,0.468,0.0749,normal,none,1.0,False,0.0,10,50,500,5000,7.58,5.45,1225209.8,-6.67,600.0,25.200000000000003,54.0,106.8,0.00132,none,0,0,0,500.0,0.01,met,IMPUTED_MISSING
2025-08-03 20:00:00,GOV-EMERG-001,central,portal-main,293.4,18,0.367,0.0587,normal,none,1.0,False,0.0,10,50,500,5000,9.41,5.66,1224409.8,-6.67,600.0,21.6,44.4,107.1,0.00143,none,0,0,0,500.0,0.01,met,VALID
2025-08-03 22:00:00,GOV-EMERG-001,central,portal-main,156.9,10,0.196,0.0314,normal,none,1.0,False,0.0,10,50,500,5000,1.0,4.0,1223609.8,-6.67,600.0,27.4,64.9,153.0,0.00074,none,0,0,0,500.0,0.01,met,VALID
2025-08-04 00:00:00,GOV-EMERG-001,central,portal-main,129.7,7,0.162,0.0259,normal,none,1.0,False,0.0,10,50,500,5000,1.0,4.0,1222809.8,-6.67,600.0,31.1,62.7,174.2,0.0007,none,0,0,0,500.0,0.01,met,VALID
2025-08-04 02:00:00,GOV-EMERG-001,central,portal-main,75.9,3,0.095,0.0152,normal,none,1.0,False,0.0,10,50,500,5000,1.0,5.34,1222009.8,-6.67,600.0,22.3,51.2,127.6,0.00081,none,0,0,0,500.0,0.01,met,VALID
2025-08-04 04:00:00,GOV-EMERG-001,central,portal-main,64.0,3,0.08,0.0128,normal,none,1.0,False,0.0,10,50,500,5000,1.0,4.0,1221209.8,-6.67,600.0,23.6,49.3,105.4,0.0006,none,0,0,0,500.0,0.01,met,VALID
2025-08-04 06:00:00,GOV-EMERG-001,central,api-data,195.1,9,0.244,0.039,normal,none,1.0,False,0.0,10,50,500,5000,4.62,5.58,1220409.8,-6.67,600.0,23.0,55.3,111.9,0.00109,none,0,0,0,500.0,0.01,met,VALID
2025-08-04 08:00:00,GOV-EMERG-001,central,api-data,550.4,28,0.688,0.1101,normal,none,1.0,False,0.0,10,50,500,5000,7.64,4.7,1219609.8,-6.67,600.0,34.3,87.8,180.3,0.00115,none,0,0,0,500.0,0.01,met,VALID
2025-08-04 10:00:00,GOV-EMERG-001,central,portal-main,832.1,29,1.04,0.1664,normal,none,1.0,False,0.0,10,50,500,5000,13.04,5.84,1218809.8,-6.67,600.0,22.4,45.9,115.4,0.00129,none,0,0,0,500.0,0.01,met,VALID
2025-08-04 12:00:00,GOV-EMERG-001,central,api-data,774.0,42,0.968,0.1548,normal,none,1.0,False,0.0,10,50,500,5000,13.49,16.92,1218009.8,-6.67,600.0,34.7,85.6,208.3,0.00067,none,0,0,0,500.0,0.01,met,VALID
2025-08-04 14:00:00,GOV-EMERG-001,central,api-data,847.6,51,1.06,0.1695,normal,none,1.0,False,0.0,10,50,500,5000,19.67,12.51,1217209.8,-6.67,600.0,28.6,71.4,130.2,0.00134,none,0,0,0,500.0,0.01,met,VALID
2025-08-04 16:00:00,GOV-EMERG-001,central,api-data,666.2,37,0.833,0.1332,normal,none,1.0,False,0.0,10,50,500,5000,10.94,8.13,1216409.8,-6.67,600.0,28.6,60.1,118.3,0.0006,none,0,0,0,500.0,0.01,met,VALID
2025-08-04 18:00:00,GOV-EMERG-001,central,api-data,524.8,23,0.656,0.105,normal,none,1.0,False,0.0,10,50,500,5000,8.51,6.79,1215609.8,-6.67,600.0,26.6,67.8,126.9,0.00134,none,0,0,0,500.0,0.01,met,VALID
2025-08-04 20:00:00,GOV-EMERG-001,central,api-data,345.9,15,0.432,0.0692,normal,none,1.0,False,0.0,10,50,500,5000,5.57,4.0,1214809.8,-6.67,600.0,24.9,66.0,140.1,0.00041,none,0,0,0,500.0,0.01,met,IMPUTED_MISSING
2025-08-04 22:00:00,GOV-EMERG-001,central,portal-main,212.9,11,0.266,0.0426,normal,none,1.0,False,0.0,10,50,500,5000,2.59,4.0,1214009.8,-6.67,600.0,23.2,53.8,110.7,0.00163,none,0,0,0,500.0,0.01,met,VALID
2025-08-05 00:00:00,GOV-EMERG-001,central,api-data,113.1,6,0.141,0.0226,normal,none,1.0,False,0.0,10,50,500,5000,5.35,4.0,1213209.8,-6.67,600.0,29.8,71.6,138.3,0.00079,none,0,0,0,500.0,0.01,met,VALID
2025-08-05 02:00:00,GOV-EMERG-001,central,status-page,78.2,4,0.098,0.0156,normal,none,1.0,False,0.0,10,50,500,5000,2.83,8.3,1212409.8,-6.67,600.0,29.8,64.7,134.5,0.00124,none,0,0,0,500.0,0.01,met,VALID
2025-08-05 04:00:00,GOV-EMERG-001,central,portal-main,64.8,4,0.081,0.013,normal,none,1.0,False,0.0,10,50,500,5000,1.75,4.0,1211609.8,-6.67,600.0,21.4,43.1,103.9,0.00127,none,0,0,0,500.0,0.01,met,VALID
2025-08-05 06:00:00,GOV-EMERG-001,central,portal-main,180.9,11,0.226,0.0362,normal,none,1.0,False,0.0,10,50,500,5000,1.0,4.0,1210809.8,-6.67,600.0,28.6,64.8,153.9,0.00049,none,0,0,0,500.0,0.01,met,VALID
2025-08-05 08:00:00,GOV-EMERG-001,central,portal-main,558.7,23,0.698,0.1117,normal,none,1.0,False,0.0,10,50,500,5000,10.01,4.99,1210009.8,-6.67,600.0,26.7,65.4,114.8,0.00133,none,0,0,0,500.0,0.01,met,VALID
2025-08-05 10:00:00,GOV-EMERG-001,central,status-page,860.6,45,1.076,0.1721,normal,none,1.0,False,0.0,10,50,500,5000,10.4,4.0,1209209.8,-6.67,600.0,30.4,77.6,174.2,0.00078,none,0,0,0,500.0,0.01,met,VALID
2025-08-05 12:00:00,GOV-EMERG-001,central,portal-main,760.4,36,0.95,0.1521,normal,none,1.0,False,0.0,10,50,500,5000,9.03,6.93,1208409.8,-6.67,600.0,35.6,80.4,188.0,0.00088,none,0,0,0,500.0,0.01,met,VALID
2025-08-05 14:00:00,GOV-EMERG-001,central,api-data,776.6,38,0.971,0.1553,normal,none,1.0,False,0.0,10,50,500,5000,17.71,16.34,1207609.8,-6.67,600.0,26.9,58.1,113.4,0.00073,none,0,0,0,500.0,0.01,met,VALID
2025-08-05 16:00:00,GOV-EMERG-001,central,api-data,632.5,36,0.791,0.1265,normal,none,1.0,False,0.0,10,50,500,5000,12.01,14.23,1206809.8,-6.67,600.0,32.3,67.2,130.8,0.00165,none,0,0,0,500.0,0.01,met,VALID
2025-08-05 18:00:00,GOV-EMERG-001,central,status-page,532.0,31,0.665,0.1064,normal,none,1.0,False,0.0,10,50,500,5000,5.42,10.81,1206009.8,-6.67,600.0,29.8,76.3,122.3,0.00053,none,0,0,0,500.0,0.01,met,IMPUTED_MISSING
2025-08-05 20:00:00,GOV-EMERG-001,central,portal-main,318.3,20,0.398,0.0637,normal,none,1.0,False,0.0,10,50,500,5000,7.45,7.39,1205209.8,-6.67,600.0,25.9,55.4,108.4,0.00117,none,0,0,0,500.0,0.01,met,VALID
2025-08-05 22:00:00,GOV-EMERG-001,central,api-data,236.4,13,0.296,0.0473,normal,none,1.0,False,0.0,10,50,500,5000,5.33,5.08,1204409.8,-6.67,600.0,27.7,70.6,146.5,0.00075,none,0,0,0,500.0,0.01,met,VALID
2025-08-06 00:00:00,GOV-EMERG-001,central,api-data,118.7,6,0.148,0.0237,normal,none,1.0,False,0.0,10,50,500,5000,3.98,7.04,1203609.8,-6.67,600.0,26.6,56.1,156.5,0.00144,none,0,0,0,500.0,0.01,met,VALID
2025-08-06 02:00:00,GOV-EMERG-001,central,portal-main,87.3,4,0.109,0.0175,normal,none,1.0,False,0.0,10,50,500,5000,1.31,4.0,1202809.8,-6.67,600.0,20.8,41.9,88.8,0.00193,none,0,0,0,500.0,0.01,met,VALID
2025-08-06 04:00:00,GOV-EMERG-001,central,api-data,58.5,2,0.073,0.0117,normal,none,1.0,False,0.0,10,50,500,5000,1.0,4.0,1202009.8,-6.67,600.0,22.9,48.8,104.5,0.00075,none,0,0,0,500.0,0.01,met,VALID
2025-08-06 06:00:00,GOV-EMERG-001,central,portal-main,209.2,13,0.262,0.0418,normal,none,1.0,False,0.0,10,50,500,5000,5.03,6.45,1201209.8,-6.67,600.0,21.9,50.3,125.6,0.00106,none,0,0,0,500.0,0.01,met,VALID
2025-08-06 08:00:00,GOV-EMERG-001,central,portal-main,557.2,26,0.696,0.1114,normal,none,1.0,False,0.0,10,50,500,5000,4.99,4.0,1200409.8,-6.67,600.0,27.0,59.7,135.4,0.00085,none,0,0,0,500.0,0.01,met,VALID
2025-08-06 10:00:00,GOV-EMERG-001,central,portal-main,786.8,43,0.983,0.1574,normal,none,1.0,False,0.0,10,50,500,5000,11.4,11.22,1199609.8,-6.67,600.0,35.1,89.2,170.1,0.00142,none,0,0,0,500.0,0.01,met,VALID
2025-08-06 12:00:00,GOV-EMERG-001,central,portal-main,670.7,37,0.838,0.1341,normal,none,1.0,False,0.0,10,50,500,5000,12.83,4.24,1198809.8,-6.67,600.0,31.2,72.6,154.3,0.0009,none,0,0,0,500.0,0.01,met,VALID
2025-08-06 14:00:00,GOV-EMERG-001,central,portal-main,823.8,33,1.03,0.1648,normal,none,1.0,False,0.0,10,50,500,5000,10.84,4.0,1198009.8,-6.67,600.0,24.2,70.1,101.7,0.00136,none,0,0,0,500.0,0.01,met,IMPUTED_MISSING
2025-08-06 16:00:00,GOV-EMERG-001,central,portal-main,703.0,34,0.879,0.1406,normal,none,1.0,False,0.0,10,50,500,5000,11.23,9.07,1197209.8,-6.67,600.0,28.0,67.6,124.3,0.00084,none,0,0,0,500.0,0.01,met,IMPUTED_MISSING
2025-08-06 18:00:00,GOV-EMERG-001,central,portal-main,541.1,36,0.676,0.1082,normal,none,1.0,False,0.0,10,50,500,5000,11.14,4.13,1196409.8,-6.67,600.0,29.1,65.1,172.6,0.0019,none,0,0,0,500.0,0.01,met,IMPUTED_MISSING
2025-08-06 20:00:00,GOV-EMERG-001,central,portal-main,379.2,20,0.474,0.0758,normal,none,1.0,False,0.0,10,50,500,5000,8.19,8.04,1195609.8,-6.67,600.0,30.0,72.3,158.7,0.00012,none,0,0,0,500.0,0.01,met,IMPUTED_MISSING
2025-08-06 22:00:00,GOV-EMERG-001,central,portal-main,217.3,10,0.272,0.0435,normal,none,1.0,False,0.0,10,50,500,5000,3.92,4.0,1194809.8,-6.67,600.0,23.5,58.2,107.6,0.00115,none,0,0,0,500.0,0.01,met,VALID
2025-08-07 00:00:00,GOV-EMERG-001,central,portal-main,114.0,6,0.142,0.0228,normal,none,1.0,False,0.0,10,50,500,5000,2.84,5.45,1194009.8,-6.67,600.0,20.6,53.5,121.6,0.001,none,0,0,0,500.0,0.01,met,VALID
2025-08-07 02:00:00,GOV-EMERG-001,central,api-data,74.5,4,0.093,0.0149,normal,none,1.0,False,0.0,10,50,500,5000,2.57,4.0,1193209.8,-6.67,600.0,25.2,59.0,120.6,0.00098,none,0,0,0,500.0,0.01,met,VALID
2025-08-07 04:00:00,GOV-EMERG-001,central,api-data,68.7,4,0.086,0.0137,normal,none,1.0,False,0.0,10,50,500,5000,2.4050000000000002,4.0,1192409.8,-6.67,600.0,27.6,61.3,118.3,0.00111,none,0,0,0,500.0,0.01,met,IMPUTED_MISSING
2025-08-07 06:00:00,GOV-EMERG-001,central,portal-main,192.2,7,0.24,0.0384,normal,none,1.0,False,0.0,10,50,500,5000,2.24,4.0,1191609.8,-6.67,600.0,26.9,60.9,159.8,0.00102,none,0,0,0,500.0,0.01,met,VALID
2025-08-07 08:00:00,GOV-EMERG-001,central,status-page,601.4,38,0.752,0.1203,normal,none,1.0,False,0.0,10,50,500,5000,10.57,4.01,1190809.8,-6.67,600.0,24.9,55.8,132.7,0.00109,none,0,0,0,500.0,0.01,met,VALID
2025-08-07 10:00:00,GOV-EMERG-001,central,portal-main,821.0,48,1.026,0.1642,normal,none,1.0,False,0.0,10,50,500,5000,11.37,10.96,1190009.8,-6.67,600.0,36.9,83.8,203.3,0.00116,none,0,0,0,500.0,0.01,met,VALID
2025-08-07 12:00:00,GOV-EMERG-001,central,api-data,731.9,36,0.915,0.1464,normal,none,1.0,False,0.0,10,50,500,5000,14.8,9.21,1189209.8,-6.67,600.0,28.9,58.3,116.9,0.0017,none,0,0,0,500.0,0.01,met,VALID
2025-08-07 14:00:00,GOV-EMERG-001,central,portal-main,787.7,32,0.985,0.1575,normal,none,1.0,False,0.0,10,50,500,5000,15.99,12.32,1188409.8,-6.67,600.0,30.4,65.4,139.0,0.0,none,0,0,0,500.0,0.01,met,VALID
2025-08-07 16:00:00,GOV-EMERG-001,central,api-data,702.5,41,0.878,0.1405,normal,none,1.0,False,0.0,10,50,500,5000,14.05,8.8,1187609.8,-6.67,600.0,26.4,68.5,155.7,0.00174,none,0,0,0,500.0,0.01,met,VALID
2025-08-07 18:00:00,GOV-EMERG-001,central,status-page,519.6,28,0.65,0.1039,normal,none,1.0,False,0.0,10,50,500,5000,7.86,8.9,1186809.8,-6.67,600.0,32.3,82.6,139.4,0.00202,none,0,0,0,500.0,0.01,met,VALID
2025-08-07 20:00:00,GOV-EMERG-001,central,api-data,353.4,13,0.442,0.0707,normal,none,1.0,False,0.0,10,50,500,5000,4.69,6.94,1186009.8,-6.67,600.0,29.2,59.2,167.7,0.0003,none,0,0,0,500.0,0.01,met,VALID
2025-08-07 22:00:00,GOV-EMERG-001,central,portal-main,231.8,11,0.29,0.0464,normal,none,1.0,False,0.0,10,50,500,5000,1.0,4.0,1185209.8,-6.67,600.0,27.5,71.1,152.2,0.00102,none,0,0,0,500.0,0.01,met,VALID
2025-08-08 00:00:00,GOV-EMERG-001,central,portal-main,113.2,9,0.142,0.0226,normal,none,1.0,False,0.0,10,50,500,5000,2.11,4.0,1184409.8,-6.67,600.0,21.0,51.9,99.8,0.00155,none,0,0,0,500.0,0.01,met,IMPUTED_MISSING
2025-08-08 02:00:00,GOV-EMERG-001,central,portal-main,73.0,4,0.091,0.0146,normal,none,1.0,False,0.0,10,50,500,5000,1.86,7.14,1183609.8,-6.67,600.0,29.7,59.5,171.7,0.00137,none,0,0,0,500.0,0.01,met,VALID
2025-08-08 04:00:00,GOV-EMERG-001,central,api-data,62.6,3,0.078,0.0125,normal,none,1.0,False,0.0,10,50,500,5000,2.1,4.0,1182809.8,-6.67,600.0,28.3,72.2,165.7,0.00167,none,0,0,0,500.0,0.01,met,VALID
2025-08-08 06:00:00,GOV-EMERG-001,central,api-data,189.4,8,0.237,0.0379,normal,none,1.0,False,0.0,10,50,500,5000,1.0,6.21,1182009.8,-6.67,600.0,30.0,77.4,172.3,0.00115,none,0,0,0,500.0,0.01,met,VALID
2025-08-08 08:00:00,GOV-EMERG-001,central,status-page,545.0,35,0.681,0.109,normal,none,1.0,False,0.0,10,50,500,5000,6.41,4.0,1181209.8,-6.67,600.0,28.2,67.1,135.8,0.00019,none,0,0,0,500.0,0.01,met,VALID
2025-08-08 10:00:00,GOV-EMERG-001,central,portal-main,742.8,42,0.928,0.1486,normal,none,1.0,False,0.0,10,50,500,5000,10.38,5.45,1180409.8,-6.67,600.0,29.1,71.9,150.4,0.00152,none,0,0,0,500.0,0.01,met,VALID
2025-08-08 12:00:00,GOV-EMERG-001,central,portal-main,642.6,40,0.803,0.1285,normal,none,1.0,False,0.0,10,50,500,5000,7.28,4.0,1179609.8,-6.67,600.0,28.0,61.5,128.9,0.00125,none,0,0,0,500.0,0.01,met,VALID
2025-08-08 14:00:00,GOV-EMERG-001,central,portal-main,11.8,43,0.015,0.0024,normal,none,1.0,False,0.0,10,50,500,5000,14.74,10.83,1178809.8,-6.67,600.0,39.1,91.5,166.4,0.00159,none,0,0,0,500.0,0.01,met,REPAIRED_NEGATIVE
2025-08-08 16:00:00,GOV-EMERG-001,central,portal-main,696.0,42,0.87,0.1392,normal,none,1.0,False,0.0,10,50,500,5000,9.14,8.27,1178009.8,-6.67,600.0,26.9,65.5,156.0,0.00039,none,0,0,0,500.0,0.01,met,VALID
2025-08-08 18:00:00,GOV-EMERG-001,central,portal-main,515.8,22,0.645,0.1032,normal,none,1.0,False,0.0,10,50,500,5000,8.48,4.0,1177209.8,-6.67,600.0,23.1,54.1,137.9,0.00051,none,0,0,0,500.0,0.01,met,VALID
2025-08-08 20:00:00,GOV-EMERG-001,central,portal-main,335.4,17,0.419,0.0671,normal,none,1.0,False,0.0,10,50,500,5000,5.98,6.82,1176409.8,-6.67,600.0,25.3,55.2,104.2,0.00101,none,0,0,0,500.0,0.01,met,VALID
2025-08-08 22:00:00,GOV-EMERG-001,central,api-data,209.6,11,0.262,0.0419,normal,none,1.0,False,0.0,10,50,500,5000,2.8,4.0,1175609.8,-6.67,600.0,24.0,57.3,128.8,0.00153,none,0,0,0,500.0,0.01,met,VALID
2025-08-09 00:00:00,GOV-EMERG-001,central,portal-main,102.6,6,0.128,0.0205,normal,none,1.0,False,0.0,10,50,500,5000,3.51,4.02,1174809.8,-6.67,600.0,30.6,76.5,180.3,0.00164,none,0,0,0,500.0,0.01,met,VALID
2025-08-09 02:00:00,GOV-EMERG-001,central,portal-main,62.9,3,0.079,0.0126,normal,none,1.0,False,0.0,10,50,500,5000,8.45,14.25,1174009.8,-6.67,600.0,19.9,49.8,103.8,0.00071,none,0,0,0,500.0,0.01,met,VALID
2025-08-09 04:00:00,GOV-EMERG-001,central,portal-main,49.6,2,0.062,0.0099,normal,none,1.0,False,0.0,10,50,500,5000,2.04,4.0,1173209.8,-6.67,600.0,23.0,47.8,94.2,0.00084,none,0,0,0,500.0,0.01,met,VALID
2025-08-09 06:00:00,GOV-EMERG-001,central,api-data,248.24999999999997,9,0.31,0.0496,normal,none,1.0,False,0.0,10,50,500,5000,8.78,4.37,1172409.8,-6.67,600.0,26.7,60.5,107.5,0.00215,none,0,0,0,500.0,0.01,met,IMPUTED_MISSING
2025-08-09 08:00:00,GOV-EMERG-001,central,api-data,446.9,16,0.559,0.0894,normal,none,1.0,False,0.0,10,50,500,5000,6.82,4.87,1171609.8,-6.67,600.0,32.5,65.8,162.9,0.00078,none,0,0,0,500.0,0.01,met,VALID
2025-08-09 10:00:00,GOV-EMERG-001,central,portal-main,696.6,21,0.871,0.1393,normal,none,1.0,False,0.0,10,50,500,5000,12.29,4.48,1170809.8,-6.67,600.0,31.9,75.9,187.6,0.00127,none,0,0,0,500.0,0.01,met,VALID
2025-08-09 12:00:00,GOV-EMERG-001,central,portal-main,535.7,30,0.67,0.1071,normal,none,1.0,False,0.0,10,50,500,5000,10.4,4.71,1170009.8,-6.67,600.0,34.5,74.0,157.1,0.00082,none,0,0,0,500.0,0.01,met,VALID
2025-08-09 14:00:00,GOV-EMERG-001,central,portal-main,656.6,31,0.821,0.1313,normal,none,1.0,False,0.0,10,50,500,5000,13.45,4.0,1169209.8,-6.67,600.0,30.2,77.2,141.8,0.00119,none,0,0,0,500.0,0.01,met,VALID
2025-08-09 16:00:00,GOV-EMERG-001,central,portal-main,600.3,29,0.75,0.1201,normal,none,1.0,False,0.0,10,50,500,5000,10.41,4.0,1168409.8,-6.67,600.0,27.6,65.4,154.3,0.00065,none,0,0,0,500.0,0.01,met,VALID
2025-08-09 18:00:00,GOV-EMERG-001,central,portal-main,416.6,24,0.521,0.0833,normal,none,1.0,False,0.0,10,50,500,5000,2.56,4.0,1167609.8,-6.67,600.0,30.7,68.8,172.0,0.00066,none,0,0,0,500.0,0.01,met,VALID
2025-08-09 20:00:00,GOV-EMERG-001,central,portal-main,284.2,18,0.355,0.0568,normal,none,1.0,False,0.0,10,50,500,5000,4.71,6.08,1166809.8,-6.67,600.0,21.0,51.3,123.8,0.00085,none,0,0,0,500.0,0.01,met,VALID
2025-08-09 22:00:00,GOV-EMERG-001,central,status-page,168.7,9,0.211,0.0337,normal,none,1.0,False,0.0,10,50,500,5000,7.19,4.0,1166009.8,-6.67,600.0,19.0,40.4,108.1,0.00078,none,0,0,0,500.0,0.01,met,VALID
2025-08-10 00:00:00,GOV-EMERG-001,central,portal-main,94.9,6,0.119,0.019,normal,none,1.0,False,0.0,10,50,500,5000,3.1,5.47,1165209.8,-6.67,600.0,29.4,60.4,152.5,0.00088,none,0,0,0,500.0,0.01,met,VALID
2025-08-10 02:00:00,GOV-EMERG-001,central,api-data,57.7,3,0.072,0.0115,normal,none,1.0,False,0.0,10,50,500,5000,1.0,4.0,1164409.8,-6.67,600.0,26.1,53.6,153.6,0.00121,none,0,0,0,500.0,0.01,met,VALID
2025-08-10 04:00:00,GOV-EMERG-001,central,portal-main,47.8,3,0.06,0.0096,normal,none,1.0,False,0.0,10,50,500,5000,3.12,4.0,1163609.8,-6.67,600.0,29.1,68.4,152.2,0.00176,none,0,0,0,500.0,0.01,met,VALID
2025-08-10 06:00:00,GOV-EMERG-001,central,status-page,140.7,7,0.176,0.0281,normal,none,1.0,False,0.0,10,50,500,5000,1.0,4.0,1162809.8,-6.67,600.0,22.3,56.5,116.1,0.00076,none,0,0,0,500.0,0.01,met,IMPUTED_MISSING
2025-08-10 08:00:00,GOV-EMERG-001,central,status-page,452.7,18,0.566,0.0905,normal,none,1.0,False,0.0,10,50,500,5000,5.53,4.0,1162009.8,-6.67,600.0,32.6,69.6,131.5,0.0006,none,0,0,0,500.0,0.01,met,VALID
2025-08-10 10:00:00,GOV-EMERG-001,central,api-data,634.6,37,0.793,0.1269,normal,none,1.0,False,0.0,10,50,500,5000,9.18,4.0,1161209.8,-6.67,600.0,31.3,76.9,153.8,0.001,none,0,0,0,500.0,0.01,met,VALID
2025-08-10 12:00:00,GOV-EMERG-001,central,portal-main,539.1,16,0.674,0.1078,normal,none,1.0,False,0.0,10,50,500,5000,13.74,9.87,1160409.8,-6.67,600.0,27.9,56.4,114.0,0.00066,none,0,0,0,500.0,0.01,met,VALID
2025-08-10 14:00:00,GOV-EMERG-001,central,portal-main,565.4,26,0.707,0.1131,normal,none,1.0,False,0.0,10,50,500,5000,4.87,4.0,1159609.8,-6.67,600.0,29.0,64.2,168.2,0.00035,none,0,0,0,500.0,0.01,met,VALID
2025-08-10 16:00:00,GOV-EMERG-001,central,api-data,549.2,28,0.687,0.1098,normal,none,1.0,False,0.0,10,50,500,5000,7.9,6.98,1158809.8,-6.67,600.0,29.5,70.5,118.5,0.00143,none,0,0,0,500.0,0.01,met,VALID
2025-08-10 18:00:00,GOV-EMERG-001,central,api-data,382.9,17,0.479,0.0766,normal,none,1.0,False,0.0,10,50,500,5000,1.0,4.0,1158009.8,-6.67,600.0,23.6,59.0,109.1,0.00103,none,0,0,0,500.0,0.01,met,VALID
2025-08-10 20:00:00,GOV-EMERG-001,central,portal-main,255.1,12,0.319,0.051,normal,none,1.0,False,0.0,10,50,500,5000,3.86,4.0,1157209.8,-6.67,600.0,24.8,63.6,148.6,0.00107,none,0,0,0,500.0,0.01,met,VALID
2025-08-10 22:00:00,GOV-EMERG-001,central,portal-main,153.2,10,0.191,0.0306,normal,none,1.0,False,0.0,10,50,500,5000,4.99,4.84,1156409.8,-6.67,600.0,27.1,64.5,151.6,0.00023,none,0,0,0,500.0,0.01,met,VALID
2025-08-11 00:00:00,GOV-EMERG-001,central,portal-main,116.1,7,0.145,0.0232,normal,none,1.0,False,0.0,10,50,500,5000,1.0,4.0,1155609.8,-6.67,600.0,23.9,54.4,131.8,0.00077,none,0,0,0,500.0,0.01,met,VALID
2025-08-11 02:00:00,GOV-EMERG-001,central,api-data,74.2,3,0.093,0.0148,normal,none,1.0,False,0.0,10,50,500,5000,5.33,7.52,1154809.8,-6.67,600.0,19.5,39.7,105.8,0.00043,none,0,0,0,500.0,0.01,met,VALID
2025-08-11 04:00:00,GOV-EMERG-001,central,api-data,62.0,3,0.078,0.0124,normal,none,1.0,False,0.0,10,50,500,5000,7.5,4.0,1154009.8,-6.67,600.0,26.5,57.4,108.7,0.00099,none,0,0,0,500.0,0.01,met,VALID
2025-08-11 06:00:00,GOV-EMERG-001,central,portal-main,207.4,8,0.259,0.0415,normal,none,1.0,False,0.0,10,50,500,5000,3.53,4.0,1153209.8,-6.67,600.0,29.4,75.2,134.7,0.00105,none,0,0,0,500.0,0.01,met,VALID
2025-08-11 08:00:00,GOV-EMERG-001,central,portal-main,549.5,31,0.687,0.1099,normal,none,1.0,False,0.0,10,50,500,5000,12.78,8.05,1152409.8,-6.67,600.0,32.4,76.0,181.1,0.00105,none,0,0,0,500.0,0.01,met,VALID
2025-08-11 10:00:00,GOV-EMERG-001,central,portal-main,814.2,39,1.018,0.1628,normal,none,1.0,False,0.0,10,50,500,5000,12.48,9.55,1151609.8,-6.67,600.0,32.0,70.6,185.3,0.00073,none,0,0,0,500.0,0.01,met,VALID
2025-08-11 12:00:00,GOV-EMERG-001,central,portal-main,694.0,23,0.868,0.1388,normal,none,1.0,False,0.0,10,50,500,5000,7.36,9.71,1150809.8,-6.67,600.0,32.3,69.4,151.8,0.00066,none,0,0,0,500.0,0.01,met,IMPUTED_MISSING
2025-08-11 14:00:00,GOV-EMERG-001,central,portal-main,802.6,41,1.003,0.1605,normal,none,1.0,False,0.0,10,50,500,5000,12.14,9.87,1150009.8,-6.67,600.0,33.7,69.8,152.4,0.00092,none,0,0,0,500.0,0.01,met,VALID
2025-08-11 16:00:00,GOV-EMERG-001,central,api-data,745.3,40,0.932,0.1491,normal,none,1.0,False,0.0,10,50,500,5000,14.78,5.19,1149209.8,-6.67,600.0,29.7,72.8,132.8,0.00114,none,0,0,0,500.0,0.01,met,VALID
2025-08-11 18:00:00,GOV-EMERG-001,central,portal-main,510.9,30,0.639,0.1022,normal,none,1.0,False,0.0,10,50,500,5000,8.13,5.4,1148409.8,-6.67,600.0,19.4,43.5,98.7,0.00077,none,0,0,0,500.0,0.01,met,VALID
2025-08-11 20:00:00,GOV-EMERG-001,central,portal-main,366.9,18,0.459,0.0734,normal,none,1.0,False,0.0,10,50,500,5000,7.64,6.8,1147609.8,-6.67,600.0,31.6,81.0,144.9,0.00063,none,0,0,0,500.0,0.01,met,VALID
2025-08-11 22:00:00,GOV-EMERG-001,central,portal-main,206.5,10,0.258,0.0413,normal,none,1.0,False,0.0,10,50,500,5000,6.53,4.0,1146809.8,-6.67,600.0,22.5,51.1,91.0,0.00064,none,0,0,0,500.0,0.01,met,VALID
2025-08-12 00:00:00,GOV-EMERG-001,central,portal-main,129.1,9,0.161,0.0258,normal,none,1.0,False,0.0,10,50,500,5000,4.3,4.0,1146009.8,-6.67,600.0,21.1,52.7,101.1,0.00074,none,0,0,0,500.0,0.01,met,VALID
2025-08-12 02:00:00,GOV-EMERG-001,central,portal-main,78.1,4,0.098,0.0156,normal,none,1.0,False,0.0,10,50,500,5000,2.23,4.0,1145209.8,-6.67,600.0,21.0,43.6,107.2,0.00082,none,0,0,0,500.0,0.01,met,VALID
2025-08-12 04:00:00,GOV-EMERG-001,central,portal-main,67.4,4,0.084,0.0135,normal,none,1.0,False,0.0,10,50,500,5000,2.2,4.0,1144409.8,-6.67,600.0,24.4,73.8,185.9,0.00056,none,0,0,0,500.0,0.01,met,IMPUTED_MISSING
2025-08-12 06:00:00,GOV-EMERG-001,central,portal-main,198.8,9,0.249,0.0398,normal,none,1.0,False,0.0,10,50,500,5000,1.0,4.0,1143609.8,-6.67,600.0,27.8,60.2,130.3,0.00082,none,0,0,0,500.0,0.01,met,VALID
2025-08-12 08:00:00,GOV-EMERG-001,central,api-data,512.8,32,0.641,0.1026,normal,none,1.0,False,0.0,10,50,500,5000,12.47,4.59,1142809.8,-6.67,600.0,24.1,51.0,111.5,0.00149,none,0,0,0,500.0,0.01,met,IMPUTED_MISSING
2025-08-12 10:00:00,GOV-EMERG-001,central,portal-main,826.8,31,1.033,0.1654,normal,none,1.0,False,0.0,10,50,500,5000,14.47,12.35,1142009.8,-6.67,600.0,27.2,70.4,124.3,0.00088,none,0,0,0,500.0,0.01,met,VALID
2025-08-12 12:00:00,GOV-EMERG-001,central,portal-main,703.7,32,0.88,0.1407,normal,none,1.0,False,0.0,10,50,500,5000,9.01,8.175,1141209.8,-6.67,600.0,29.1,72.3,152.6,0.0005,none,0,0,0,500.0,0.01,met,IMPUTED_MISSING
2025-08-12 14:00:00,GOV-EMERG-001,central,portal-main,843.7,34,1.055,0.1687,normal,none,1.0,False,0.0,10,50,500,5000,13.24,4.0,1140409.8,-6.67,600.0,32.2,71.2,147.3,0.0001,none,0,0,0,500.0,0.01,met,VALID
2025-08-12 16:00:00,GOV-EMERG-001,central,api-data,654.2,29,0.818,0.1308,normal,none,1.0,False,0.0,10,50,500,5000,8.6,4.0,1139609.8,-6.67,600.0,29.9,69.1,174.3,0.00173,none,0,0,0,500.0,0.01,met,VALID
2025-08-12 18:00:00,GOV-EMERG-001,central,portal-main,503.6,33,0.63,0.1007,normal,none,1.0,False,0.0,10,50,500,5000,10.4,4.0,1138809.8,-6.67,600.0,24.3,56.4,110.9,0.00146,none,0,0,0,500.0,0.01,met,IMPUTED_MISSING
2025-08-12 20:00:00,GOV-EMERG-001,central,api-data,353.0,16,0.441,0.0706,normal,none,1.0,False,0.0,10,50,500,5000,8.33,4.0,1138009.8,-6.67,600.0,28.2,66.6,157.2,0.00111,none,0,0,0,500.0,0.01,met,VALID
2025-08-12 22:00:00,GOV-EMERG-001,central,status-page,227.9,13,0.285,0.0456,normal,none,1.0,False,0.0,10,50,500,5000,4.31,4.0,1137209.8,-6.67,600.0,23.7,49.0,110.2,0.00147,none,0,0,0,500.0,0.01,met,VALID
2025-08-13 00:00:00,GOV-EMERG-001,central,api-data,117.2,7,0.146,0.0234,normal,none,1.0,False,0.0,10,50,500,5000,2.29,4.0,1136409.8,-6.67,600.0,29.8,65.8,157.0,0.00121,none,0,0,0,500.0,0.01,met,VALID
2025-08-13 02:00:00,GOV-EMERG-001,central,portal-main,80.2,4,0.1,0.016,normal,none,1.0,False,0.0,10,50,500,5000,4.28,5.98,1135609.8,-6.67,600.0,25.6,52.6,138.4,0.00097,none,0,0,0,500.0,0.01,met,VALID
2025-08-13 04:00:00,GOV-EMERG-001,central,api-data,60.6,4,0.076,0.0121,normal,none,1.0,False,0.0,10,50,500,5000,4.32,4.65,1134809.8,-6.67,600.0,22.3,56.8,96.8,0.0005,none,0,0,0,500.0,0.01,met,VALID
2025-08-13 06:00:00,GOV-EMERG-001,central,portal-main,202.5,11,0.253,0.0405,normal,none,1.0,False,0.0,10,50,500,5000,3.71,4.0,1134009.8,-6.67,600.0,28.8,64.6,137.1,0.00176,none,0,0,0,500.0,0.01,met,VALID
2025-08-13 08:00:00,GOV-EMERG-001,central,portal-main,561.2,29,0.702,0.1122,normal,none,1.0,False,0.0,10,50,500,5000,8.51,8.14,1133209.8,-6.67,600.0,29.7,72.3,126.3,0.00083,none,0,0,0,500.0,0.01,met,VALID
2025-08-13 10:00:00,GOV-EMERG-001,central,portal-main,778.4,44,0.973,0.1557,normal,none,1.0,False,0.0,10,50,500,5000,12.49,4.0,1132409.8,-6.67,600.0,27.7,70.7,139.1,0.00085,none,0,0,0,500.0,0.01,met,VALID
2025-08-13 12:00:00,GOV-EMERG-001,central,portal-main,718.0,47,0.898,0.1436,normal,none,1.0,False,0.0,10,50,500,5000,11.32,10.48,1131609.8,-6.67,600.0,32.1,70.2,186.9,0.00101,none,0,0,0,500.0,0.01,met,VALID
2025-08-13 14:00:00,GOV-EMERG-001,central,portal-main,805.4,36,1.007,0.1611,normal,none,1.0,False,0.0,10,50,500,5000,14.75,9.4,1130809.8,-6.67,600.0,32.3,66.3,167.8,0.00102,none,0,0,0,500.0,0.01,met,VALID
2025-08-13 16:00:00,GOV-EMERG-001,central,portal-main,659.0,28,0.824,0.1318,normal,none,1.0,False,0.0,10,50,500,5000,6.42,4.0,1130009.8,-6.67,600.0,33.6,74.0,181.6,0.00123,none,0,0,0,500.0,0.01,met,VALID
2025-08-13 18:00:00,GOV-EMERG-001,central,portal-main,516.7,21,0.646,0.1033,normal,none,1.0,False,0.0,10,50,500,5000,7.66,7.56,1129209.8,-6.67,600.0,30.7,73.8,140.3,0.00118,none,0,0,0,500.0,0.01,met,IMPUTED_MISSING
2025-08-13 20:00:00,GOV-EMERG-001,central,portal-main,341.9,20,0.427,0.0684,normal,none,1.0,False,0.0,10,50,500,5000,11.04,11.12,1128409.8,-6.67,600.0,26.0,59.8,128.2,0.00077,none,0,0,0,500.0,0.01,met,VALID
2025-08-13 22:00:00,GOV-EMERG-001,central,portal-main,250.3,15,0.313,0.0501,normal,none,1.0,False,0.0,10,50,500,5000,1.79,4.0,1127609.8,-6.67,600.0,19.6,40.0,107.2,0.00101,none,0,0,0,500.0,0.01,met,VALID
2025-08-14 00:00:00,GOV-EMERG-001,central,status-page,126.4,6,0.158,0.0253,normal,none,1.0,False,0.0,10,50,500,5000,1.0,4.0,1126809.8,-6.67,600.0,26.4,53.9,112.5,0.00122,none,0,0,0,500.0,0.01,met,VALID
2025-08-14 02:00:00,GOV-EMERG-001,central,portal-main,81.1,3,0.101,0.0162,normal,none,1.0,False,0.0,10,50,500,5000,1.0,100.0,1126009.8,-6.67,600.0,26.8,64.8,113.6,0.00074,none,0,0,0,500.0,0.01,met,REPAIRED_UTILISATION
2025-08-14 04:00:00,GOV-EMERG-001,central,portal-main,67.8,3,0.085,0.0136,normal,none,1.0,False,0.0,10,50,500,5000,1.0,4.0,1125209.8,-6.67,600.0,25.5,62.4,113.7,0.00158,none,0,0,0,500.0,0.01,met,REPAIRED_CAPACITY
2025-08-14 06:00:00,GOV-EMERG-001,central,portal-main,180.2,10,0.225,0.036,normal,none,1.0,False,0.0,10,50,500,5000,5.13,4.32,1124409.8,-6.67,600.0,13.9,28.7,62.1,0.00099,none,0,0,0,500.0,0.01,met,VALID
2025-08-14 08:00:00,GOV-EMERG-001,central,portal-main,488.4,24,0.61,0.0977,normal,none,1.0,False,0.0,10,50,500,5000,4.53,4.0,1123609.8,-6.67,600.0,30.4,75.4,180.2,0.00164,none,0,0,0,500.0,0.01,met,VALID
2025-08-14 10:00:00,GOV-EMERG-001,central,portal-main,784.0,40,0.98,0.1568,normal,none,1.0,False,0.0,10,50,500,5000,12.13,8.34,1122809.8,-6.67,600.0,26.0,57.4,112.3,0.00044,none,0,0,0,500.0,0.01,met,VALID
2025-08-14 12:00:00,GOV-EMERG-001,central,portal-main,670.4,31,0.838,0.1341,normal,none,1.0,False,0.0,10,50,500,5000,6.56,4.0,1122009.8,-6.67,600.0,31.6,64.5,133.1,0.00126,none,0,0,0,500.0,0.01,met,VALID
2025-08-14 14:00:00,GOV-EMERG-001,central,portal-main,790.5,46,0.988,0.1581,normal,none,1.0,False,0.0,10,50,500,5000,14.3,9.91,1121209.8,-6.67,600.0,36.5,80.3,156.0,0.00064,none,0,0,0,500.0,0.01,met,VALID
2025-08-14 16:00:00,GOV-EMERG-001,central,portal-main,687.0,36,0.859,0.1374,normal,none,1.0,False,0.0,10,50,500,5000,9.4,4.0,1120409.8,-6.67,600.0,28.0,68.2,123.2,0.00075,none,0,0,0,500.0,0.01,met,VALID
2025-08-14 18:00:00,GOV-EMERG-001,central,portal-main,543.9,30,0.68,0.1088,normal,none,1.0,False,0.0,10,50,500,5000,7.92,4.32,1119609.8,-6.67,600.0,29.8,71.3,141.2,0.00136,none,0,0,0,500.0,0.01,met,VALID
2025-08-14 20:00:00,GOV-EMERG-001,central,portal-main,339.5,17,0.424,0.0679,normal,none,1.0,False,0.0,10,50,500,5000,3.66,4.0,1118809.8,-6.67,600.0,27.0,61.7,118.4,0.00091,none,0,0,0,500.0,0.01,met,VALID
2025-08-14 22:00:00,GOV-EMERG-001,central,portal-main,228.5,12,0.286,0.0457,normal,none,1.0,False,0.0,10,50,500,5000,1.35,7.58,1118009.8,-6.67,600.0,28.3,61.3,118.2,0.00106,none,0,0,0,500.0,0.01,met,IMPUTED_MISSING
2025-08-15 00:00:00,GOV-EMERG-001,central,portal-main,114.1,6,0.143,0.0228,normal,none,1.0,False,0.0,10,50,500,5000,1.74,4.0,1117209.8,-6.67,600.0,26.0,58.5,111.1,0.00121,none,0,0,0,500.0,0.01,met,VALID
2025-08-15 02:00:00,GOV-EMERG-001,central,portal-main,77.3,3,0.097,0.0155,normal,none,1.0,False,0.0,10,50,500,5000,1.0,4.0,1116409.8,-6.67,600.0,23.3,52.0,130.1,0.00072,none,0,0,0,500.0,0.01,met,VALID
2025-08-15 04:00:00,GOV-EMERG-001,central,portal-main,59.2,3,0.074,0.0118,normal,none,1.0,False,0.0,10,50,500,5000,1.0,4.0,1115609.8,-6.67,600.0,21.7,48.4,109.3,0.00121,none,0,0,0,500.0,0.01,met,VALID
2025-08-15 06:00:00,GOV-EMERG-001,central,portal-main,203.1,11,0.254,0.0406,normal,none,1.0,False,0.0,10,50,500,5000,1.58,4.0,1114809.8,-6.67,600.0,32.4,74.4,178.0,0.00091,none,0,0,0,500.0,0.01,met,VALID
2025-08-15 08:00:00,GOV-EMERG-001,central,portal-main,529.2,32,0.662,0.1058,normal,none,1.0,False,0.0,10,50,500,5000,8.99,7.99,1114009.8,-6.67,600.0,29.7,67.5,129.3,0.00133,none,0,0,0,500.0,0.01,met,VALID
2025-08-15 10:00:00,GOV-EMERG-001,central,portal-main,827.4,44,1.034,0.1655,normal,none,1.0,False,0.0,10,50,500,5000,11.86,8.02,1113209.8,-6.67,600.0,33.3,68.6,153.4,0.00088,none,0,0,0,500.0,0.01,met,VALID
2025-08-15 12:00:00,GOV-EMERG-001,central,portal-main,657.0,28,0.821,0.1314,normal,none,1.0,False,0.0,10,50,500,5000,9.37,13.06,1112409.8,-6.67,600.0,30.4,66.0,181.2,0.00116,none,0,0,0,500.0,0.01,met,VALID
2025-08-15 14:00:00,GOV-EMERG-001,central,status-page,788.2,34,0.985,0.1576,normal,none,1.0,False,0.0,10,50,500,5000,14.94,14.66,1111609.8,-6.67,600.0,33.6,69.8,140.1,0.00108,none,0,0,0,500.0,0.01,met,VALID
2025-08-15 16:00:00,GOV-EMERG-001,central,portal-main,644.1,30,0.805,0.1288,normal,none,1.0,False,0.0,10,50,500,5000,11.12,5.67,1110809.8,-6.67,600.0,25.1,59.3,122.5,0.00103,none,0,0,0,500.0,0.01,met,VALID
2025-08-15 18:00:00,GOV-EMERG-001,central,portal-main,485.9,25,0.607,0.0972,normal,none,1.0,False,0.0,10,50,500,5000,9.81,5.29,1110009.8,-6.67,600.0,28.0,63.2,128.7,0.00142,none,0,0,0,500.0,0.01,met,VALID
2025-08-15 20:00:00,GOV-EMERG-001,central,portal-main,352.8,17,0.441,0.0706,normal,none,1.0,False,0.0,10,50,500,5000,6.03,5.34,1109209.8,-6.67,600.0,28.9,69.5,116.1,0.00028,none,0,0,0,500.0,0.01,met,VALID
2025-08-15 22:00:00,GOV-EMERG-001,central,status-page,209.6,9,0.262,0.0419,normal,none,1.0,False,0.0,10,50,500,5000,2.66,4.0,1108409.8,-6.67,600.0,31.3,64.2,159.6,0.00104,none,0,0,0,500.0,0.01,met,VALID
2025-08-16 00:00:00,GOV-EMERG-001,central,portal-main,83.2,3,0.104,0.0166,normal,none,1.0,False,0.0,10,50,500,5000,1.0,4.0,1107609.8,-6.67,600.0,36.1,79.7,184.2,0.00072,none,0,0,0,500.0,0.01,met,VALID
2025-08-16 02:00:00,GOV-EMERG-001,central,portal-main,54.4,50,0.068,0.0109,normal,none,1.0,False,0.0,10,50,500,5000,4.51,4.0,1106809.8,-6.67,600.0,26.9,56.7,124.9,0.00046,none,0,0,0,500.0,0.01,met,REPAIRED_NEGATIVE
2025-08-16 04:00:00,GOV-EMERG-001,central,status-page,54.5,1,0.068,0.0109,normal,none,1.0,False,0.0,10,50,500,5000,1.0,4.0,1106009.8,-6.67,600.0,22.6,46.5,111.9,0.00066,none,0,0,0,500.0,0.01,met,VALID
2025-08-16 06:00:00,GOV-EMERG-001,central,portal-main,169.8,8,0.212,0.034,normal,none,1.0,False,0.0,10,50,500,5000,2.93,4.0,1105209.8,-6.67,600.0,21.1,52.0,100.9,0.00075,none,0,0,0,500.0,0.01,met,VALID
2025-08-16 08:00:00,GOV-EMERG-001,central,status-page,490.3,34,0.613,0.0981,normal,none,1.0,False,0.0,10,50,500,5000,9.19,6.34,1104409.8,-6.67,600.0,24.1,50.1,118.8,0.00091,none,0,0,0,500.0,0.01,met,VALID
2025-08-16 10:00:00,GOV-EMERG-001,central,portal-main,639.4,42,0.799,0.1279,normal,none,1.0,False,0.0,10,50,500,5000,6.54,5.55,1103609.8,-6.67,600.0,25.6,53.8,145.6,0.00113,none,0,0,0,500.0,0.01,met,VALID
2025-08-16 12:00:00,GOV-EMERG-001,central,portal-main,538.8,23,0.674,0.1078,normal,none,1.0,False,0.0,10,50,500,5000,12.91,10.76,1102809.8,-6.67,600.0,16.4,36.4,89.1,0.00122,none,0,0,0,500.0,0.01,met,VALID
2025-08-16 14:00:00,GOV-EMERG-001,central,portal-main,626.6,32,0.783,0.1253,normal,none,1.0,False,0.0,10,50,500,5000,12.62,5.84,1102009.8,-6.67,600.0,25.9,56.3,118.0,0.00084,none,0,0,0,500.0,0.01,met,VALID
2025-08-16 16:00:00,GOV-EMERG-001,central,portal-main,544.3,21,0.68,0.1089,normal,none,1.0,False,0.0,10,50,500,5000,6.21,4.0,1101209.8,-6.67,600.0,30.9,78.9,138.5,0.00163,none,0,0,0,500.0,0.01,met,VALID
2025-08-16 18:00:00,GOV-EMERG-001,central,status-page,395.1,15,0.494,0.079,normal,none,1.0,False,0.0,10,50,500,5000,3.34,4.0,1100409.8,-6.67,600.0,27.4,71.2,149.6,0.00085,none,0,0,0,500.0,0.01,met,VALID
2025-08-16 20:00:00,GOV-EMERG-001,central,portal-main,311.7,12,0.39,0.0623,normal,none,1.0,False,0.0,10,50,500,5000,5.48,4.97,1099609.8,-6.67,600.0,25.6,57.7,114.0,0.00022,none,0,0,0,500.0,0.01,met,VALID
2025-08-16 22:00:00,GOV-EMERG-001,central,status-page,199.3,10,0.249,0.0399,normal,none,1.0,False,0.0,10,50,500,5000,4.38,6.39,1098809.8,-6.67,600.0,19.6,41.5,113.7,0.00086,none,0,0,0,500.0,0.01,met,VALID
2025-08-17 00:00:00,GOV-EMERG-001,central,portal-main,92.2,4,0.115,0.0184,breaking_news,high,1.0,False,720.0,10,50,500,5000,3.88,4.0,1098009.8,-6.67,600.0,29.7,68.2,168.1,0.00102,none,0,0,0,500.0,0.01,met,VALID
2025-08-17 02:00:00,GOV-EMERG-001,central,portal-main,367.0,19,0.459,0.0734,breaking_news,high,1.0,False,720.0,10,50,500,5000,5.28,100.0,1097209.8,-6.67,600.0,29.0,66.7,130.8,0.0,none,0,0,0,500.0,0.01,met,REPAIRED_UTILISATION
2025-08-17 04:00:00,GOV-EMERG-001,central,status-page,275.0,15,0.344,0.055,breaking_news,high,1.0,False,720.0,10,50,500,5000,1.53,4.0,1096409.8,-6.67,600.0,26.4,60.2,147.9,0.00148,none,0,0,0,500.0,0.01,met,VALID
2025-08-17 06:00:00,GOV-EMERG-001,central,portal-main,928.0,44,1.16,0.1856,breaking_news,high,1.0,False,720.0,10,50,500,5000,17.9,12.84,1095609.8,-6.67,600.0,21.9,44.0,95.9,0.00096,none,0,0,0,500.0,0.01,met,VALID
2025-08-17 08:00:00,GOV-EMERG-001,central,status-page,3430.2,173,4.288,0.686,breaking_news,high,1.0,False,720.0,10,50,500,5000,59.75,42.55,1094809.8,-6.67,600.0,77.7,161.3,314.5,0.00054,none,0,0,0,500.0,0.01,met,VALID
2025-08-17 10:00:00,GOV-EMERG-001,central,portal-main,3235.8,132,4.045,0.6472,breaking_news,high,1.0,False,720.0,10,50,500,5000,55.27,36.53,1094009.8,-6.67,600.0,72.6,151.3,429.9,0.00092,none,0,0,0,500.0,0.01,met,IMPUTED_MISSING
2025-08-17 12:00:00,GOV-EMERG-001,central,api-data,553.0,21,0.691,0.1106,normal,none,1.0,False,0.0,10,50,500,5000,9.82,6.23,1093209.8,-6.67,600.0,28.0,61.9,154.6,0.0013,none,0,0,0,500.0,0.01,met,VALID
2025-08-17 14:00:00,GOV-EMERG-001,central,portal-main,582.4,22,0.728,0.1165,normal,none,1.0,False,0.0,10,50,500,5000,13.47,11.61,1092409.8,-6.67,600.0,29.1,68.3,144.7,0.00135,none,0,0,0,500.0,0.01,met,VALID
2025-08-17 16:00:00,GOV-EMERG-001,central,portal-main,513.7,28,0.642,0.1027,normal,none,1.0,False,0.0,10,50,500,5000,9.22,4.0,1091609.8,-6.67,600.0,30.6,77.3,174.0,0.00074,none,0,0,0,500.0,0.01,met,VALID
2025-08-17 18:00:00,GOV-EMERG-001,central,api-data,361.9,17,0.452,0.0724,normal,none,1.0,False,0.0,10,50,500,5000,1.68,4.0,1090809.8,-6.67,600.0,27.6,58.8,114.5,0.00046,none,0,0,0,500.0,0.01,met,VALID
2025-08-17 20:00:00,GOV-EMERG-001,central,portal-main,284.7,10,0.356,0.0569,normal,none,1.0,False,0.0,10,50,500,5000,2.6,4.0,1090009.8,-6.67,600.0,29.1,71.7,159.5,0.00105,none,0,0,0,500.0,0.01,met,VALID
2025-08-17 22:00:00,GOV-EMERG-001,central,portal-main,167.1,8,0.209,0.0334,normal,none,1.0,False,0.0,10,50,500,5000,2.31,4.0,1089209.8,-6.67,600.0,22.5,48.0,133.0,0.00113,none,0,0,0,500.0,0.01,met,VALID
2025-08-18 00:00:00,GOV-EMERG-001,central,portal-main,127.0,5,0.159,0.0254,normal,none,1.0,False,0.0,10,50,500,5000,1.49,4.0,1088409.8,-6.67,600.0,20.8,41.9,117.0,0.00123,none,0,0,0,500.0,0.01,met,VALID
2025-08-18 02:00:00,GOV-EMERG-001,central,api-data,79.2,5,0.099,0.0158,normal,none,1.0,False,0.0,10,50,500,5000,1.0,4.0,1087609.8,-6.67,600.0,27.3,65.3,132.8,0.00077,none,0,0,0,500.0,0.01,met,VALID
2025-08-18 04:00:00,GOV-EMERG-001,central,portal-main,63.6,3,0.08,0.0127,normal,none,1.0,False,0.0,10,50,500,5000,1.14,4.0,1086809.8,-6.67,600.0,28.1,59.7,131.6,0.00095,none,0,0,0,500.0,0.01,met,VALID
2025-08-18 06:00:00,GOV-EMERG-001,central,api-data,187.9,10,0.235,0.0376,normal,none,1.0,False,0.0,10,50,500,5000,1.0,4.0,1086009.8,-6.67,600.0,28.1,71.6,162.3,0.00101,none,0,0,0,500.0,0.01,met,VALID
2025-08-18 08:00:00,GOV-EMERG-001,central,status-page,581.3,34,0.727,0.1163,normal,none,1.0,False,0.0,10,50,500,5000,12.49,8.9,1085209.8,-6.67,600.0,28.8,73.8,132.1,0.00139,none,0,0,0,500.0,0.01,met,VALID
2025-08-18 10:00:00,GOV-EMERG-001,central,portal-main,765.0,32,0.956,0.153,normal,none,1.0,False,0.0,10,50,500,5000,13.28,7.37,1084409.8,-6.67,600.0,28.2,58.2,165.8,0.00153,none,0,0,0,500.0,0.01,met,VALID
2025-08-18 12:00:00,GOV-EMERG-001,central,portal-main,702.5,36,0.878,0.1405,normal,none,1.0,False,0.0,10,50,500,5000,10.71,13.75,1083609.8,-6.67,600.0,29.9,63.4,138.9,0.00164,none,0,0,0,500.0,0.01,met,VALID
2025-08-18 14:00:00,GOV-EMERG-001,central,api-data,800.0,44,1.0,0.16,normal,none,1.0,False,0.0,10,50,500,5000,15.67,13.46,1082809.8,-6.67,600.0,31.3,66.5,132.9,0.00152,none,0,0,0,500.0,0.01,met,VALID
2025-08-18 16:00:00,GOV-EMERG-001,central,portal-main,684.1,35,0.855,0.1368,normal,none,1.0,False,0.0,10,50,500,5000,14.32,9.65,1082009.8,-6.67,600.0,30.7,78.2,137.4,0.00173,none,0,0,0,500.0,0.01,met,VALID
2025-08-18 18:00:00,GOV-EMERG-001,central,portal-main,475.6,25,0.594,0.0951,normal,none,1.0,False,0.0,10,50,500,5000,7.76,4.36,1081209.8,-6.67,600.0,38.1,77.9,191.8,0.001245,none,0,0,0,500.0,0.01,met,IMPUTED_MISSING
2025-08-18 20:00:00,GOV-EMERG-001,central,api-data,355.8,14,0.445,0.0712,normal,none,1.0,False,0.0,10,50,500,5000,5.59,6.33,1080409.8,-6.67,600.0,23.2,56.9,99.0,0.00076,none,0,0,0,500.0,0.01,met,VALID
2025-08-18 22:00:00,GOV-EMERG-001,central,portal-main,232.9,13,0.291,0.0466,normal,none,1.0,False,0.0,10,50,500,5000,1.0,4.0,1079609.8,-6.67,600.0,39.1,85.0,186.2,0.00161,none,0,0,0,500.0,0.01,met,VALID
2025-08-19 00:00:00,GOV-EMERG-001,central,portal-main,117.7,5,0.147,0.0235,normal,none,1.0,False,0.0,10,50,500,5000,1.0,4.0,1078809.8,-6.67,600.0,20.6,48.3,119.6,0.00045,none,0,0,0,500.0,0.01,met,VALID
2025-08-19 02:00:00,GOV-EMERG-001,central,api-data,79.1,4,0.099,0.0158,normal,none,1.0,False,0.0,10,50,500,5000,1.0,4.69,1078009.8,-6.67,600.0,26.9,56.8,112.8,0.00195,none,0,0,0,500.0,0.01,met,VALID
2025-08-19 04:00:00,GOV-EMERG-001,central,portal-main,64.5,4,0.081,0.0129,normal,none,1.0,False,0.0,10,50,500,5000,1.0,4.0,1077209.8,-6.67,600.0,20.5,51.0,107.4,0.00061,none,0,0,0,500.0,0.01,met,VALID
2025-08-19 06:00:00,GOV-EMERG-001,central,portal-main,198.7,11,0.248,0.0397,normal,none,1.0,False,0.0,10,50,500,5000,4.83,8.14,1076409.8,-6.67,600.0,27.3,65.5,131.0,0.00136,none,0,0,0,500.0,0.01,met,VALID
2025-08-19 08:00:00,GOV-EMERG-001,central,portal-main,498.59999999999997,28,0.623,0.0997,normal,none,1.0,False,0.0,10,50,500,5000,11.56,5.24,1075609.8,-6.67,600.0,31.9,64.2,168.9,0.00158,none,0,0,0,500.0,0.01,met,IMPUTED_MISSING
2025-08-19 10:00:00,GOV-EMERG-001,central,api-data,798.5,44,0.998,0.1597,normal,none,1.0,False,0.0,10,50,500,5000,14.15,9.58,1074809.8,-6.67,600.0,29.9,64.0,148.8,0.00118,none,0,0,0,500.0,0.01,met,VALID
2025-08-19 12:00:00,GOV-EMERG-001,central,api-data,755.8,42,0.945,0.1512,normal,none,1.0,False,0.0,10,50,500,5000,11.5,7.37,1074009.8,-6.67,600.0,33.3,76.0,191.9,0.00018,none,0,0,0,500.0,0.01,met,VALID
2025-08-19 14:00:00,GOV-EMERG-001,central,portal-main,758.0,47,0.948,0.1516,normal,none,1.0,False,0.0,10,50,500,5000,18.48,8.77,1073209.8,-6.67,600.0,27.8,64.4,133.4,0.00062,none,0,0,0,500.0,0.01,met,VALID
2025-08-19 16:00:00,GOV-EMERG-001,central,portal-main,667.3,33,0.834,0.1335,normal,none,1.0,False,0.0,10,50,500,5000,16.16,11.44,1072409.8,-6.67,600.0,20.7,51.6,103.6,0.00114,none,0,0,0,500.0,0.01,met,VALID
2025-08-19 18:00:00,GOV-EMERG-001,central,portal-main,484.1,25,0.605,0.0968,normal,none,1.0,False,0.0,10,50,500,5000,9.56,4.0,1071609.8,-6.67,600.0,30.2,67.4,128.6,0.00125,none,0,0,0,500.0,0.01,met,VALID
2025-08-19 20:00:00,GOV-EMERG-001,central,portal-main,376.9,22,0.471,0.0754,normal,none,1.0,False,0.0,10,50,500,5000,6.08,4.94,1070809.8,-6.67,600.0,27.2,69.4,135.3,0.00093,none,0,0,0,500.0,0.01,met,VALID
2025-08-19 22:00:00,GOV-EMERG-001,central,portal-main,223.0,10,0.279,0.0446,normal,none,1.0,False,0.0,10,50,500,5000,7.93,4.75,1070009.8,-6.67,600.0,24.2,51.3,102.6,0.00103,none,0,0,0,500.0,0.01,met,VALID
2025-08-20 00:00:00,GOV-EMERG-001,central,status-page,114.9,4,0.144,0.023,normal,none,1.0,False,0.0,10,50,500,5000,4.84,4.0,1069209.8,-6.67,600.0,23.9,60.2,123.7,0.00041,none,0,0,0,500.0,0.01,met,VALID
2025-08-20 02:00:00,GOV-EMERG-001,central,portal-main,80.4,4,0.1,0.0161,normal,none,1.0,False,0.0,10,50,500,5000,1.0,4.0,1068409.8,-6.67,600.0,27.0,68.7,131.3,0.00171,none,0,0,0,500.0,0.01,met,VALID
2025-08-20 04:00:00,GOV-EMERG-001,central,api-data,60.1,3,0.075,0.012,normal,none,1.0,False,0.0,10,50,500,5000,1.69,4.0,1067609.8,-6.67,600.0,22.0,52.4,122.7,0.00085,none,0,0,0,500.0,0.01,met,VALID
2025-08-20 06:00:00,GOV-EMERG-001,central,portal-main,189.7,8,0.237,0.0379,normal,none,1.0,False,0.0,10,50,500,5000,3.97,4.0,1066809.8,-6.67,600.0,27.5,70.9,132.9,0.00132,none,0,0,0,500.0,0.01,met,VALID
2025-08-20 08:00:00,GOV-EMERG-001,central,portal-main,519.1,28,0.649,0.1038,normal,none,1.0,False,0.0,10,50,500,5000,12.67,6.89,1066009.8,-6.67,600.0,32.7,73.3,171.8,0.00156,none,0,0,0,500.0,0.01,met,IMPUTED_MISSING
2025-08-20 10:00:00,GOV-EMERG-001,central,portal-main,757.3,47,0.947,0.1515,normal,none,1.0,False,0.0,10,50,500,5000,15.82,10.18,1065209.8,-6.67,600.0,37.7,91.2,155.3,0.00054,none,0,0,0,500.0,0.01,met,VALID
2025-08-20 12:00:00,GOV-EMERG-001,central,portal-main,768.9,28,0.961,0.1538,normal,none,1.0,False,0.0,10,50,500,5000,14.53,9.2,1064409.8,-6.67,600.0,35.2,70.5,190.6,0.000825,none,0,0,0,500.0,0.01,met,IMPUTED_MISSING
2025-08-20 14:00:00,GOV-EMERG-001,central,api-data,770.7,45,0.963,0.1541,normal,none,1.0,False,0.0,10,50,500,5000,15.88,8.38,1063609.8,-6.67,600.0,30.2,65.4,178.6,0.00111,none,0,0,0,500.0,0.01,met,VALID
2025-08-20 16:00:00,GOV-EMERG-001,central,status-page,695.9,20,0.87,0.1392,normal,none,1.0,False,0.0,10,50,500,5000,11.61,10.18,1062809.8,-6.67,600.0,30.1,70.4,147.2,0.0009,none,0,0,0,500.0,0.01,met,VALID
2025-08-20 18:00:00,GOV-EMERG-001,central,api-data,498.3,23,0.623,0.0997,normal,none,1.0,False,0.0,10,50,500,5000,4.73,6.09,1062009.8,-6.67,600.0,26.2,66.1,105.2,0.00137,none,0,0,0,500.0,0.01,met,VALID
2025-08-20 20:00:00,GOV-EMERG-001,central,portal-main,373.7,24,0.467,0.0747,normal,none,1.0,False,0.0,10,50,500,5000,3.42,4.0,1061209.8,-6.67,600.0,25.2,64.7,131.0,0.00073,none,0,0,0,500.0,0.01,met,VALID
2025-08-20 22:00:00,GOV-EMERG-001,central,api-data,212.5,10,0.266,0.0425,normal,none,1.0,False,0.0,10,50,500,5000,6.04,4.83,1060409.8,-6.67,600.0,29.6,69.5,127.0,0.00102,none,0,0,0,500.0,0.01,met,VALID
2025-08-21 00:00:00,GOV-EMERG-001,central,portal-main,120.2,6,0.15,0.024,normal,none,1.0,False,0.0,10,50,500,5000,2.73,4.0,1059609.8,-6.67,600.0,24.4,61.3,120.4,0.00085,none,0,0,0,500.0,0.01,met,VALID
2025-08-21 02:00:00,GOV-EMERG-001,central,status-page,80.2,5,0.1,0.016,normal,none,1.0,False,0.0,10,50,500,5000,1.0,4.0,1058809.8,-6.67,600.0,26.9,66.6,109.2,0.00193,none,0,0,0,500.0,0.01,met,VALID
2025-08-21 04:00:00,GOV-EMERG-001,central,portal-main,71.4,3,0.089,0.0143,normal,none,1.0,False,0.0,10,50,500,5000,1.79,4.0,1058009.8,-6.67,600.0,21.5,53.0,105.1,0.00073,none,0,0,0,500.0,0.01,met,VALID
2025-08-21 06:00:00,GOV-EMERG-001,central,portal-main,206.3,10,0.258,0.0413,normal,none,1.0,False,0.0,10,50,500,5000,3.36,4.0,1057209.8,-6.67,600.0,31.6,65.2,181.4,0.0013,none,0,0,0,500.0,0.01,met,VALID
2025-08-21 08:00:00,GOV-EMERG-001,central,portal-main,543.4,27,0.679,0.1087,normal,none,1.0,False,0.0,10,50,500,5000,8.43,5.3,1056409.8,-6.67,600.0,26.8,61.2,114.3,0.00172,none,0,0,0,500.0,0.01,met,VALID
2025-08-21 10:00:00,GOV-EMERG-001,central,portal-main,827.4,54,1.034,0.1655,normal,none,1.0,False,0.0,10,50,500,5000,15.25,9.57,1055609.8,-6.67,600.0,34.3,63.9,171.4,0.00063,none,0,0,0,500.0,0.01,met,IMPUTED_MISSING
2025-08-21 12:00:00,GOV-EMERG-001,central,portal-main,797.0,32,0.996,0.1594,normal,none,1.0,False,0.0,10,50,500,5000,10.14,6.86,1054809.8,-6.67,600.0,26.9,66.6,121.4,0.00104,none,0,0,0,500.0,0.01,met,VALID
2025-08-21 14:00:00,GOV-EMERG-001,central,status-page,734.8,34,0.918,0.147,normal,none,1.0,False,0.0,10,50,500,5000,9.57,9.98,1054009.8,-6.67,600.0,26.3,61.8,118.8,0.00061,none,0,0,0,500.0,0.01,met,VALID
2025-08-21 16:00:00,GOV-EMERG-001,central,api-data,651.4,28,0.814,0.1303,normal,none,1.0,False,0.0,10,50,500,5000,9.03,4.0,1053209.8,-6.67,600.0,34.1,84.9,180.0,0.00019,none,0,0,0,500.0,0.01,met,VALID
2025-08-21 18:00:00,GOV-EMERG-001,central,status-page,513.8,21,0.642,0.1028,normal,none,1.0,False,0.0,10,50,500,5000,4.23,4.0,1052409.8,-6.67,600.0,25.4,65.3,139.4,0.00069,none,0,0,0,500.0,0.01,met,VALID
2025-08-21 20:00:00,GOV-EMERG-001,central,portal-main,352.5,21,0.441,0.0705,normal,none,1.0,False,0.0,10,50,500,5000,3.63,4.0,1051609.8,-6.67,600.0,20.6,48.1,118.5,0.00077,none,0,0,0,500.0,0.01,met,VALID
2025-08-21 22:00:00,GOV-EMERG-001,central,portal-main,220.3,11,0.275,0.0441,normal,none,1.0,False,0.0,10,50,500,5000,1.87,4.0,1050809.8,-6.67,600.0,22.0,54.4,100.2,0.0008,none,0,0,0,500.0,0.01,met,VALID
2025-08-22 00:00:00,GOV-EMERG-001,central,portal-main,106.6,5,0.133,0.0213,normal,none,1.0,False,0.0,10,50,500,5000,1.0,4.0,1050009.8,-6.67,600.0,29.0,67.7,120.0,0.00088,none,0,0,0,500.0,0.01,met,VALID
2025-08-22 02:00:00,GOV-EMERG-001,central,portal-main,81.3,4,0.102,0.0163,normal,none,1.0,False,0.0,10,50,500,5000,1.0,4.0,1049209.8,-6.67,600.0,28.5,67.6,139.0,0.001,none,0,0,0,500.0,0.01,met,IMPUTED_MISSING
2025-08-22 04:00:00,GOV-EMERG-001,central,portal-main,56.5,3,0.071,0.0113,normal,none,1.0,False,0.0,10,50,500,5000,1.0,4.0,1048409.8,-6.67,600.0,22.2,50.8,114.9,0.00052,none,0,0,0,500.0,0.01,met,VALID
2025-08-22 06:00:00,GOV-EMERG-001,central,portal-main,188.1,9,0.235,0.0376,normal,none,1.0,False,0.0,10,50,500,5000,1.33,4.0,1047609.8,-6.67,600.0,23.4,60.4,128.5,0.00114,none,0,0,0,500.0,0.01,met,VALID
2025-08-22 08:00:00,GOV-EMERG-001,central,portal-main,559.8,22,0.7,0.112,normal,none,1.0,False,0.0,10,50,500,5000,4.68,4.0,1046809.8,-6.67,600.0,30.8,76.8,170.0,0.00149,none,0,0,0,500.0,0.01,met,VALID
2025-08-22 10:00:00,GOV-EMERG-001,central,portal-main,758.9,36,0.949,0.1518,normal,none,1.0,False,0.0,10,50,500,5000,12.35,6.72,1046009.8,-6.67,600.0,34.7,85.1,199.0,0.00153,none,0,0,0,500.0,0.01,met,VALID
2025-08-22 12:00:00,GOV-EMERG-001,central,portal-main,650.5,31,0.813,0.1301,normal,none,1.0,False,0.0,10,50,500,5000,9.0,5.4,1045209.8,-6.67,600.0,28.5,62.6,115.6,0.0009,none,0,0,0,500.0,0.01,met,VALID
2025-08-22 14:00:00,GOV-EMERG-001,central,api-data,708.8,31,0.886,0.1418,normal,none,1.0,False,0.0,10,50,500,5000,15.17,9.77,1044409.8,-6.67,600.0,31.3,71.8,186.9,0.00136,none,0,0,0,500.0,0.01,met,VALID
2025-08-22 16:00:00,GOV-EMERG-001,central,portal-main,638.6,33,0.798,0.1277,normal,none,1.0,False,0.0,10,50,500,5000,10.13,5.94,1043609.8,-6.67,600.0,32.2,81.0,190.8,0.00073,none,0,0,0,500.0,0.01,met,VALID
2025-08-22 18:00:00,GOV-EMERG-001,central,status-page,475.3,25,0.594,0.0951,normal,none,1.0,False,0.0,10,50,500,5000,8.04,8.62,1042809.8,-6.67,600.0,36.2,92.8,147.5,0.00086,none,0,0,0,500.0,0.01,met,VALID
2025-08-22 20:00:00,GOV-EMERG-001,central,portal-main,345.5,16,0.432,0.0691,normal,none,1.0,False,0.0,10,50,500,5000,8.31,4.0,1042009.8,-6.67,600.0,22.2,57.8,102.9,0.00116,none,0,0,0,500.0,0.01,met,VALID
2025-08-22 22:00:00,GOV-EMERG-001,central,api-data,197.9,10,0.247,0.0396,normal,none,1.0,False,0.0,10,50,500,5000,3.79,4.0,1041209.8,-6.67,600.0,23.4,57.0,129.2,0.00087,none,0,0,0,500.0,0.01,met,VALID
2025-08-23 00:00:00,GOV-EMERG-001,central,api-data,99.9,7,0.125,0.02,normal,none,1.0,False,0.0,10,50,500,5000,1.0,4.0,1040409.8,-6.67,600.0,23.5,57.3,116.4,0.00049,none,0,0,0,500.0,0.01,met,VALID
2025-08-23 02:00:00,GOV-EMERG-001,central,api-data,64.4,4,0.08,0.0129,normal,none,1.0,False,0.0,10,50,500,5000,3.7,4.0,1039609.8,-6.67,600.0,28.6,58.9,114.8,0.00133,none,0,0,0,500.0,0.01,met,VALID
2025-08-23 04:00:00,GOV-EMERG-001,central,api-data,51.7,2,0.065,0.0103,normal,none,1.0,False,0.0,10,50,500,5000,3.22,4.0,1038809.8,-6.67,600.0,24.3,59.4,114.2,0.00067,none,0,0,0,500.0,0.01,met,VALID
2025-08-23 06:00:00,GOV-EMERG-001,central,api-data,171.5,7,0.214,0.0343,normal,none,1.0,False,0.0,10,50,500,5000,1.29,4.0,1038009.8,-6.67,600.0,27.1,59.9,140.0,0.00079,none,0,0,0,500.0,0.01,met,VALID
2025-08-23 08:00:00,GOV-EMERG-001,central,portal-main,438.2,18,0.548,0.0876,normal,none,1.0,False,0.0,10,50,500,5000,9.37,7.82,1037209.8,-6.67,600.0,27.9,70.2,160.6,0.00142,none,0,0,0,500.0,0.01,met,VALID
2025-08-23 10:00:00,GOV-EMERG-001,central,portal-main,616.8,36,0.771,0.1234,normal,none,1.0,False,0.0,10,50,500,5000,8.34,5.31,1036409.8,-6.67,600.0,28.5,57.2,161.4,0.00121,none,0,0,0,500.0,0.01,met,VALID
2025-08-23 12:00:00,GOV-EMERG-001,central,portal-main,560.2,26,0.7,0.112,normal,none,1.0,False,0.0,10,50,500,5000,8.64,4.24,1035609.8,-6.67,600.0,28.6,73.2,168.4,0.00107,none,0,0,0,500.0,0.01,met,VALID
2025-08-23 14:00:00,GOV-EMERG-001,central,portal-main,633.8,33,0.792,0.1268,normal,none,1.0,False,0.0,10,50,500,5000,8.97,6.37,1034809.8,-6.67,600.0,32.7,75.0,161.6,0.00041,none,0,0,0,500.0,0.01,met,VALID
2025-08-23 16:00:00,GOV-EMERG-001,central,portal-main,541.5,36,0.677,0.1083,normal,none,1.0,False,0.0,10,50,500,5000,8.57,4.15,1034009.8,-6.67,600.0,24.2,50.2,135.2,0.00053,none,0,0,0,500.0,0.01,met,VALID
2025-08-23 18:00:00,GOV-EMERG-001,central,portal-main,398.7,20,0.498,0.0797,normal,none,1.0,False,0.0,10,50,500,5000,4.94,4.0,1033209.8,-6.67,600.0,26.6,62.7,111.6,0.00116,none,0,0,0,500.0,0.01,met,VALID
2025-08-23 20:00:00,GOV-EMERG-001,central,portal-main,258.9,14,0.324,0.0518,normal,none,1.0,False,0.0,10,50,500,5000,1.0,4.0,1032409.8,-6.67,600.0,21.5,51.9,108.3,0.00125,none,0,0,0,500.0,0.01,met,VALID
2025-08-23 22:00:00,GOV-EMERG-001,central,portal-main,174.2,9,0.218,0.0348,normal,none,1.0,False,0.0,10,50,500,5000,1.39,4.0,1031609.8,-6.67,600.0,26.8,66.2,156.4,0.0011,none,0,0,0,500.0,0.01,met,VALID
2025-08-24 00:00:00,GOV-EMERG-001,central,portal-main,91.6,4,0.114,0.0183,normal,none,1.0,False,0.0,10,50,500,5000,5.44,4.0,1030809.8,-6.67,600.0,24.7,59.8,140.1,0.00081,none,0,0,0,500.0,0.01,met,VALID
2025-08-24 02:00:00,GOV-EMERG-001,central,portal-main,60.4,4,0.076,0.0121,normal,none,1.0,False,0.0,10,50,500,5000,1.0,4.0,1030009.8,-6.67,600.0,29.6,69.0,157.1,0.0008,none,0,0,0,500.0,0.01,met,VALID
2025-08-24 04:00:00,GOV-EMERG-001,central,api-data,50.9,2,0.064,0.0102,normal,none,1.0,False,0.0,10,50,500,5000,1.0,6.91,1029209.8,-6.67,600.0,25.2,51.7,108.5,0.00109,none,0,0,0,500.0,0.01,met,VALID
2025-08-24 06:00:00,GOV-EMERG-001,central,api-data,164.7,10,0.206,0.0329,normal,none,1.0,False,0.0,10,50,500,5000,5.09,5.455,1028409.8,-6.67,600.0,24.1,60.6,105.1,0.0005,none,0,0,0,500.0,0.01,met,IMPUTED_MISSING
2025-08-24 08:00:00,GOV-EMERG-001,central,portal-main,435.9,20,0.545,0.0872,normal,none,1.0,False,0.0,10,50,500,5000,8.7,4.0,1027609.8,-6.67,600.0,26.4,68.4,141.4,0.00104,none,0,0,0,500.0,0.01,met,VALID
2025-08-24 10:00:00,GOV-EMERG-001,central,portal-main,641.5,30,0.802,0.1283,normal,none,1.0,False,0.0,10,50,500,5000,9.64,5.12,1026809.8,-6.67,600.0,35.6,87.8,165.5,0.00044,none,0,0,0,500.0,0.01,met,VALID
2025-08-24 12:00:00,GOV-EMERG-001,central,portal-main,560.7,23,0.701,0.1121,normal,none,1.0,False,0.0,10,50,500,5000,11.12,4.07,1026009.8,-6.67,600.0,21.9,44.2,101.9,0.00058,none,0,0,0,500.0,0.01,met,VALID
2025-08-24 14:00:00,GOV-EMERG-001,central,portal-main,651.3,28,0.814,0.1303,normal,none,1.0,False,0.0,10,50,500,5000,8.98,8.05,1025209.8,-6.67,600.0,26.2,64.4,149.4,0.00107,none,0,0,0,500.0,0.01,met,VALID
2025-08-24 16:00:00,GOV-EMERG-001,central,api-data,557.2,26,0.696,0.1114,normal,none,1.0,False,0.0,10,50,500,5000,13.22,10.11,1024409.8,-6.67,600.0,28.3,61.1,114.3,0.00123,none,0,0,0,500.0,0.01,met,VALID
2025-08-24 18:00:00,GOV-EMERG-001,central,portal-main,408.5,12,0.511,0.0817,normal,none,1.0,False,0.0,10,50,500,5000,8.48,5.88,1023609.8,-6.67,600.0,24.7,63.6,118.1,0.00114,none,0,0,0,500.0,0.01,met,VALID
2025-08-24 20:00:00,GOV-EMERG-001,central,status-page,279.5,13,0.349,0.0559,normal,none,1.0,False,0.0,10,50,500,5000,3.59,4.0,1022809.8,-6.67,600.0,28.4,58.0,127.3,0.00055,none,0,0,0,500.0,0.01,met,VALID
2025-08-24 22:00:00,GOV-EMERG-001,central,portal-main,166.3,8,0.208,0.0333,normal,none,1.0,False,0.0,10,50,500,5000,3.59,4.0,1022009.8,-6.67,600.0,25.6,52.7,103.9,0.00025,none,0,0,0,500.0,0.01,met,VALID
2025-08-25 00:00:00,GOV-EMERG-001,central,api-data,119.8,7,0.15,0.024,normal,none,1.0,False,0.0,10,50,500,5000,3.63,4.0,1021209.8,-6.67,600.0,26.6,56.2,118.1,0.001,none,0,0,0,500.0,0.01,met,VALID
2025-08-25 02:00:00,GOV-EMERG-001,central,portal-main,78.6,4,0.098,0.0157,normal,none,1.0,False,0.0,10,50,500,5000,1.0,4.0,1020409.8,-6.67,600.0,25.9,63.4,113.0,0.00024,none,0,0,0,500.0,0.01,met,VALID
2025-08-25 04:00:00,GOV-EMERG-001,central,portal-main,66.0,3,0.082,0.0132,normal,none,1.0,False,0.0,10,50,500,5000,1.61,4.0,1019609.8,-6.67,600.0,24.9,59.6,124.8,0.00138,none,0,0,0,500.0,0.01,met,VALID
2025-08-25 06:00:00,GOV-EMERG-001,central,api-data,192.8,9,0.241,0.0386,normal,none,1.0,False,0.0,10,50,500,5000,2.43,4.0,1018809.8,-6.67,600.0,20.8,50.8,101.5,0.00057,none,0,0,0,500.0,0.01,met,VALID
2025-08-25 08:00:00,GOV-EMERG-001,central,portal-main,554.6,27,0.693,0.1109,normal,none,1.0,False,0.0,10,50,500,5000,5.68,4.0,1018009.8,-6.67,600.0,28.8,63.8,142.5,0.00189,none,0,0,0,500.0,0.01,met,VALID
2025-08-25 10:00:00,GOV-EMERG-001,central,api-data,705.8,44,0.882,0.1412,normal,none,1.0,False,0.0,10,50,500,5000,10.15,7.205,1017209.8,-6.67,600.0,22.1,55.8,127.0,0.00062,none,0,0,0,500.0,0.01,met,IMPUTED_MISSING
2025-08-25 12:00:00,GOV-EMERG-001,central,portal-main,782.0,34,0.978,0.1564,normal,none,1.0,False,0.0,10,50,500,5000,10.96,10.41,1016409.8,-6.67,600.0,26.9,61.1,134.4,0.00119,none,0,0,0,500.0,0.01,met,VALID
2025-08-25 14:00:00,GOV-EMERG-001,central,portal-main,791.2,35,0.989,0.1582,normal,none,1.0,False,0.0,10,50,500,5000,17.66,9.83,1015609.8,-6.67,600.0,31.7,65.9,167.1,0.00071,none,0,0,0,500.0,0.01,met,VALID
2025-08-25 16:00:00,GOV-EMERG-001,central,portal-main,695.5,28,0.869,0.1391,normal,none,1.0,False,0.0,10,50,500,5000,11.58,6.51,1014809.8,-6.67,600.0,33.8,83.2,179.0,0.00093,none,0,0,0,500.0,0.01,met,VALID
2025-08-25 18:00:00,GOV-EMERG-001,central,api-data,557.9,21,0.697,0.1116,normal,none,1.0,False,0.0,10,50,500,5000,8.86,4.0,1014009.8,-6.67,600.0,37.5,87.0,189.0,0.00107,none,0,0,0,500.0,0.01,met,VALID
2025-08-25 20:00:00,GOV-EMERG-001,central,portal-main,365.4,19,0.457,0.0731,normal,none,1.0,False,0.0,10,50,500,5000,6.47,4.0,1013209.8,-6.67,600.0,25.3,59.5,116.4,0.00134,none,0,0,0,500.0,0.01,met,VALID
2025-08-25 22:00:00,GOV-EMERG-001,central,api-data,240.2,12,0.3,0.048,normal,none,1.0,False,0.0,10,50,500,5000,1.0,4.0,1012409.8,-6.67,600.0,22.8,50.9,132.4,0.00141,none,0,0,0,500.0,0.01,met,VALID
2025-08-26 00:00:00,GOV-EMERG-001,central,api-data,112.5,7,0.141,0.0225,normal,none,1.0,False,0.0,10,50,500,5000,4.2,4.0,1011609.8,-6.67,600.0,27.7,67.1,134.9,0.00129,none,0,0,0,500.0,0.01,met,VALID
2025-08-26 02:00:00,GOV-EMERG-001,central,api-data,89.6,5,0.112,0.0179,normal,none,1.0,False,0.0,10,50,500,5000,1.41,4.0,1010809.8,-6.67,600.0,32.9,66.6,169.4,0.00142,none,0,0,0,500.0,0.01,met,VALID
2025-08-26 04:00:00,GOV-EMERG-001,central,portal-main,67.5,5,0.084,0.0135,normal,none,1.0,False,0.0,10,50,500,5000,1.0,4.0,1010009.8,-6.67,600.0,31.5,72.2,161.1,0.00075,none,0,0,0,500.0,0.01,met,VALID
2025-08-26 06:00:00,GOV-EMERG-001,central,api-data,202.1,10,0.253,0.0404,normal,none,1.0,False,0.0,10,50,500,5000,1.15,4.0,1009209.8,-6.67,600.0,21.9,49.4,123.9,0.0008049999999999999,none,0,0,0,500.0,0.01,met,IMPUTED_MISSING
2025-08-26 08:00:00,GOV-EMERG-001,central,status-page,599.9,29,0.75,0.12,normal,none,1.0,False,0.0,10,50,500,5000,11.79,6.56,1008409.8,-6.67,600.0,27.8,68.2,141.2,0.00086,none,0,0,0,500.0,0.01,met,VALID
2025-08-26 10:00:00,GOV-EMERG-001,central,portal-main,753.3,30,0.942,0.1507,normal,none,1.0,False,0.0,10,50,500,5000,12.23,8.59,1007609.8,-6.67,600.0,32.8,70.9,161.4,0.00139,none,0,0,0,500.0,0.01,met,IMPUTED_MISSING
2025-08-26 12:00:00,GOV-EMERG-001,central,portal-main,709.6,40,0.887,0.1419,normal,none,1.0,False,0.0,10,50,500,5000,15.77,12.54,1006809.8,-6.67,600.0,32.8,70.2,161.4,0.00105,none,0,0,0,500.0,0.01,met,VALID
2025-08-26 14:00:00,GOV-EMERG-001,central,portal-main,857.8,44,1.072,0.1716,normal,none,1.0,False,0.0,10,50,500,5000,11.17,4.0,1006009.8,-6.67,600.0,32.5,65.65,181.0,0.00125,none,0,0,0,500.0,0.01,met,IMPUTED_MISSING
2025-08-26 16:00:00,GOV-EMERG-001,central,portal-main,616.5,34,0.771,0.1233,normal,none,1.0,False,0.0,10,50,500,5000,10.49,4.0,1005209.8,-6.67,600.0,26.7,61.1,124.5,0.00112,none,0,0,0,500.0,0.01,met,VALID
2025-08-26 18:00:00,GOV-EMERG-001,central,api-data,534.6,22,0.668,0.1069,normal,none,1.0,False,0.0,10,50,500,5000,9.24,8.33,1004409.8,-6.67,600.0,30.3,64.5,178.0,0.0013,none,0,0,0,500.0,0.01,met,VALID
2025-08-26 20:00:00,GOV-EMERG-001,central,portal-main,369.6,20,0.462,0.0739,normal,none,1.0,False,0.0,10,50,500,5000,3.07,4.0,1003609.8,-6.67,600.0,30.7,74.0,174.9,0.00068,none,0,0,0,500.0,0.01,met,VALID
2025-08-26 22:00:00,GOV-EMERG-001,central,portal-main,246.1,13,0.308,0.0492,normal,none,1.0,False,0.0,10,50,500,5000,5.51,4.93,1002809.8,-6.67,600.0,22.6,49.6,96.5,0.00037,none,0,0,0,500.0,0.01,met,VALID
2025-08-27 00:00:00,GOV-EMERG-001,central,portal-main,110.5,6,0.138,0.0221,normal,none,1.0,False,0.0,10,50,500,5000,4.59,4.0,1002009.8,-6.67,600.0,30.9,69.6,143.1,0.0014,none,0,0,0,500.0,0.01,met,VALID
2025-08-27 02:00:00,GOV-EMERG-001,central,portal-main,86.4,4,0.108,0.0173,normal,none,1.0,False,0.0,10,50,500,5000,4.54,4.0,1001209.8,-6.67,600.0,29.4,68.7,170.9,0.00154,none,0,0,0,500.0,0.01,met,VALID
2025-08-27 04:00:00,GOV-EMERG-001,central,portal-main,62.2,4,0.078,0.0124,normal,none,1.0,False,0.0,10,50,500,5000,2.71,5.63,1000409.8,-6.67,600.0,22.3,49.7,101.8,0.00095,none,0,0,0,500.0,0.01,met,VALID
2025-08-27 06:00:00,GOV-EMERG-001,central,api-data,195.5,13,0.244,0.0391,normal,none,1.0,False,0.0,10,50,500,5000,4.99,4.0,999609.8,-6.67,600.0,29.7,71.9,137.7,0.00132,none,0,0,0,500.0,0.01,met,VALID
2025-08-27 08:00:00,GOV-EMERG-001,central,portal-main,525.8,21,0.657,0.1052,normal,none,1.0,False,0.0,10,50,500,5000,7.16,9.65,998809.8,-6.67,600.0,31.2,74.7,138.3,0.00035,none,0,0,0,500.0,0.01,met,VALID
2025-08-27 10:00:00,GOV-EMERG-001,central,portal-main,756.5,42,0.946,0.1513,normal,none,1.0,False,0.0,10,50,500,5000,9.71,5.05,998009.8,-6.67,600.0,32.9,80.6,135.0,0.00075,none,0,0,0,500.0,0.01,met,VALID
2025-08-27 12:00:00,GOV-EMERG-001,central,api-data,734.5,19,0.918,0.1469,normal,none,1.0,False,0.0,10,50,500,5000,10.13,8.91,997209.8,-6.67,600.0,35.6,82.4,176.5,0.00103,none,0,0,0,500.0,0.01,met,VALID
2025-08-27 14:00:00,GOV-EMERG-001,central,portal-main,755.5,42,0.944,0.1511,normal,none,1.0,False,0.0,10,50,500,5000,14.02,10.05,996409.8,-6.67,600.0,29.4,65.3,162.0,0.00031,none,0,0,0,500.0,0.01,met,VALID
2025-08-27 16:00:00,GOV-EMERG-001,central,portal-main,705.2,24,0.882,0.141,normal,none,1.0,False,0.0,10,50,500,5000,8.98,5.17,995609.8,-6.67,600.0,30.4,64.5,161.9,0.00039,none,0,0,0,500.0,0.01,met,VALID
2025-08-27 18:00:00,GOV-EMERG-001,central,portal-main,502.8,23,0.629,0.1006,normal,none,1.0,False,0.0,10,50,500,5000,6.2,4.0,994809.8,-6.67,600.0,17.2,39.0,69.9,0.00106,none,0,0,0,500.0,0.01,met,VALID
2025-08-27 20:00:00,GOV-EMERG-001,central,status-page,338.2,13,0.423,0.0676,normal,none,1.0,False,0.0,10,50,500,5000,4.99,6.61,994009.8,-6.67,600.0,31.3,78.9,157.8,0.00076,none,0,0,0,500.0,0.01,met,VALID
2025-08-27 22:00:00,GOV-EMERG-001,central,api-data,218.1,11,0.273,0.0436,normal,none,1.0,False,0.0,10,50,500,5000,1.91,4.59,993209.8,-6.67,600.0,30.2,62.6,140.8,0.00086,none,0,0,0,500.0,0.01,met,VALID
2025-08-28 00:00:00,GOV-EMERG-001,central,portal-main,122.0,7,0.152,0.0244,normal,none,1.0,False,0.0,10,50,500,5000,1.0,4.0,992409.8,-6.67,600.0,31.0,66.1,164.1,0.00084,none,0,0,0,500.0,0.01,met,VALID
2025-08-28 02:00:00,GOV-EMERG-001,central,portal-main,78.9,3,0.099,0.0158,normal,none,1.0,False,0.0,10,50,500,5000,2.66,4.0,991609.8,-6.67,600.0,21.7,52.0,104.2,0.00049,none,0,0,0,500.0,0.01,met,VALID
2025-08-28 04:00:00,GOV-EMERG-001,central,portal-main,64.1,3,0.08,0.0128,normal,none,1.0,False,0.0,10,50,500,5000,1.17,4.0,990809.8,-6.67,600.0,29.2,68.4,173.9,0.00091,none,0,0,0,500.0,0.01,met,VALID
2025-08-28 06:00:00,GOV-EMERG-001,central,portal-main,207.0,9,0.259,0.0414,normal,none,1.0,False,0.0,10,50,500,5000,5.02,6.19,990009.8,-6.67,600.0,30.2,76.9,170.6,0.00099,none,0,0,0,500.0,0.01,met,VALID
2025-08-28 08:00:00,GOV-EMERG-001,central,portal-main,590.3,37,0.738,0.1181,normal,none,1.0,False,0.0,10,50,500,5000,8.74,4.0,989209.8,-6.67,600.0,25.7,51.9,139.0,0.00077,none,0,0,0,500.0,0.01,met,VALID
2025-08-28 10:00:00,GOV-EMERG-001,central,status-page,787.6,42,0.984,0.1575,normal,none,1.0,False,0.0,10,50,500,5000,11.9,7.53,988409.8,-6.67,600.0,33.9,85.7,170.5,0.0008,none,0,0,0,500.0,0.01,met,VALID
2025-08-28 12:00:00,GOV-EMERG-001,central,api-data,682.4,27,0.853,0.1365,normal,none,1.0,False,0.0,10,50,500,5000,9.73,4.0,987609.8,-6.67,600.0,30.8,75.0,159.6,0.00092,none,0,0,0,500.0,0.01,met,VALID
2025-08-28 14:00:00,GOV-EMERG-001,central,portal-main,803.0,37,1.004,0.1606,normal,none,1.0,False,0.0,10,50,500,5000,11.09,6.48,986809.8,-6.67,600.0,31.1,56.7,112.3,0.00133,none,0,0,0,500.0,0.01,met,IMPUTED_MISSING
2025-08-28 16:00:00,GOV-EMERG-001,central,api-data,696.0,44,0.87,0.1392,normal,none,1.0,False,0.0,10,50,500,5000,9.02,7.44,986009.8,-6.67,600.0,31.4,69.9,175.4,0.00096,none,0,0,0,500.0,0.01,met,VALID
2025-08-28 18:00:00,GOV-EMERG-001,central,status-page,482.0,27,0.602,0.0964,normal,none,1.0,False,0.0,10,50,500,5000,7.7,4.51,985209.8,-6.67,600.0,24.6,53.7,143.1,0.00023,none,0,0,0,500.0,0.01,met,VALID
2025-08-28 20:00:00,GOV-EMERG-001,central,portal-main,344.0,15,0.43,0.0688,normal,none,1.0,False,0.0,10,50,500,5000,11.16,11.99,984409.8,-6.67,600.0,20.1,40.5,120.8,0.00052,none,0,0,0,500.0,0.01,met,VALID
2025-08-28 22:00:00,GOV-EMERG-001,central,portal-main,215.9,10,0.27,0.0432,normal,none,1.0,False,0.0,10,50,500,5000,1.0,4.0,983609.8,-6.67,600.0,27.6,68.2,143.4,0.00137,none,0,0,0,500.0,0.01,met,VALID
2025-08-29 00:00:00,GOV-EMERG-001,central,status-page,112.8,5,0.141,0.0226,normal,none,1.0,False,0.0,10,50,500,5000,3.21,4.0,982809.8,-6.67,600.0,25.3,53.1,135.8,0.00073,none,0,0,0,500.0,0.01,met,VALID
2025-08-29 02:00:00,GOV-EMERG-001,central,portal-main,73.1,3,0.091,0.0146,normal,none,1.0,False,0.0,10,50,500,5000,1.0,4.0,982009.8,-6.67,600.0,31.0,66.2,148.7,0.00096,none,0,0,0,500.0,0.01,met,VALID
2025-08-29 04:00:00,GOV-EMERG-001,central,api-data,62.9,2,0.079,0.0126,normal,none,1.0,False,0.0,10,50,500,5000,2.83,4.0,981209.8,-6.67,600.0,26.0,56.4,104.6,0.00177,none,0,0,0,500.0,0.01,met,VALID
2025-08-29 06:00:00,GOV-EMERG-001,central,portal-main,174.8,8,0.219,0.035,normal,none,1.0,False,0.0,10,50,500,5000,2.99,7.34,980409.8,-6.67,600.0,29.0,73.2,156.9,0.00125,none,0,0,0,500.0,0.01,met,VALID
2025-08-29 08:00:00,GOV-EMERG-001,central,portal-main,490.0,30,0.612,0.098,normal,none,1.0,False,0.0,10,50,500,5000,9.83,7.15,979609.8,-6.67,600.0,29.8,64.6,174.6,0.00014,none,0,0,0,500.0,0.01,met,VALID
2025-08-29 10:00:00,GOV-EMERG-001,central,api-data,747.3,35,0.934,0.1495,normal,none,1.0,False,0.0,10,50,500,5000,12.13,5.45,978809.8,-6.67,600.0,33.5,75.5,191.5,0.00158,none,0,0,0,500.0,0.01,met,VALID
2025-08-29 12:00:00,GOV-EMERG-001,central,portal-main,678.0,33,0.848,0.1356,normal,none,1.0,False,0.0,10,50,500,5000,9.14,4.0,978009.8,-6.67,600.0,25.4,62.1,146.1,0.00106,none,0,0,0,500.0,0.01,met,VALID
2025-08-29 14:00:00,GOV-EMERG-001,central,portal-main,704.7,36,0.881,0.1409,normal,none,1.0,False,0.0,10,50,500,5000,13.59,12.09,977209.8,-6.67,600.0,29.9,75.8,143.6,0.00115,none,0,0,0,500.0,0.01,met,VALID
2025-08-29 16:00:00,GOV-EMERG-001,central,portal-main,626.4,43,0.783,0.1253,normal,none,1.0,False,0.0,10,50,500,5000,11.87,6.15,976409.8,-6.67,600.0,28.0,69.3,152.1,0.00112,none,0,0,0,500.0,0.01,met,VALID
2025-08-29 18:00:00,GOV-EMERG-001,central,portal-main,484.1,24,0.605,0.0968,normal,none,1.0,False,0.0,10,50,500,5000,8.96,4.0,975609.8,-6.67,600.0,30.3,70.3,159.9,0.00137,none,0,0,0,500.0,0.01,met,VALID
2025-08-29 20:00:00,GOV-EMERG-001,central,portal-main,335.3,20,0.419,0.0671,normal,none,1.0,False,0.0,10,50,500,5000,9.75,9.24,974809.8,-6.67,600.0,27.8,55.7,141.4,0.00097,none,0,0,0,500.0,0.01,met,VALID
2025-08-29 22:00:00,GOV-EMERG-001,central,portal-main,214.4,10,0.268,0.0429,normal,none,1.0,False,0.0,10,50,500,5000,5.53,4.0,974009.8,-6.67,600.0,25.950000000000003,49.6,101.8,0.00041,none,0,0,0,500.0,0.01,met,IMPUTED_MISSING
2025-08-30 00:00:00,GOV-EMERG-001,central,portal-main,92.8,4,0.116,0.0186,normal,none,1.0,False,0.0,10,50,500,5000,3.265,4.0,973209.8,-6.67,600.0,24.1,51.9,124.3,0.00113,none,0,0,0,500.0,0.01,met,IMPUTED_MISSING
2025-08-30 02:00:00,GOV-EMERG-001,central,portal-main,68.7,3,0.086,0.0137,normal,none,1.0,False,0.0,10,50,500,5000,1.0,4.0,972409.8,-6.67,600.0,31.9,71.8,146.8,0.00045,none,0,0,0,500.0,0.01,met,VALID
2025-08-30 04:00:00,GOV-EMERG-001,central,portal-main,52.4,2,0.066,0.0105,normal,none,1.0,False,0.0,10,50,500,5000,1.0,4.0,971609.8,-6.67,600.0,18.5,41.0,100.0,0.00173,none,0,0,0,500.0,0.01,met,VALID
2025-08-30 06:00:00,GOV-EMERG-001,central,api-data,153.5,7,0.192,0.0307,normal,none,1.0,False,0.0,10,50,500,5000,1.0,4.0,970809.8,-6.67,600.0,28.6,66.1,168.6,0.00086,none,0,0,0,500.0,0.01,met,VALID
2025-08-30 08:00:00,GOV-EMERG-001,central,portal-main,450.1,26,0.563,0.09,normal,none,1.0,False,0.0,10,50,500,5000,8.03,7.33,970009.8,-6.67,600.0,32.4,72.9,177.0,0.00098,none,0,0,0,500.0,0.01,met,VALID
2025-08-30 10:00:00,GOV-EMERG-001,central,portal-main,644.0,28,0.805,0.1288,normal,none,1.0,False,0.0,10,50,500,5000,12.09,5.89,969209.8,-6.67,600.0,31.0,75.5,140.1,0.00073,none,0,0,0,500.0,0.01,met,VALID
2025-08-30 12:00:00,GOV-EMERG-001,central,portal-main,611.0,31,0.764,0.1222,normal,none,1.0,False,0.0,10,50,500,5000,10.96,10.01,968409.8,-6.67,600.0,36.4,73.9,179.3,0.00114,none,0,0,0,500.0,0.01,met,VALID
2025-08-30 14:00:00,GOV-EMERG-001,central,portal-main,620.8,35,0.776,0.1242,normal,none,1.0,False,0.0,10,50,500,5000,11.13,5.63,967609.8,-6.67,600.0,32.3,83.9,165.7,0.00118,none,0,0,0,500.0,0.01,met,VALID
2025-08-30 16:00:00,GOV-EMERG-001,central,api-data,564.9,24,0.706,0.113,normal,none,1.0,False,0.0,10,50,500,5000,11.93,8.04,966809.8,-6.67,600.0,29.7,74.5,162.1,0.00073,none,0,0,0,500.0,0.01,met,VALID
2025-08-30 18:00:00,GOV-EMERG-001,central,portal-main,416.9,25,0.521,0.0834,normal,none,1.0,False,0.0,10,50,500,5000,8.08,4.85,966009.8,-6.67,600.0,25.4,55.9,109.1,0.00118,none,0,0,0,500.0,0.01,met,VALID
2025-08-30 20:00:00,GOV-EMERG-001,central,portal-main,309.5,16,0.387,0.0619,normal,none,1.0,False,0.0,10,50,500,5000,7.31,4.0,965209.8,-6.67,600.0,28.3,63.2,142.7,0.00103,none,0,0,0,500.0,0.01,met,VALID
2025-08-30 22:00:00,GOV-EMERG-001,central,status-page,190.8,9,0.239,0.0382,normal,none,1.0,False,0.0,10,50,500,5000,4.59,4.0,964409.8,-6.67,600.0,28.7,74.0,164.3,0.00096,none,0,0,0,500.0,0.01,met,VALID
2025-08-31 00:00:00,GOV-EMERG-001,central,api-data,90.9,3,0.114,0.0182,normal,none,1.0,False,0.0,10,50,500,5000,3.52,4.0,963609.8,-6.67,600.0,25.5,65.3,103.3,0.0007,none,0,0,0,500.0,0.01,met,VALID
2025-08-31 02:00:00,GOV-EMERG-001,central,api-data,59.2,3,0.074,0.0118,normal,none,1.0,False,0.0,10,50,500,5000,3.05,4.0,962809.8,-6.67,600.0,22.3,49.9,121.8,0.00193,none,0,0,0,500.0,0.01,met,VALID
2025-08-31 04:00:00,GOV-EMERG-001,central,api-data,49.2,3,0.062,0.0098,normal,none,1.0,False,0.0,10,50,500,5000,1.0,4.0,962009.8,-6.67,600.0,20.4,41.6,117.7,0.00147,none,0,0,0,500.0,0.01,met,VALID
2025-08-31 06:00:00,GOV-EMERG-001,central,status-page,148.6,10,0.186,0.0297,normal,none,1.0,False,0.0,10,50,500,5000,5.5,4.0,961209.8,-6.67,600.0,26.5,68.7,148.2,0.00129,none,0,0,0,500.0,0.01,met,VALID
2025-08-31 08:00:00,GOV-EMERG-001,central,portal-main,455.3,25,0.569,0.0911,normal,none,1.0,False,0.0,10,50,500,5000,6.92,4.0,960409.8,-6.67,600.0,21.6,51.6,126.6,0.00145,none,0,0,0,500.0,0.01,met,IMPUTED_MISSING
2025-08-31 10:00:00,GOV-EMERG-001,central,portal-main,602.4,36,0.753,0.1205,normal,none,1.0,False,0.0,10,50,500,5000,7.92,4.0,959609.8,-6.67,600.0,26.5,64.1,147.7,0.00112,none,0,0,0,500.0,0.01,met,VALID
2025-08-31 12:00:00,GOV-EMERG-001,central,portal-main,529.0,21,0.661,0.1058,normal,none,1.0,False,0.0,10,50,500,5000,10.15,5.71,958809.8,-6.67,600.0,18.2,39.5,91.8,0.00086,none,0,0,0,500.0,0.01,met,VALID
2025-08-31 14:00:00,GOV-EMERG-001,central,portal-main,586.2,29,0.733,0.1172,normal,none,1.0,False,0.0,10,50,500,5000,9.71,10.34,958009.8,-6.67,600.0,31.7,78.8,156.8,0.0,none,0,0,0,500.0,0.01,met,VALID
2025-08-31 16:00:00,GOV-EMERG-001,central,portal-main,479.1,29,0.599,0.0958,normal,none,1.0,False,0.0,10,50,500,5000,6.75,4.0,957209.8,-6.67,600.0,32.3,75.3,131.1,0.00051,none,0,0,0,500.0,0.01,met,VALID
2025-08-31 18:00:00,GOV-EMERG-001,central,portal-main,400.9,17,0.501,0.0802,normal,none,1.0,False,0.0,10,50,500,5000,8.61,9.52,956409.8,-6.67,600.0,27.5,62.7,111.0,0.00187,none,0,0,0,500.0,0.01,met,VALID
2025-08-31 20:00:00,GOV-EMERG-001,central,api-data,258.9,15,0.324,0.0518,normal,none,1.0,False,0.0,10,50,500,5000,7.92,9.18,955609.8,-6.67,600.0,33.7,82.4,177.9,0.00146,none,0,0,0,500.0,0.01,met,VALID
2025-08-31 22:00:00,GOV-EMERG-001,central,api-data,177.2,10,0.221,0.0354,normal,none,1.0,False,0.0,10,50,500,5000,5.613333333333333,4.0,954809.8,-6.67,600.0,31.3,69.6,142.5,0.00108,none,0,0,0,500.0,0.01,met,IMPUTED_MISSING
2025-09-01 00:00:00,GOV-EMERG-001,central,api-data,112.2,6,0.14,0.0224,normal,none,1.0,False,0.0,10,50,500,5000,3.3066666666666666,4.0,954009.8,-6.67,600.0,27.5,62.1,126.9,0.00037,none,0,0,0,500.0,0.01,met,IMPUTED_MISSING
2025-09-01 02:00:00,GOV-EMERG-001,central,portal-main,80.5,4,0.101,0.0161,normal,none,1.0,False,0.0,10,50,500,5000,1.0,4.0,953209.8,-6.67,600.0,25.0,59.7,140.1,0.00125,none,0,0,0,500.0,0.01,met,VALID
2025-09-01 04:00:00,GOV-EMERG-001,central,portal-main,67.7,8,0.085,0.0135,normal,none,1.0,False,0.0,10,50,500,5000,1.79,4.0,952409.8,-6.67,600.0,23.9,57.1,101.1,0.00089,none,0,0,0,500.0,0.01,met,IMPUTED_MISSING
2025-09-01 06:00:00,GOV-EMERG-001,central,portal-main,178.5,12,0.223,0.0357,normal,none,1.0,False,0.0,10,50,500,5000,2.82,4.0,951609.8,-6.67,600.0,28.2,72.8,128.7,0.00128,none,0,0,0,500.0,0.01,met,VALID
2025-09-01 08:00:00,GOV-EMERG-001,central,portal-main,616.5,34,0.771,0.1233,normal,none,1.0,False,0.0,10,50,500,5000,8.33,4.45,950809.8,-6.67,600.0,28.0,65.3,150.1,0.00056,none,0,0,0,500.0,0.01,met,VALID
2025-09-01 10:00:00,GOV-EMERG-001,central,status-page,783.0,41,0.979,0.1566,normal,none,1.0,False,0.0,10,50,500,5000,12.02,14.64,950009.8,-6.67,600.0,31.8,69.8,129.3,0.0008,none,0,0,0,500.0,0.01,met,VALID
2025-09-01 12:00:00,GOV-EMERG-001,central,api-data,725.1,34,0.906,0.145,normal,none,1.0,False,0.0,10,50,500,5000,11.11,6.61,949209.8,-6.67,600.0,31.7,68.9,159.9,0.00135,none,0,0,0,500.0,0.01,met,VALID
2025-09-01 14:00:00,GOV-EMERG-001,central,status-page,822.9,41,1.029,0.1646,normal,none,1.0,False,0.0,10,50,500,5000,13.98,9.85,948409.8,-6.67,600.0,29.0,67.3,121.0,0.00177,none,0,0,0,500.0,0.01,met,VALID
2025-09-01 16:00:00,GOV-EMERG-001,central,api-data,704.7,36,0.881,0.1409,normal,none,1.0,False,0.0,10,50,500,5000,17.09,9.41,947609.8,-6.67,600.0,33.5,69.4,184.9,0.00074,none,0,0,0,500.0,0.01,met,VALID
2025-09-01 18:00:00,GOV-EMERG-001,central,status-page,527.1,28,0.659,0.1054,normal,none,1.0,False,0.0,10,50,500,5000,12.5,10.87,946809.8,-6.67,600.0,27.0,63.6,142.4,0.0006,none,0,0,0,500.0,0.01,met,VALID
2025-09-01 20:00:00,GOV-EMERG-001,central,portal-main,378.0,21,0.472,0.0756,normal,none,1.0,False,0.0,10,50,500,5000,7.78,10.15,946009.8,-6.67,600.0,27.1,60.6,141.5,0.00141,none,0,0,0,500.0,0.01,met,VALID
2025-09-01 22:00:00,GOV-EMERG-001,central,portal-main,229.8,10,0.287,0.046,normal,none,1.0,False,0.0,10,50,500,5000,4.6,4.0,945209.8,-6.67,600.0,22.3,49.3,99.0,0.0005,none,0,0,0,500.0,0.01,met,VALID
2025-09-02 00:00:00,GOV-EMERG-001,central,portal-main,130.6,5,0.163,0.0261,seasonal,low,1.0,False,2880.0,10,50,500,5000,7.61,5.95,944409.8,-6.67,600.0,24.6,52.0,134.0,0.00052,none,0,0,0,500.0,0.01,met,VALID
2025-09-02 02:00:00,GOV-EMERG-001,central,portal-main,86.4,4,0.108,0.0173,seasonal,low,1.0522,False,2880.0,10,50,500,5000,1.0,4.0,943609.8,-6.67,600.0,34.1,78.3,156.8,0.00111,none,0,0,0,500.0,0.01,met,VALID
2025-09-02 04:00:00,GOV-EMERG-001,central,portal-main,77.6,3,0.097,0.0155,seasonal,low,1.1035,False,2880.0,10,50,500,5000,1.36,4.0,942809.8,-6.67,600.0,21.8,44.1,112.0,0.00183,none,0,0,0,500.0,0.01,met,VALID
2025-09-02 06:00:00,GOV-EMERG-001,central,portal-main,241.0,11,0.301,0.0482,seasonal,low,1.1531,False,2880.0,10,50,500,5000,1.0,4.0,942009.8,-6.67,600.0,28.0,66.2,117.2,0.00066,none,0,0,0,500.0,0.01,met,VALID
2025-09-02 08:00:00,GOV-EMERG-001,central,status-page,611.3,36,0.764,0.1223,seasonal,low,1.2,False,2880.0,10,50,500,5000,6.22,5.31,941209.8,-6.67,600.0,26.7,57.9,111.8,0.00085,none,0,0,0,500.0,0.01,met,IMPUTED_MISSING
2025-09-02 10:00:00,GOV-EMERG-001,central,portal-main,1124.7,61,1.406,0.2249,seasonal,low,1.2435,False,2880.0,10,50,500,5000,9.584999999999999,10.82,940409.8,-6.67,600.0,23.4,59.5,102.7,0.00104,none,0,0,0,500.0,0.01,met,IMPUTED_MISSING
2025-09-02 12:00:00,GOV-EMERG-001,central,status-page,897.1,60,1.121,0.1794,seasonal,low,1.2828,False,2880.0,10,50,500,5000,12.95,10.8,939609.8,-6.67,600.0,32.7,75.7,144.9,0.00081,none,0,0,0,500.0,0.01,met,VALID
2025-09-02 14:00:00,GOV-EMERG-001,central,api-data,1132.7,38,1.416,0.2265,seasonal,low,1.3173,False,2880.0,10,50,500,5000,21.16,10.28,938809.8,-6.67,600.0,30.1,74.3,128.0,0.00029,none,0,0,0,500.0,0.01,met,VALID
2025-09-02 16:00:00,GOV-EMERG-001,central,portal-main,916.8,63,1.146,0.1834,seasonal,low,1.3464,False,2880.0,10,50,500,5000,16.63,8.71,938009.8,-6.67,600.0,31.9,80.1,135.1,0.00132,none,0,0,0,500.0,0.01,met,VALID
2025-09-02 18:00:00,GOV-EMERG-001,central,api-data,750.0,36,0.938,0.15,seasonal,low,1.3696,False,2880.0,10,50,500,5000,11.14,10.59,937209.8,-6.67,600.0,33.4,84.3,192.2,0.00107,none,0,0,0,500.0,0.01,met,VALID
2025-09-02 20:00:00,GOV-EMERG-001,central,portal-main,478.4800890089128,25,0.598,0.0957,seasonal,low,1.3864,False,2880.0,10,50,500,5000,0.0,5.55,936409.8,-6.67,600.0,28.6,72.2,146.2,0.00115,none,0,0,0,500.0,0.01,met,REPAIRED_UTILISATION
2025-09-02 22:00:00,GOV-EMERG-001,central,portal-main,322.6,12,0.403,0.0645,seasonal,low,1.3966,False,2880.0,10,50,500,5000,5.79,4.63,935609.8,-6.67,600.0,28.0,59.9,147.0,0.00094,none,0,0,0,500.0,0.01,met,VALID
2025-09-03 00:00:00,GOV-EMERG-001,central,portal-main,165.9,10,0.207,0.0332,seasonal,low,1.4,False,2880.0,10,50,500,5000,1.12,4.0,934809.8,-6.67,600.0,22.4,48.8,102.4,0.00161,none,0,0,0,500.0,0.01,met,VALID
2025-09-03 02:00:00,GOV-EMERG-001,central,status-page,120.5,6,0.151,0.0241,seasonal,low,1.3966,False,2880.0,10,50,500,5000,1.0,4.0,934009.8,-6.67,600.0,28.4,69.0,116.9,0.0008,none,0,0,0,500.0,0.01,met,VALID
2025-09-03 04:00:00,GOV-EMERG-001,central,portal-main,90.7,4,0.113,0.0181,seasonal,low,1.3864,False,2880.0,10,50,500,5000,2.0,4.0,933209.8,-6.67,600.0,24.7,57.4,146.6,0.00057,none,0,0,0,500.0,0.01,met,VALID
2025-09-03 06:00:00,GOV-EMERG-001,central,portal-main,286.7,19,0.358,0.0573,seasonal,low,1.3696,False,2880.0,10,50,500,5000,3.93,4.0,932409.8,-6.67,600.0,18.5,43.8,76.1,0.00167,none,0,0,0,500.0,0.01,met,IMPUTED_MISSING
2025-09-03 08:00:00,GOV-EMERG-001,central,api-data,672.4,34,0.84,0.1345,seasonal,low,1.3464,False,2880.0,10,50,500,5000,9.15,6.48,931609.8,-6.67,600.0,32.2,77.5,181.7,0.00012,none,0,0,0,500.0,0.01,met,VALID
2025-09-03 10:00:00,GOV-EMERG-001,central,api-data,1049.4,60,1.312,0.2099,seasonal,low,1.3173,False,2880.0,10,50,500,5000,18.19,7.24,930809.8,-6.67,600.0,36.2,77.35,192.8,0.00094,none,0,0,0,500.0,0.01,met,IMPUTED_MISSING
2025-09-03 12:00:00,GOV-EMERG-001,central,portal-main,1027.65,45,1.285,0.2055,seasonal,low,1.2828,False,2880.0,10,50,500,5000,15.04,8.0,930009.8,-6.67,600.0,36.7,77.2,176.9,0.00097,none,0,0,0,500.0,0.01,met,IMPUTED_MISSING
2025-09-03 14:00:00,GOV-EMERG-001,central,portal-main,1005.9,60,1.257,0.2012,seasonal,low,1.2435,False,2880.0,10,50,500,5000,11.81,6.28,929209.8,-6.67,600.0,40.0,95.3,219.6,0.00095,none,0,0,0,500.0,0.01,met,VALID
2025-09-03 16:00:00,GOV-EMERG-001,central,portal-main,855.2,51,1.069,0.171,seasonal,low,1.2,False,2880.0,10,50,500,5000,11.33,7.52,928409.8,-6.67,600.0,33.3,79.0,183.9,0.00038,none,0,0,0,500.0,0.01,met,VALID
2025-09-03 18:00:00,GOV-EMERG-001,central,api-data,588.6,26,0.736,0.1177,seasonal,low,1.1531,False,2880.0,10,50,500,5000,6.49,4.0,927609.8,-6.67,600.0,30.4,75.7,174.9,0.00053,none,0,0,0,500.0,0.01,met,IMPUTED_MISSING
2025-09-03 20:00:00,GOV-EMERG-001,central,portal-main,398.2,25,0.498,0.0796,seasonal,low,1.1035,False,2880.0,10,50,500,5000,6.31,4.65,926809.8,-6.67,600.0,31.5,76.2,160.5,0.00138,none,0,0,0,500.0,0.01,met,VALID
2025-09-03 22:00:00,GOV-EMERG-001,central,portal-main,249.6,13,0.312,0.0499,seasonal,low,1.0522,False,2880.0,10,50,500,5000,2.49,4.0,926009.8,-6.67,600.0,22.8,48.4,100.8,0.00155,none,0,0,0,500.0,0.01,met,VALID
2025-09-04 00:00:00,GOV-EMERG-001,central,portal-main,106.3,5,0.133,0.0213,normal,none,1.0,False,0.0,10,50,500,5000,5.12,4.0,925209.8,-6.67,600.0,18.9,38.5,97.0,0.00083,none,0,0,0,500.0,0.01,met,VALID
2025-09-04 02:00:00,GOV-EMERG-001,central,portal-main,82.4,4,0.103,0.0165,normal,none,1.0,False,0.0,10,50,500,5000,1.94,4.0,924409.8,-6.67,600.0,23.5,52.5,98.7,0.00063,none,0,0,0,500.0,0.01,met,IMPUTED_MISSING
2025-09-04 04:00:00,GOV-EMERG-001,central,portal-main,62.9,3,0.079,0.0126,normal,none,1.0,False,0.0,10,50,500,5000,1.0,5.22,923609.8,-6.67,600.0,30.4,67.6,144.6,0.00029,none,0,0,0,500.0,0.01,met,VALID
2025-09-04 06:00:00,GOV-EMERG-001,central,portal-main,190.9,5,0.239,0.0382,normal,none,1.0,False,0.0,10,50,500,5000,4.9,4.45,922809.8,-6.67,600.0,23.3,57.4,121.9,0.0008449999999999999,none,0,0,0,500.0,0.01,met,IMPUTED_MISSING
2025-09-04 08:00:00,GOV-EMERG-001,central,portal-main,569.4,28,0.712,0.1139,normal,none,1.0,False,0.0,10,50,500,5000,4.24,4.07,922009.8,-6.67,600.0,30.1,72.3,135.5,0.0014,none,0,0,0,500.0,0.01,met,VALID
2025-09-04 10:00:00,GOV-EMERG-001,central,portal-main,849.1,33,1.061,0.1698,normal,none,1.0,False,0.0,10,50,500,5000,14.34,8.17,921209.8,-6.67,600.0,32.4,81.8,185.7,0.0,none,0,0,0,500.0,0.01,met,VALID
2025-09-04 12:00:00,GOV-EMERG-001,central,portal-main,757.4,48,0.947,0.1515,normal,none,1.0,False,0.0,10,50,500,5000,13.27,10.18,920409.8,-6.67,600.0,30.4,70.1,181.2,3e-05,none,0,0,0,500.0,0.01,met,VALID
2025-09-04 14:00:00,GOV-EMERG-001,central,portal-main,794.6,50,0.993,0.1589,normal,none,1.0,False,0.0,10,50,500,5000,13.83,14.8,919609.8,-6.67,600.0,24.6,53.5,102.2,0.00105,none,0,0,0,500.0,0.01,met,VALID
2025-09-04 16:00:00,GOV-EMERG-001,central,api-data,709.8,41,0.887,0.142,normal,none,1.0,False,0.0,10,50,500,5000,13.71,7.35,918809.8,-6.67,600.0,30.5,70.2,134.6,0.00111,none,0,0,0,500.0,0.01,met,VALID
2025-09-04 18:00:00,GOV-EMERG-001,central,status-page,542.6,26,0.678,0.1085,normal,none,1.0,False,0.0,10,50,500,5000,4.92,4.0,918009.8,-6.67,600.0,26.4,56.1,130.4,0.00081,none,0,0,0,500.0,0.01,met,VALID
2025-09-04 20:00:00,GOV-EMERG-001,central,portal-main,358.4,15,0.448,0.0717,normal,none,1.0,False,0.0,10,50,500,5000,9.53,5.98,917209.8,-6.67,600.0,33.7,68.7,137.5,0.00099,none,0,0,0,500.0,0.01,met,VALID
2025-09-04 22:00:00,GOV-EMERG-001,central,status-page,216.2,10,0.27,0.0432,normal,none,1.0,False,0.0,10,50,500,5000,4.56,4.0,916409.8,-6.67,600.0,30.7,70.5,128.4,0.0009,none,0,0,0,500.0,0.01,met,VALID
2025-09-05 00:00:00,GOV-EMERG-001,central,portal-main,110.4,7,0.138,0.0221,normal,none,1.0,False,0.0,10,50,500,5000,2.71,6.33,915609.8,-6.67,600.0,24.0,54.0,139.3,0.00101,none,0,0,0,500.0,0.01,met,VALID
2025-09-05 02:00:00,GOV-EMERG-001,central,portal-main,79.2,4,0.099,0.0158,normal,none,1.0,False,0.0,10,50,500,5000,1.38,5.38,914809.8,-6.67,600.0,32.5,65.6,132.8,0.00064,none,0,0,0,500.0,0.01,met,VALID
2025-09-05 04:00:00,GOV-EMERG-001,central,api-data,60.7,2,0.076,0.0121,normal,none,1.0,False,0.0,10,50,500,5000,1.0,4.76,914009.8,-6.67,600.0,26.7,64.9,119.9,0.001,none,0,0,0,500.0,0.01,met,VALID
2025-09-05 06:00:00,GOV-EMERG-001,central,api-data,180.1,11,0.225,0.036,normal,none,1.0,False,0.0,10,50,500,5000,6.68,4.0,913209.8,-6.67,600.0,19.2,60.45,93.3,0.00073,none,0,0,0,500.0,0.01,met,IMPUTED_MISSING
2025-09-05 08:00:00,GOV-EMERG-001,central,api-data,487.2,30,0.609,0.0974,normal,none,1.0,False,0.0,10,50,500,5000,5.39,4.85,912409.8,-6.67,600.0,27.4,56.0,110.7,0.0007,none,0,0,0,500.0,0.01,met,VALID
2025-09-05 10:00:00,GOV-EMERG-001,central,portal-main,791.6,51,0.99,0.1583,normal,none,1.0,False,0.0,10,50,500,5000,11.29,8.86,911609.8,-6.67,600.0,36.2,87.9,203.7,0.00025,none,0,0,0,500.0,0.01,met,VALID
2025-09-05 12:00:00,GOV-EMERG-001,central,api-data,665.3,39,0.832,0.1331,normal,none,1.0,False,0.0,10,50,500,5000,10.49,9.32,910809.8,-6.67,600.0,25.6,52.4,144.7,0.00093,none,0,0,0,500.0,0.01,met,VALID
2025-09-05 14:00:00,GOV-EMERG-001,central,portal-main,772.6,46,0.966,0.1545,normal,none,1.0,False,0.0,10,50,500,5000,13.96,10.84,910009.8,-6.67,600.0,29.3,67.7,140.3,0.00132,none,0,0,0,500.0,0.01,met,VALID
2025-09-05 16:00:00,GOV-EMERG-001,central,portal-main,686.0,35,0.858,0.1372,normal,none,1.0,False,0.0,10,50,500,5000,11.49,7.52,909209.8,-6.67,600.0,23.5,55.9,103.6,0.00087,none,0,0,0,500.0,0.01,met,VALID
2025-09-05 18:00:00,GOV-EMERG-001,central,portal-main,461.7,15,0.577,0.0923,normal,none,1.0,False,0.0,10,50,500,5000,10.88,8.06,908409.8,-6.67,600.0,22.7,52.3,131.5,0.00086,none,0,0,0,500.0,0.01,met,VALID
2025-09-05 20:00:00,GOV-EMERG-001,central,status-page,341.2,17,0.426,0.0682,normal,none,1.0,False,0.0,10,50,500,5000,4.6,6.5,907609.8,-6.67,600.0,23.5,57.5,125.9,0.0015,none,0,0,0,500.0,0.01,met,VALID
2025-09-05 22:00:00,GOV-EMERG-001,central,portal-main,211.0,12,0.264,0.0422,normal,none,1.0,False,0.0,10,50,500,5000,5.68,5.76,906809.8,-6.67,600.0,21.2,47.3,107.0,0.00141,none,0,0,0,500.0,0.01,met,IMPUTED_MISSING
2025-09-06 00:00:00,GOV-EMERG-001,southwest,api-data,97.8,5,0.122,0.0196,disaster,critical,1.0,True,960.0,10,50,500,5000,3.09,4.0,906009.8,-6.67,600.0,23.0,49.0,110.2,0.00169,none,0,0,0,500.0,0.01,met,VALID
2025-09-06 00:30:00,GOV-EMERG-001,southwest,portal-main,1669.9,81,2.087,0.334,disaster,critical,1.0,True,960.0,10,50,500,5000,23.41,13.54,905809.8,-6.67,600.0,44.5,102.0,225.9,0.0019,none,0,0,0,500.0,0.01,met,VALID
2025-09-06 01:00:00,GOV-EMERG-001,southwest,api-data,917.8,39,1.147,0.1836,disaster,critical,1.0,True,960.0,10,50,500,5000,17.04,8.18,905609.8,-6.67,600.0,30.5,67.2,137.1,0.00102,none,0,0,0,500.0,0.01,met,VALID
2025-09-06 01:30:00,GOV-EMERG-001,southwest,api-data,772.8,32,0.966,0.1546,disaster,critical,1.0,True,960.0,10,50,500,5000,13.27,4.84,905409.8,-6.67,600.0,32.7,68.4,160.3,0.00054,none,0,0,0,500.0,0.01,met,VALID
2025-09-06 02:00:00,GOV-EMERG-001,southwest,api-data,659.5,43,0.824,0.1319,disaster,critical,1.0,True,960.0,10,50,500,5000,13.594999999999999,6.24,905209.8,-6.67,600.0,33.2,75.7,178.2,0.00079,none,0,0,0,500.0,0.01,met,IMPUTED_MISSING
2025-09-06 02:30:00,GOV-EMERG-001,southwest,portal-main,763.8,50,0.955,0.1528,disaster,critical,1.0,True,960.0,10,50,500,5000,13.92,10.3,905009.8,-6.67,600.0,25.1,53.2,120.9,0.00123,none,0,0,0,500.0,0.01,met,VALID
2025-09-06 03:00:00,GOV-EMERG-001,southwest,portal-main,671.3,34,0.839,0.1343,disaster,critical,1.0,True,960.0,10,50,500,5000,7.57,8.25,904809.8,-6.67,600.0,25.6,58.3,137.2,0.00158,none,0,0,0,500.0,0.01,met,IMPUTED_MISSING
2025-09-06 03:30:00,GOV-EMERG-001,southwest,portal-main,646.0,34,0.808,0.1292,disaster,critical,1.0,True,960.0,10,50,500,5000,11.25,6.2,904609.8,-6.67,600.0,31.8,74.8,174.0,0.00058,none,0,0,0,500.0,0.01,met,IMPUTED_MISSING
2025-09-06 04:00:00,GOV-EMERG-001,southwest,portal-main,758.2,32,0.948,0.1516,disaster,critical,1.0,True,960.0,10,50,500,5000,11.52,4.15,904409.8,-6.67,600.0,26.9,66.5,148.3,0.0011,none,0,0,0,500.0,0.01,met,VALID
2025-09-06 04:30:00,GOV-EMERG-001,southwest,portal-main,987.7,55,1.235,0.1975,disaster,critical,1.0,True,960.0,10,50,500,5000,16.55,9.94,904209.8,-6.67,600.0,34.0,85.3,174.5,0.00068,none,0,0,0,500.0,0.01,met,VALID
2025-09-06 05:00:00,GOV-EMERG-001,southwest,portal-main,1169.7,76,1.462,0.2339,disaster,critical,1.0,True,960.0,10,50,500,5000,19.85,11.04,904009.8,-6.67,600.0,39.3,94.5,171.9,0.00081,none,0,0,0,500.0,0.01,met,IMPUTED_MISSING
2025-09-06 05:30:00,GOV-EMERG-001,southwest,portal-main,1486.5,55,1.858,0.2973,disaster,critical,1.0,True,960.0,10,50,500,5000,27.96,20.36,903809.8,-6.67,600.0,29.8,75.5,160.7,0.00094,none,0,0,0,500.0,0.01,met,VALID
2025-09-06 06:00:00,GOV-EMERG-001,southwest,portal-main,1884.7,102,2.356,0.3769,disaster,critical,1.0,True,960.0,10,50,500,5000,33.66,18.56,903609.8,-6.67,600.0,38.7,90.3,218.2,0.00115,none,0,0,0,500.0,0.01,met,VALID
2025-09-06 06:30:00,GOV-EMERG-001,southwest,portal-main,3716.7,203,4.646,0.7433,disaster,critical,1.0,True,960.0,10,50,500,5000,61.96,38.64,903409.8,-6.67,600.0,96.6,234.4,404.6,0.00181,none,0,0,0,500.0,0.01,met,VALID
2025-09-06 07:00:00,GOV-EMERG-001,southwest,status-page,4078.7,222,5.098,0.8157,disaster,critical,1.0,True,960.0,10,50,500,5000,74.29,43.98,903209.8,-6.67,600.0,133.5,328.8,773.5,0.00119,none,0,0,0,500.0,0.01,met,VALID
2025-09-06 07:30:00,GOV-EMERG-001,southwest,portal-main,5529.4,352,6.912,1.1059,disaster,critical,1.0,True,960.0,10,50,500,5000,96.24,59.15,918891.4,522.72,600.0,1622.3,4047.5,9543.4,0.0099,scale_out,5,0,3600,500.0,0.01,breached,VALID
2025-09-06 08:00:00,GOV-EMERG-001,southwest,status-page,7047.1,472,8.809,1.4094,disaster,critical,1.0,True,960.0,10,50,500,5000,99.8,59.99,980103.1,2040.39,600.0,2493.1,6110.8,13304.3,0.08917,none,0,0,0,500.0,0.01,breached,VALID
2025-09-06 08:30:00,GOV-EMERG-001,southwest,status-page,6775.0,326,8.469,0.9033,disaster,critical,1.0,True,960.0,15,50,500,7500,84.47,51.65,979803.1,-10.0,600.0,258.5,656.9,1091.3,0.00114,scale_out,4,0,3600,500.0,0.01,met,VALID
2025-09-06 09:00:00,GOV-EMERG-001,southwest,portal-main,6659.2,340,8.324,0.8879,disaster,critical,1.0,True,960.0,15,50,500,7500,78.44,49.02,979503.1,-10.0,600.0,223.7,510.8,1187.1,0.00037,none,0,0,0,500.0,0.01,met,IMPUTED_MISSING
2025-09-06 09:30:00,GOV-EMERG-001,southwest,api-data,6978.4,354,8.723,0.7346,disaster,critical,1.0,True,960.0,19,50,500,9500,64.24,38.29,979123.1,-12.67,600.0,98.0,252.1,461.8,0.00106,none,0,0,0,500.0,0.01,met,VALID
2025-09-06 10:00:00,GOV-EMERG-001,southwest,portal-main,6593.5,295,8.242,0.6941,disaster,critical,1.0,True,960.0,19,50,500,9500,59.24,43.97,978743.1,-12.67,600.0,81.6,182.9,376.1,0.00099,none,0,0,0,500.0,0.01,met,IMPUTED_MISSING
2025-09-06 10:30:00,GOV-EMERG-001,southwest,api-data,7995.3,418,9.994,0.8416,disaster,critical,1.0,True,960.0,19,50,500,9500,78.53,49.27,978363.1,-12.67,600.0,162.3,331.4,661.1,0.00092,scale_out,3,0,5400,500.0,0.01,met,VALID
2025-09-06 11:00:00,GOV-EMERG-001,southwest,portal-main,7581.3,421,9.477,0.798,disaster,critical,1.0,True,960.0,19,50,500,9500,70.81,45.92,977983.1,-12.67,600.0,121.4,256.1,661.6,0.00095,none,0,0,0,500.0,0.01,met,VALID
2025-09-06 11:30:00,GOV-EMERG-001,southwest,portal-main,5465.2,283,6.832,0.5753,disaster,critical,1.0,True,960.0,19,50,500,9500,42.79,21.59,977603.1,-12.67,600.0,54.1,126.2,277.5,0.00054,none,0,0,0,500.0,0.01,met,VALID
2025-09-06 12:00:00,GOV-EMERG-001,southwest,portal-main,4786.7,204,5.983,0.4352,disaster,critical,1.0,True,960.0,22,50,500,11000,39.11,26.11,977163.1,-14.67,600.0,43.0,86.5,211.0,0.00085,none,0,0,0,500.0,0.01,met,IMPUTED_MISSING
2025-09-06 12:30:00,GOV-EMERG-001,southwest,portal-main,4390.6,203,5.488,0.3991,disaster,critical,1.0,True,960.0,22,50,500,11000,35.43,17.27,976723.1,-14.67,600.0,43.5,91.0,207.6,0.00145,none,0,0,0,500.0,0.01,met,VALID
2025-09-06 13:00:00,GOV-EMERG-001,southwest,status-page,4093.0,189,5.116,0.3721,disaster,critical,1.0,True,960.0,22,50,500,11000,32.28,17.3,976283.1,-14.67,600.0,43.3,96.2,208.7,0.00148,none,0,0,0,500.0,0.01,met,VALID
2025-09-06 13:30:00,GOV-EMERG-001,southwest,api-data,3345.7,144,4.182,0.3042,disaster,critical,1.0,True,960.0,22,50,500,11000,28.49,20.04,975843.1,-14.67,600.0,41.8,99.2,204.9,0.00079,scale_in,0,12,1800,500.0,0.01,met,VALID
2025-09-06 14:00:00,GOV-EMERG-001,southwest,api-data,2687.8,141,3.36,0.5376,disaster,critical,1.0,True,960.0,10,50,500,5000,45.84,26.43,975643.1,-6.67,600.0,55.2,115.9,273.6,0.00121,none,0,0,0,500.0,0.01,met,VALID
2025-09-06 14:30:00,GOV-EMERG-001,southwest,status-page,1968.6,105,2.461,0.3937,disaster,critical,1.0,True,960.0,10,50,500,5000,33.41,23.65,975443.1,-6.67,600.0,44.2,103.8,185.6,0.0004,none,0,0,0,500.0,0.01,met,VALID
2025-09-06 15:00:00,GOV-EMERG-001,southwest,api-data,1294.2,75,1.618,0.2588,disaster,critical,1.0,True,960.0,10,50,500,5000,26.69,8.44,975243.1,-6.67,600.0,39.2,94.0,186.6,0.00088,none,0,0,0,500.0,0.01,met,VALID
2025-09-06 15:30:00,GOV-EMERG-001,southwest,portal-main,630.6,27,0.788,0.1261,disaster,critical,1.0,True,960.0,10,50,500,5000,9.3,5.34,975043.1,-6.67,600.0,25.5,62.7,105.2,0.00109,none,0,0,0,500.0,0.01,met,VALID
2025-09-06 16:00:00,GOV-EMERG-001,central,api-data,548.0,25,0.685,0.1096,normal,none,1.0,False,0.0,10,50,500,5000,6.67,4.0,974843.1,-6.67,600.0,27.2,65.3,151.2,0.00161,none,0,0,0,500.0,0.01,met,VALID
2025-09-06 18:00:00,GOV-EMERG-001,central,portal-main,412.0,26,0.515,0.0824,normal,none,1.0,False,0.0,10,50,500,5000,7.88,5.97,974043.1,-6.67,600.0,38.3,82.4,193.3,0.00148,none,0,0,0,500.0,0.01,met,VALID
2025-09-06 20:00:00,GOV-EMERG-001,central,portal-main,281.9,14,0.352,0.0564,normal,none,1.0,False,0.0,10,50,500,5000,5.84,4.984999999999999,973243.1,-6.67,600.0,29.9,77.7,167.5,0.00108,none,0,0,0,500.0,0.01,met,IMPUTED_MISSING
2025-09-06 22:00:00,GOV-EMERG-001,central,portal-main,176.1,9,0.22,0.0352,normal,none,1.0,False,0.0,10,50,500,5000,2.02,4.0,972443.1,-6.67,600.0,29.5,70.8,135.8,0.00064,none,0,0,0,500.0,0.01,met,IMPUTED_MISSING
2025-09-07 00:00:00,GOV-EMERG-001,central,status-page,101.3,5,0.127,0.0203,normal,none,1.0,False,0.0,10,50,500,5000,3.89,4.0,971643.1,-6.67,600.0,29.1,64.7,125.3,0.00154,none,0,0,0,500.0,0.01,met,VALID
2025-09-07 02:00:00,GOV-EMERG-001,central,portal-main,57.7,3,0.072,0.0115,normal,none,1.0,False,0.0,10,50,500,5000,1.0,4.0,970843.1,-6.67,600.0,19.9,40.2,91.7,0.00086,none,0,0,0,500.0,0.01,met,VALID
2025-09-07 04:00:00,GOV-EMERG-001,central,portal-main,46.7,3,0.058,0.0093,normal,none,1.0,False,0.0,10,50,500,5000,1.0,4.0,970043.1,-6.67,600.0,22.6,52.5,101.2,0.00118,none,0,0,0,500.0,0.01,met,VALID
2025-09-07 06:00:00,GOV-EMERG-001,central,portal-main,172.5,10,0.216,0.0345,normal,none,1.0,False,0.0,10,50,500,5000,2.5,6.74,969243.1,-6.67,600.0,21.8,55.0,106.6,0.00095,none,0,0,0,500.0,0.01,met,VALID
2025-09-07 08:00:00,GOV-EMERG-001,central,portal-main,428.8,22,0.536,0.0858,normal,none,1.0,False,0.0,10,50,500,5000,9.53,10.78,968443.1,-6.67,600.0,29.0,72.4,161.9,0.0018,none,0,0,0,500.0,0.01,met,VALID
2025-09-07 10:00:00,GOV-EMERG-001,central,portal-main,558.6,24,0.698,0.1117,normal,none,1.0,False,0.0,10,50,500,5000,9.76,5.01,967643.1,-6.67,600.0,26.7,67.7,112.9,0.00076,none,0,0,0,500.0,0.01,met,VALID
2025-09-07 12:00:00,GOV-EMERG-001,central,api-data,562.8,37,0.703,0.1126,normal,none,1.0,False,0.0,10,50,500,5000,7.47,5.5,966843.1,-6.67,600.0,28.6,73.7,137.1,0.00137,none,0,0,0,500.0,0.01,met,VALID
2025-09-07 14:00:00,GOV-EMERG-001,central,api-data,572.7,33,0.716,0.1145,normal,none,1.0,False,0.0,10,50,500,5000,8.91,4.83,966043.1,-6.67,600.0,27.0,65.5,112.9,0.00097,none,0,0,0,500.0,0.01,met,IMPUTED_MISSING
2025-09-07 16:00:00,GOV-EMERG-001,central,portal-main,533.2,25,0.667,0.1066,normal,none,1.0,False,0.0,10,50,500,5000,10.35,7.6,965243.1,-6.67,600.0,21.5,45.0,102.7,0.00123,none,0,0,0,500.0,0.01,met,VALID
2025-09-07 18:00:00,GOV-EMERG-001,central,portal-main,385.9,24,0.482,0.0772,normal,none,1.0,False,0.0,10,50,500,5000,3.23,4.0,964443.1,-6.67,600.0,30.6,61.9,158.2,0.00165,none,0,0,0,500.0,0.01,met,VALID
2025-09-07 20:00:00,GOV-EMERG-001,central,portal-main,264.1,12,0.33,0.0528,normal,none,1.0,False,0.0,10,50,500,5000,5.61,4.0,963643.1,-6.67,600.0,19.3,40.4,80.0,0.0002,none,0,0,0,500.0,0.01,met,VALID
2025-09-07 22:00:00,GOV-EMERG-001,central,portal-main,181.5,11,0.227,0.0363,normal,none,1.0,False,0.0,10,50,500,5000,2.39,4.0,962843.1,-6.67,600.0,23.0,48.8,95.2,0.00097,none,0,0,0,500.0,0.01,met,IMPUTED_MISSING
2025-09-08 00:00:00,GOV-EMERG-001,central,portal-main,123.4,8,0.154,0.0247,normal,none,1.0,False,0.0,10,50,500,5000,1.62,4.0,962043.1,-6.67,600.0,20.4,41.5,111.2,0.00064,none,0,0,0,500.0,0.01,met,VALID
2025-09-08 02:00:00,GOV-EMERG-001,central,api-data,83.9,4,0.105,0.0168,normal,none,1.0,False,0.0,10,50,500,5000,1.39,4.0,961243.1,-6.67,600.0,21.9,49.8,105.5,0.00118,none,0,0,0,500.0,0.01,met,VALID
2025-09-08 04:00:00,GOV-EMERG-001,central,portal-main,65.4,4,0.082,0.0131,normal,none,1.0,False,0.0,10,50,500,5000,2.04,4.0,960443.1,-6.67,600.0,26.1,64.6,122.9,0.00128,none,0,0,0,500.0,0.01,met,VALID
2025-09-08 06:00:00,GOV-EMERG-001,central,portal-main,195.6,11,0.244,0.0391,normal,none,1.0,False,0.0,10,50,500,5000,8.32,4.0,959643.1,-6.67,600.0,31.0,62.0,166.3,0.00081,none,0,0,0,500.0,0.01,met,VALID
2025-09-08 08:00:00,GOV-EMERG-001,central,portal-main,577.1,41,0.721,0.1154,normal,none,1.0,False,0.0,10,50,500,5000,5.37,6.17,958843.1,-6.67,600.0,22.0,54.7,91.8,0.00079,none,0,0,0,500.0,0.01,met,VALID
2025-09-08 10:00:00,GOV-EMERG-001,central,portal-main,848.4,37,1.06,0.1697,normal,none,1.0,False,0.0,10,50,500,5000,12.47,6.98,958043.1,-6.67,600.0,27.9,71.2,159.5,0.0006399999999999999,none,0,0,0,500.0,0.01,met,IMPUTED_MISSING
2025-09-08 12:00:00,GOV-EMERG-001,central,portal-main,724.9,45,0.906,0.145,normal,none,1.0,False,0.0,10,50,500,5000,14.66,7.81,957243.1,-6.67,600.0,22.2,46.5,123.5,0.00049,none,0,0,0,500.0,0.01,met,VALID
2025-09-08 14:00:00,GOV-EMERG-001,central,status-page,872.1,44,1.09,0.1744,normal,none,1.0,False,0.0,10,50,500,5000,14.53,8.62,956443.1,-6.67,600.0,27.9,56.1,133.1,0.00113,none,0,0,0,500.0,0.01,met,VALID
2025-09-08 16:00:00,GOV-EMERG-001,central,api-data,698.8,28,0.874,0.1398,normal,none,1.0,False,0.0,10,50,500,5000,12.36,4.32,955643.1,-6.67,600.0,29.4,67.3,145.3,0.00067,none,0,0,0,500.0,0.01,met,IMPUTED_MISSING
2025-09-08 18:00:00,GOV-EMERG-001,central,status-page,525.5,26,0.657,0.1051,normal,none,1.0,False,0.0,10,50,500,5000,7.77,4.0,954843.1,-6.67,600.0,31.0,78.2,148.7,0.00129,none,0,0,0,500.0,0.01,met,VALID
2025-09-08 20:00:00,GOV-EMERG-001,central,status-page,364.5,18,0.456,0.0729,normal,none,1.0,False,0.0,10,50,500,5000,7.0,4.0,954043.1,-6.67,600.0,18.5,45.2,103.0,0.00047,none,0,0,0,500.0,0.01,met,VALID
2025-09-08 22:00:00,GOV-EMERG-001,central,portal-main,225.5,9,0.282,0.0451,normal,none,1.0,False,0.0,10,50,500,5000,3.11,4.0,953243.1,-6.67,600.0,28.4,57.4,115.2,0.00077,none,0,0,0,500.0,0.01,met,VALID
2025-09-09 00:00:00,GOV-EMERG-001,central,status-page,112.5,7,0.141,0.0225,normal,none,1.0,False,0.0,10,50,500,5000,3.86,4.0,952443.1,-6.67,600.0,21.7,52.1,115.9,0.0007,none,0,0,0,500.0,0.01,met,IMPUTED_MISSING
2025-09-09 02:00:00,GOV-EMERG-001,central,portal-main,79.6,5,0.099,0.0159,normal,none,1.0,False,0.0,10,50,500,5000,2.19,4.0,951643.1,-6.67,600.0,20.5,51.2,94.6,0.00088,none,0,0,0,500.0,0.01,met,VALID
2025-09-09 04:00:00,GOV-EMERG-001,central,portal-main,64.7,3,0.081,0.0129,normal,none,1.0,False,0.0,10,50,500,5000,3.68,4.0,950843.1,-6.67,600.0,25.6,55.4,142.3,0.00155,none,0,0,0,500.0,0.01,met,VALID
2025-09-09 06:00:00,GOV-EMERG-001,central,portal-main,195.8,9,0.245,0.0392,normal,none,1.0,False,0.0,10,50,500,5000,1.0,6.69,950043.1,-6.67,600.0,28.5,68.2,170.3,0.00134,none,0,0,0,500.0,0.01,met,VALID
2025-09-09 08:00:00,GOV-EMERG-001,central,portal-main,569.5,28,0.712,0.1139,normal,none,1.0,False,0.0,10,50,500,5000,13.83,5.69,949243.1,-6.67,600.0,27.8,63.9,126.8,0.00081,none,0,0,0,500.0,0.01,met,VALID
2025-09-09 10:00:00,GOV-EMERG-001,central,portal-main,800.9,40,1.001,0.1602,normal,none,1.0,False,0.0,10,50,500,5000,15.23,9.96,948443.1,-6.67,600.0,25.4,53.9,124.2,0.00081,none,0,0,0,500.0,0.01,met,VALID
2025-09-09 12:00:00,GOV-EMERG-001,central,portal-main,747.9,39,0.935,0.1496,normal,none,1.0,False,0.0,10,50,500,5000,13.02,11.44,947643.1,-6.67,600.0,29.0,73.7,147.7,0.00135,none,0,0,0,500.0,0.01,met,VALID
2025-09-09 14:00:00,GOV-EMERG-001,central,api-data,826.5,49,1.033,0.1653,normal,none,1.0,False,0.0,10,50,500,5000,16.22,8.49,946843.1,-6.67,600.0,27.1,57.7,138.0,0.00053,none,0,0,0,500.0,0.01,met,VALID
2025-09-09 16:00:00,GOV-EMERG-001,central,api-data,685.7,36,0.857,0.1371,normal,none,1.0,False,0.0,10,50,500,5000,5.0,4.0,946043.1,-6.67,600.0,31.4,78.6,135.4,0.00101,none,0,0,0,500.0,0.01,met,IMPUTED_MISSING
2025-09-09 18:00:00,GOV-EMERG-001,central,portal-main,484.5,19,0.606,0.0969,normal,none,1.0,False,0.0,10,50,500,5000,8.99,4.92,945243.1,-6.67,600.0,32.0,77.4,165.2,0.00076,none,0,0,0,500.0,0.01,met,VALID
2025-09-09 20:00:00,GOV-EMERG-001,central,portal-main,392.2,18,0.49,0.0784,normal,none,1.0,False,0.0,10,50,500,5000,8.46,4.4,944443.1,-6.67,600.0,31.2,66.5,169.8,0.00093,none,0,0,0,500.0,0.01,met,VALID
2025-09-09 22:00:00,GOV-EMERG-001,central,api-data,222.4,11,0.278,0.0445,normal,none,1.0,False,0.0,10,50,500,5000,7.86,4.0,943643.1,-6.67,600.0,26.1,63.3,153.6,0.00132,none,0,0,0,500.0,0.01,met,VALID
2025-09-10 00:00:00,GOV-EMERG-001,central,portal-main,119.5,7,0.149,0.0239,normal,none,1.0,False,0.0,10,50,500,5000,1.03,4.0,942843.1,-6.67,600.0,30.1,60.7,164.1,0.00073,none,0,0,0,500.0,0.01,met,VALID
2025-09-10 02:00:00,GOV-EMERG-001,central,portal-main,78.6,5,0.098,0.0157,normal,none,1.0,False,0.0,10,50,500,5000,1.0,4.41,942043.1,-6.67,600.0,21.3,45.7,111.0,0.00139,none,0,0,0,500.0,0.01,met,VALID
2025-09-10 04:00:00,GOV-EMERG-001,central,portal-main,62.4,4,0.078,0.0125,normal,none,1.0,False,0.0,10,50,500,5000,3.98,8.82,941243.1,-6.67,600.0,32.4,70.5,144.9,0.00188,none,0,0,0,500.0,0.01,met,VALID
2025-09-10 06:00:00,GOV-EMERG-001,central,portal-main,215.4,11,0.269,0.0431,normal,none,1.0,False,0.0,10,50,500,5000,7.86,8.27,940443.1,-6.67,600.0,22.0,55.8,92.4,0.00124,none,0,0,0,500.0,0.01,met,VALID
2025-09-10 08:00:00,GOV-EMERG-001,central,portal-main,598.8,34,0.748,0.1198,normal,none,1.0,False,0.0,10,50,500,5000,9.3,6.38,939643.1,-6.67,600.0,20.3,51.7,106.9,0.00097,none,0,0,0,500.0,0.01,met,VALID
2025-09-10 10:00:00,GOV-EMERG-001,central,api-data,817.8,31,1.022,0.1636,normal,none,1.0,False,0.0,10,50,500,5000,14.71,4.0,938843.1,-6.67,600.0,35.4,76.5,185.6,0.00146,none,0,0,0,500.0,0.01,met,VALID
2025-09-10 12:00:00,GOV-EMERG-001,central,api-data,821.3,38,1.027,0.1643,normal,none,1.0,False,0.0,10,50,500,5000,11.03,4.78,938043.1,-6.67,600.0,26.3,77.6,149.6,0.00056,none,0,0,0,500.0,0.01,met,IMPUTED_MISSING
2025-09-10 14:00:00,GOV-EMERG-001,central,api-data,824.8,34,1.031,0.165,normal,none,1.0,False,0.0,10,50,500,5000,13.94,12.09,937243.1,-6.67,600.0,30.4,78.7,148.8,0.00161,none,0,0,0,500.0,0.01,met,VALID
2025-09-10 16:00:00,GOV-EMERG-001,central,portal-main,682.5,34,0.853,0.1365,normal,none,1.0,False,0.0,10,50,500,5000,15.47,11.62,936443.1,-6.67,600.0,24.8,59.6,107.9,0.0007,none,0,0,0,500.0,0.01,met,VALID
2025-09-10 18:00:00,GOV-EMERG-001,central,api-data,515.1,39,0.644,0.103,normal,none,1.0,False,0.0,10,50,500,5000,8.98,8.09,935643.1,-6.67,600.0,37.3,76.2,166.1,0.00187,none,0,0,0,500.0,0.01,met,VALID
2025-09-10 20:00:00,GOV-EMERG-001,central,api-data,366.1,19,0.458,0.0732,normal,none,1.0,False,0.0,10,50,500,5000,9.57,7.13,934843.1,-6.67,600.0,34.3,76.6,169.7,0.00071,none,0,0,0,500.0,0.01,met,VALID
2025-09-10 22:00:00,GOV-EMERG-001,central,portal-main,219.1,9,0.274,0.0438,normal,none,1.0,False,0.0,10,50,500,5000,4.81,4.0,934043.1,-6.67,600.0,32.3,72.8,149.5,0.00126,none,0,0,0,500.0,0.01,met,VALID
2025-09-11 00:00:00,GOV-EMERG-001,central,portal-main,121.5,6,0.152,0.0243,normal,none,1.0,False,0.0,10,50,500,5000,1.84,6.15,933243.1,-6.67,600.0,26.0,56.7,113.3,0.00038,none,0,0,0,500.0,0.01,met,VALID
2025-09-11 02:00:00,GOV-EMERG-001,central,portal-main,80.8,4,0.101,0.0162,normal,none,1.0,False,0.0,10,50,500,5000,2.26,4.0,932443.1,-6.67,600.0,29.3,67.8,123.7,0.00091,none,0,0,0,500.0,0.01,met,VALID
2025-09-11 04:00:00,GOV-EMERG-001,central,portal-main,65.9,3,0.082,0.0132,normal,none,1.0,False,0.0,10,50,500,5000,2.56,4.0,931643.1,-6.67,600.0,25.1,61.3,121.2,0.00057,none,0,0,0,500.0,0.01,met,VALID
2025-09-11 06:00:00,GOV-EMERG-001,central,portal-main,193.8,13,0.242,0.0388,normal,none,1.0,False,0.0,10,50,500,5000,4.69,5.91,930843.1,-6.67,600.0,30.5,73.6,142.6,0.00042,none,0,0,0,500.0,0.01,met,VALID
2025-09-11 08:00:00,GOV-EMERG-001,central,portal-main,579.9,34,0.725,0.116,normal,none,1.0,False,0.0,10,50,500,5000,11.99,4.01,930043.1,-6.67,600.0,26.6,58.9,158.0,0.00148,none,0,0,0,500.0,0.01,met,VALID
2025-09-11 10:00:00,GOV-EMERG-001,central,portal-main,763.7,40,0.955,0.1527,normal,none,1.0,False,0.0,10,50,500,5000,17.6,8.51,929243.1,-6.67,600.0,35.8,87.5,204.8,0.00051,none,0,0,0,500.0,0.01,met,VALID
2025-09-11 12:00:00,GOV-EMERG-001,central,portal-main,699.4,33,0.874,0.1399,normal,none,1.0,False,0.0,10,50,500,5000,7.54,8.365,928443.1,-6.67,600.0,27.2,63.2,118.9,0.00071,none,0,0,0,500.0,0.01,met,IMPUTED_MISSING
2025-09-11 14:00:00,GOV-EMERG-001,central,portal-main,778.8,37,0.973,0.1558,normal,none,1.0,False,0.0,10,50,500,5000,11.98,8.22,927643.1,-6.67,600.0,28.2,69.5,155.4,0.00066,none,0,0,0,500.0,0.01,met,VALID
2025-09-11 16:00:00,GOV-EMERG-001,central,status-page,643.6,40,0.804,0.1287,normal,none,1.0,False,0.0,10,50,500,5000,13.37,7.1,926843.1,-6.67,600.0,26.8,55.5,133.1,0.00146,none,0,0,0,500.0,0.01,met,VALID
2025-09-11 18:00:00,GOV-EMERG-001,central,portal-main,546.4,29,0.683,0.1093,normal,none,1.0,False,0.0,10,50,500,5000,6.13,9.13,926043.1,-6.67,600.0,28.8,64.7,168.8,0.00141,none,0,0,0,500.0,0.01,met,VALID
2025-09-11 20:00:00,GOV-EMERG-001,central,portal-main,342.6,9,0.428,0.0685,normal,none,1.0,False,0.0,10,50,500,5000,4.61,4.0,925243.1,-6.67,600.0,25.3,56.6,131.9,0.00151,none,0,0,0,500.0,0.01,met,VALID
2025-09-11 22:00:00,GOV-EMERG-001,central,portal-main,216.2,15,0.27,0.0432,normal,none,1.0,False,0.0,10,50,500,5000,3.6,4.0,924443.1,-6.67,600.0,28.1,62.1,123.8,0.00069,none,0,0,0,500.0,0.01,met,VALID
2025-09-12 00:00:00,GOV-EMERG-001,central,api-data,121.2,6,0.152,0.0242,normal,none,1.0,False,0.0,10,50,500,5000,1.7,6.33,923643.1,-6.67,600.0,23.7,57.3,104.1,0.00154,none,0,0,0,500.0,0.01,met,VALID
2025-09-12 02:00:00,GOV-EMERG-001,central,portal-main,73.8,4,0.092,0.0148,normal,none,1.0,False,0.0,10,50,500,5000,1.0,4.0,922843.1,-6.67,600.0,28.5,66.6,169.4,0.00068,none,0,0,0,500.0,0.01,met,VALID
2025-09-12 04:00:00,GOV-EMERG-001,central,status-page,60.2,4,0.075,0.012,normal,none,1.0,False,0.0,10,50,500,5000,1.74,4.0,922043.1,-6.67,600.0,31.4,70.0,183.1,0.0007,none,0,0,0,500.0,0.01,met,VALID
2025-09-12 06:00:00,GOV-EMERG-001,central,portal-main,180.4,10,0.226,0.0361,normal,none,1.0,False,0.0,10,50,500,5000,6.68,4.43,921243.1,-6.67,600.0,26.2,60.9,130.3,0.00072,none,0,0,0,500.0,0.01,met,VALID
2025-09-12 08:00:00,GOV-EMERG-001,central,portal-main,554.2,31,0.693,0.1108,normal,none,1.0,False,0.0,10,50,500,5000,7.14,5.55,920443.1,-6.67,600.0,37.0,89.6,189.7,0.00074,none,0,0,0,500.0,0.01,met,VALID
2025-09-12 10:00:00,GOV-EMERG-001,central,portal-main,792.2,37,0.99,0.1584,normal,none,1.0,False,0.0,10,50,500,5000,13.61,9.7,919643.1,-6.67,600.0,34.2,82.3,174.3,0.00096,none,0,0,0,500.0,0.01,met,VALID
2025-09-12 12:00:00,GOV-EMERG-001,central,portal-main,709.3,28,0.887,0.1419,normal,none,1.0,False,0.0,10,50,500,5000,11.27,5.47,918843.1,-6.67,600.0,37.7,92.6,208.3,0.00066,none,0,0,0,500.0,0.01,met,VALID
2025-09-12 14:00:00,GOV-EMERG-001,central,api-data,780.4,41,0.975,0.1561,normal,none,1.0,False,0.0,10,50,500,5000,13.81,5.87,918043.1,-6.67,600.0,29.4,73.8,145.4,0.00109,none,0,0,0,500.0,0.01,met,VALID
2025-09-12 16:00:00,GOV-EMERG-001,central,api-data,648.4,40,0.81,0.1297,normal,none,1.0,False,0.0,10,50,500,5000,8.48,8.22,917243.1,-6.67,600.0,22.1,54.0,93.7,0.0,none,0,0,0,500.0,0.01,met,VALID
2025-09-12 18:00:00,GOV-EMERG-001,central,portal-main,481.0,21,0.601,0.0962,normal,none,1.0,False,0.0,10,50,500,5000,8.41,6.36,916443.1,-6.67,600.0,24.8,52.4,115.5,0.00109,none,0,0,0,500.0,0.01,met,VALID
2025-09-12 20:00:00,GOV-EMERG-001,central,status-page,328.1,14,0.41,0.0656,normal,none,1.0,False,0.0,10,50,500,5000,8.79,5.93,915643.1,-6.67,600.0,24.3,61.0,125.0,0.00056,none,0,0,0,500.0,0.01,met,VALID
2025-09-12 22:00:00,GOV-EMERG-001,central,portal-main,226.5,14,0.283,0.0453,normal,none,1.0,False,0.0,10,50,500,5000,5.31,4.0,914843.1,-6.67,600.0,22.4,49.2,105.2,0.00073,none,0,0,0,500.0,0.01,met,VALID
2025-09-13 00:00:00,GOV-EMERG-001,central,portal-main,99.7,5,0.125,0.0199,normal,none,1.0,False,0.0,10,50,500,5000,1.0,4.0,914043.1,-6.67,600.0,16.7,40.1,94.1,0.00074,none,0,0,0,500.0,0.01,met,VALID
2025-09-13 02:00:00,GOV-EMERG-001,central,portal-main,61.8,3,0.077,0.0124,normal,none,1.0,False,0.0,10,50,500,5000,1.88,4.32,913243.1,-6.67,600.0,29.4,76.3,173.4,0.00138,none,0,0,0,500.0,0.01,met,VALID
2025-09-13 04:00:00,GOV-EMERG-001,central,portal-main,51.3,2,0.064,0.0103,normal,none,1.0,False,0.0,10,50,500,5000,1.0,4.0,912443.1,-6.67,600.0,17.8,38.8,79.9,0.0012,none,0,0,0,500.0,0.01,met,VALID
2025-09-13 06:00:00,GOV-EMERG-001,central,api-data,157.6,8,0.197,0.0315,normal,none,1.0,False,0.0,10,50,500,5000,1.0,4.0,911643.1,-6.67,600.0,29.5,63.8,170.6,0.00093,none,0,0,0,500.0,0.01,met,VALID
2025-09-13 08:00:00,GOV-EMERG-001,central,portal-main,422.7,16,0.528,0.0845,normal,none,1.0,False,0.0,10,50,500,5000,9.39,4.0,910843.1,-6.67,600.0,36.0,76.0,195.8,0.00071,none,0,0,0,500.0,0.01,met,VALID
2025-09-13 10:00:00,GOV-EMERG-001,central,portal-main,645.7,29,0.807,0.1291,normal,none,1.0,False,0.0,10,50,500,5000,8.57,8.5,910043.1,-6.67,600.0,25.6,66.3,132.4,0.00131,none,0,0,0,500.0,0.01,met,VALID
2025-09-13 12:00:00,GOV-EMERG-001,central,portal-main,564.0,29,0.705,0.1128,normal,none,1.0,False,0.0,10,50,500,5000,4.22,4.0,909243.1,-6.67,600.0,29.7,67.1,126.7,0.00172,none,0,0,0,500.0,0.01,met,VALID
2025-09-13 14:00:00,GOV-EMERG-001,central,portal-main,609.5,32,0.762,0.1219,normal,none,1.0,False,0.0,10,50,500,5000,8.62,15.24,908443.1,-6.67,600.0,26.9,66.4,129.6,0.00099,none,0,0,0,500.0,0.01,met,VALID
2025-09-13 16:00:00,GOV-EMERG-001,central,portal-main,503.8,30,0.63,0.1008,normal,none,1.0,False,0.0,10,50,500,5000,7.66,4.0,907643.1,-6.67,600.0,31.1,63.1,186.4,0.00036,none,0,0,0,500.0,0.01,met,VALID
2025-09-13 18:00:00,GOV-EMERG-001,central,api-data,383.5,25,0.479,0.0767,normal,none,1.0,False,0.0,10,50,500,5000,6.45,4.0,906843.1,-6.67,600.0,22.3,47.0,118.1,0.00072,none,0,0,0,500.0,0.01,met,VALID
2025-09-13 20:00:00,GOV-EMERG-001,central,portal-main,282.7,18,0.353,0.0565,normal,none,1.0,False,0.0,10,50,500,5000,3.57,4.0,906043.1,-6.67,600.0,26.0,52.9,134.6,0.00122,none,0,0,0,500.0,0.01,met,VALID
2025-09-13 22:00:00,GOV-EMERG-001,central,portal-main,178.4,10,0.223,0.0357,normal,none,1.0,False,0.0,10,50,500,5000,1.0,4.0,905243.1,-6.67,600.0,30.4,75.7,123.8,0.00082,none,0,0,0,500.0,0.01,met,VALID
2025-09-14 00:00:00,GOV-EMERG-001,central,portal-main,86.1,4,0.108,0.0172,normal,none,1.0,False,0.0,10,50,500,5000,1.0,4.0,904443.1,-6.67,600.0,25.2,52.1,117.2,0.00066,none,0,0,0,500.0,0.01,met,VALID
2025-09-14 02:00:00,GOV-EMERG-001,central,portal-main,62.0,3,0.078,0.0124,normal,none,1.0,False,0.0,10,50,500,5000,1.0,4.0,903643.1,-6.67,600.0,18.8,48.0,93.6,0.00064,none,0,0,0,500.0,0.01,met,VALID
2025-09-14 04:00:00,GOV-EMERG-001,central,portal-main,47.8,2,0.06,0.0096,normal,none,1.0,False,0.0,10,50,500,5000,1.83,4.0,902843.1,-6.67,600.0,30.2,72.4,159.6,0.00104,none,0,0,0,500.0,0.01,met,VALID
2025-09-14 06:00:00,GOV-EMERG-001,central,api-data,154.3,8,0.193,0.0309,normal,none,1.0,False,0.0,10,50,500,5000,1.0,4.0,902043.1,-6.67,600.0,20.6,52.5,117.8,0.00039,none,0,0,0,500.0,0.01,met,VALID
2025-09-14 08:00:00,GOV-EMERG-001,central,status-page,416.2,24,0.52,0.0832,normal,none,1.0,False,0.0,10,50,500,5000,6.64,4.0,901243.1,-6.67,600.0,27.6,61.9,135.6,0.00099,none,0,0,0,500.0,0.01,met,VALID
2025-09-14 10:00:00,GOV-EMERG-001,central,portal-main,576.4,32,0.72,0.1153,normal,none,1.0,False,0.0,10,50,500,5000,12.97,5.17,900443.1,-6.67,600.0,30.6,70.8,139.1,0.00104,none,0,0,0,500.0,0.01,met,VALID
2025-09-14 12:00:00,GOV-EMERG-001,central,status-page,543.1,27,0.679,0.1086,normal,none,1.0,False,0.0,10,50,500,5000,9.39,6.97,899643.1,-6.67,600.0,28.5,57.5,130.1,0.00082,none,0,0,0,500.0,0.01,met,VALID
2025-09-14 14:00:00,GOV-EMERG-001,central,portal-main,562.1,32,0.703,0.1124,normal,none,1.0,False,0.0,10,50,500,5000,13.11,7.95,898843.1,-6.67,600.0,38.3,87.3,163.8,0.00058,none,0,0,0,500.0,0.01,met,VALID
2025-09-14 16:00:00,GOV-EMERG-001,central,portal-main,523.8,32,0.655,0.1048,normal,none,1.0,False,0.0,10,50,500,5000,7.13,4.0,898043.1,-6.67,600.0,30.9,72.7,132.4,0.00141,none,0,0,0,500.0,0.01,met,VALID
2025-09-14 18:00:00,GOV-EMERG-001,central,api-data,371.7,21,0.465,0.0743,normal,none,1.0,False,0.0,10,50,500,5000,9.22,7.74,897243.1,-6.67,600.0,26.2,54.0,120.8,0.00047,none,0,0,0,500.0,0.01,met,VALID
2025-09-14 20:00:00,GOV-EMERG-001,central,api-data,282.4,14,0.353,0.0565,normal,none,1.0,False,0.0,10,50,500,5000,7.32,4.0,896443.1,-6.67,600.0,28.9,53.75,160.0,0.00107,none,0,0,0,500.0,0.01,met,IMPUTED_MISSING
2025-09-14 22:00:00,GOV-EMERG-001,central,api-data,165.2,7,0.206,0.033,normal,none,1.0,False,0.0,10,50,500,5000,7.07,4.0,895643.1,-6.67,600.0,26.7,53.5,128.8,0.00129,none,0,0,0,500.0,0.01,met,VALID
2025-09-15 00:00:00,GOV-EMERG-001,central,portal-main,126.4,5,0.158,0.0253,normal,none,1.0,False,0.0,10,50,500,5000,1.0,5.19,894843.1,-6.67,600.0,25.8,55.8,147.7,0.00106,none,0,0,0,500.0,0.01,met,VALID
2025-09-15 02:00:00,GOV-EMERG-001,central,portal-main,75.5,3,0.094,0.0151,normal,none,1.0,False,0.0,10,50,500,5000,2.95,6.66,894043.1,-6.67,600.0,26.4,62.5,155.5,0.00149,none,0,0,0,500.0,0.01,met,VALID
2025-09-15 04:00:00,GOV-EMERG-001,central,portal-main,61.8,3,0.077,0.0124,normal,none,1.0,False,0.0,10,50,500,5000,4.5,11.45,893243.1,-6.67,600.0,23.6,54.2,97.9,0.00055,none,0,0,0,500.0,0.01,met,VALID
2025-09-15 06:00:00,GOV-EMERG-001,central,portal-main,203.8,11,0.255,0.0408,normal,none,1.0,False,0.0,10,50,500,5000,2.72,4.0,892443.1,-6.67,600.0,26.9,57.7,145.9,0.00068,none,0,0,0,500.0,0.01,met,VALID
2025-09-15 08:00:00,GOV-EMERG-001,central,api-data,592.8,23,0.741,0.1186,normal,none,1.0,False,0.0,10,50,500,5000,11.98,9.35,891643.1,-6.67,600.0,26.3,68.3,109.9,0.00082,none,0,0,0,500.0,0.01,met,VALID
2025-09-15 10:00:00,GOV-EMERG-001,central,portal-main,866.7,40,1.083,0.1733,normal,none,1.0,False,0.0,10,50,500,5000,20.19,13.64,890843.1,-6.67,600.0,22.7,47.9,93.9,0.00101,none,0,0,0,500.0,0.01,met,IMPUTED_MISSING
2025-09-15 12:00:00,GOV-EMERG-001,central,portal-main,721.5,38,0.902,0.1443,normal,none,1.0,False,0.0,10,50,500,5000,9.9,4.0,890043.1,-6.67,600.0,33.8,79.1,153.7,0.0012,none,0,0,0,500.0,0.01,met,VALID
2025-09-15 14:00:00,GOV-EMERG-001,central,portal-main,873.5,37,1.092,0.1747,normal,none,1.0,False,0.0,10,50,500,5000,16.54,9.84,889243.1,-6.67,600.0,28.0,58.0,117.8,0.00123,none,0,0,0,500.0,0.01,met,IMPUTED_MISSING
2025-09-15 16:00:00,GOV-EMERG-001,central,portal-main,670.2,36,0.838,0.134,normal,none,1.0,False,0.0,10,50,500,5000,15.15,10.39,888443.1,-6.67,600.0,29.4,59.9,156.8,0.00126,none,0,0,0,500.0,0.01,met,VALID
2025-09-15 18:00:00,GOV-EMERG-001,central,portal-main,548.6,26,0.686,0.1097,normal,none,1.0,False,0.0,10,50,500,5000,10.41,6.65,887643.1,-6.67,600.0,25.0,57.4,136.0,0.00103,none,0,0,0,500.0,0.01,met,IMPUTED_MISSING
2025-09-15 20:00:00,GOV-EMERG-001,central,portal-main,343.0,15,0.429,0.0686,normal,none,1.0,False,0.0,10,50,500,5000,2.93,4.0,886843.1,-6.67,600.0,23.9,59.4,126.3,0.00142,none,0,0,0,500.0,0.01,met,VALID
2025-09-15 22:00:00,GOV-EMERG-001,central,portal-main,228.7,12,0.286,0.0457,normal,none,1.0,False,0.0,10,50,500,5000,1.0,4.0,886043.1,-6.67,600.0,22.0,51.1,113.5,0.00025,none,0,0,0,500.0,0.01,met,VALID
2025-09-16 00:00:00,GOV-EMERG-001,southeast,portal-main,105.9,6,0.132,0.0212,breaking_news,medium,1.0,False,240.0,10,50,500,5000,1.72,4.0,885243.1,-6.67,600.0,29.3,63.8,163.2,0.00111,none,0,0,0,500.0,0.01,met,VALID
2025-09-16 02:00:00,GOV-EMERG-001,southeast,portal-main,248.0,11,0.31,0.0496,breaking_news,medium,1.0,False,240.0,10,50,500,5000,1.0,4.96,884443.1,-6.67,600.0,31.1,62.4,172.3,0.00117,none,0,0,0,500.0,0.01,met,VALID
2025-09-16 04:00:00,GOV-EMERG-001,central,portal-main,65.5,3,0.082,0.0131,normal,none,1.0,False,0.0,10,50,500,5000,1.0,4.0,883643.1,-6.67,600.0,25.4,65.2,146.0,0.00141,none,0,0,0,500.0,0.01,met,VALID
2025-09-16 06:00:00,GOV-EMERG-001,central,api-data,186.9,10,0.234,0.0374,normal,none,1.0,False,0.0,10,50,500,5000,1.31,7.01,882843.1,-6.67,600.0,23.8,50.7,128.3,0.00054,none,0,0,0,500.0,0.01,met,VALID
2025-09-16 08:00:00,GOV-EMERG-001,central,portal-main,572.0,25,0.715,0.1144,normal,none,1.0,False,0.0,10,50,500,5000,10.33,7.79,882043.1,-6.67,600.0,21.5,50.3,101.1,0.00057,none,0,0,0,500.0,0.01,met,VALID
2025-09-16 10:00:00,GOV-EMERG-001,central,portal-main,836.3,30,1.045,0.1673,normal,none,1.0,False,0.0,10,50,500,5000,14.12,13.94,881243.1,-6.67,600.0,33.2,66.7,167.7,0.00059,none,0,0,0,500.0,0.01,met,VALID
2025-09-16 12:00:00,GOV-EMERG-001,central,portal-main,702.0,26,0.878,0.1404,normal,none,1.0,False,0.0,10,50,500,5000,7.3,5.05,880443.1,-6.67,600.0,26.4,54.3,131.4,0.00121,none,0,0,0,500.0,0.01,met,VALID
2025-09-16 14:00:00,GOV-EMERG-001,central,status-page,761.2,35,0.952,0.1522,normal,none,1.0,False,0.0,10,50,500,5000,11.41,7.5,879643.1,-6.67,600.0,25.0,52.6,105.5,0.00121,none,0,0,0,500.0,0.01,met,VALID
2025-09-16 16:00:00,GOV-EMERG-001,central,api-data,663.9,26,0.83,0.1328,normal,none,1.0,False,0.0,10,50,500,5000,15.7,14.68,878843.1,-6.67,600.0,28.9,59.8,162.8,0.00062,none,0,0,0,500.0,0.01,met,VALID
2025-09-16 18:00:00,GOV-EMERG-001,central,portal-main,494.9,23,0.619,0.099,normal,none,1.0,False,0.0,10,50,500,5000,5.12,4.0,878043.1,-6.67,600.0,26.4,61.2,153.9,0.00177,none,0,0,0,500.0,0.01,met,VALID
2025-09-16 20:00:00,GOV-EMERG-001,central,portal-main,358.2,23,0.448,0.0716,normal,none,1.0,False,0.0,10,50,500,5000,9.18,4.0,877243.1,-6.67,600.0,20.9,46.7,124.5,0.00111,none,0,0,0,500.0,0.01,met,VALID
2025-09-16 22:00:00,GOV-EMERG-001,central,portal-main,225.1,9,0.281,0.045,normal,none,1.0,False,0.0,10,50,500,5000,1.0,4.0,876443.1,-6.67,600.0,20.7,51.2,92.9,0.00105,none,0,0,0,500.0,0.01,met,VALID
2025-09-17 00:00:00,GOV-EMERG-001,central,status-page,118.2,6,0.148,0.0236,normal,none,1.0,False,0.0,10,50,500,5000,3.26,4.94,875643.1,-6.67,600.0,27.0,55.8,113.0,0.00092,none,0,0,0,500.0,0.01,met,VALID
2025-09-17 02:00:00,GOV-EMERG-001,central,portal-main,86.7,6,0.108,0.0173,normal,none,1.0,False,0.0,10,50,500,5000,1.0,4.0,874843.1,-6.67,600.0,22.8,51.5,96.3,0.00137,none,0,0,0,500.0,0.01,met,VALID
2025-09-17 04:00:00,GOV-EMERG-001,central,portal-main,61.7,3,0.077,0.0123,normal,none,1.0,False,0.0,10,50,500,5000,1.56,5.69,874043.1,-6.67,600.0,24.75,61.7,153.4,0.00116,none,0,0,0,500.0,0.01,met,IMPUTED_MISSING
2025-09-17 06:00:00,GOV-EMERG-001,central,status-page,213.9,10,0.267,0.0428,normal,none,1.0,False,0.0,10,50,500,5000,4.77,6.29,873243.1,-6.67,600.0,26.7,57.1,140.6,0.00176,none,0,0,0,500.0,0.01,met,VALID
2025-09-17 08:00:00,GOV-EMERG-001,central,api-data,530.8,26,0.664,0.1062,normal,none,1.0,False,0.0,10,50,500,5000,7.72,8.29,872443.1,-6.67,600.0,32.2,66.2,177.3,0.00051,none,0,0,0,500.0,0.01,met,VALID
2025-09-17 10:00:00,GOV-EMERG-001,central,portal-main,802.9,43,1.004,0.1606,normal,none,1.0,False,0.0,10,50,500,5000,7.04,4.0,871643.1,-6.67,600.0,26.5,63.7,153.7,0.00038,none,0,0,0,500.0,0.01,met,IMPUTED_MISSING
2025-09-17 12:00:00,GOV-EMERG-001,central,portal-main,762.6,49,0.953,0.1525,normal,none,1.0,False,0.0,10,50,500,5000,10.72,5.51,870843.1,-6.67,600.0,30.4,61.2,135.5,0.0007,none,0,0,0,500.0,0.01,met,VALID
2025-09-17 14:00:00,GOV-EMERG-001,central,portal-main,845.3,39,1.057,0.1691,normal,none,1.0,False,0.0,10,50,500,5000,16.25,11.6,870043.1,-6.67,600.0,28.35,73.1,154.3,0.00122,none,0,0,0,500.0,0.01,met,IMPUTED_MISSING
2025-09-17 16:00:00,GOV-EMERG-001,central,portal-main,665.7,29,0.832,0.1331,normal,none,1.0,False,0.0,10,50,500,5000,10.29,11.7,869243.1,-6.67,600.0,26.3,53.5,147.1,0.00083,none,0,0,0,500.0,0.01,met,VALID
2025-09-17 18:00:00,GOV-EMERG-001,central,portal-main,534.4,21,0.668,0.1069,normal,none,1.0,False,0.0,10,50,500,5000,11.09,4.0,868443.1,-6.67,600.0,32.5,72.7,146.9,0.00151,none,0,0,0,500.0,0.01,met,VALID
2025-09-17 20:00:00,GOV-EMERG-001,central,status-page,367.6,19,0.46,0.0735,normal,none,1.0,False,0.0,10,50,500,5000,4.57,6.24,867643.1,-6.67,600.0,20.3,46.0,101.8,0.00084,none,0,0,0,500.0,0.01,met,VALID
2025-09-17 22:00:00,GOV-EMERG-001,central,status-page,218.0,8,0.272,0.0436,normal,none,1.0,False,0.0,10,50,500,5000,4.96,5.73,866843.1,-6.67,600.0,22.8,51.7,111.5,0.00143,none,0,0,0,500.0,0.01,met,VALID
2025-09-18 00:00:00,GOV-EMERG-001,central,portal-main,123.7,6,0.155,0.0247,normal,none,1.0,False,0.0,10,50,500,5000,5.29,9.69,866043.1,-6.67,600.0,18.8,39.8,97.7,0.00067,none,0,0,0,500.0,0.01,met,VALID
2025-09-18 02:00:00,GOV-EMERG-001,central,portal-main,87.4,4,0.109,0.0175,normal,none,1.0,False,0.0,10,50,500,5000,4.505,4.0,865243.1,-6.67,600.0,22.5,51.7,134.5,0.00147,none,0,0,0,500.0,0.01,met,IMPUTED_MISSING
2025-09-18 04:00:00,GOV-EMERG-001,central,portal-main,65.5,4,0.082,0.0131,normal,none,1.0,False,0.0,10,50,500,5000,3.72,7.65,864443.1,-6.67,600.0,24.7,55.2,104.0,0.00155,none,0,0,0,500.0,0.01,met,VALID
2025-09-18 06:00:00,GOV-EMERG-001,central,portal-main,205.7,9,0.257,0.0411,normal,none,1.0,False,0.0,10,50,500,5000,4.62,4.0,863643.1,-6.67,600.0,29.4,55.650000000000006,146.1,0.00077,none,0,0,0,500.0,0.01,met,IMPUTED_MISSING
2025-09-18 08:00:00,GOV-EMERG-001,central,api-data,578.8,31,0.723,0.1158,normal,none,1.0,False,0.0,10,50,500,5000,8.87,9.16,862843.1,-6.67,600.0,27.7,56.1,163.6,0.0012,none,0,0,0,500.0,0.01,met,VALID
2025-09-18 10:00:00,GOV-EMERG-001,central,portal-main,741.6,27,0.927,0.1483,normal,none,1.0,False,0.0,10,50,500,5000,15.35,11.25,862043.1,-6.67,600.0,27.0,54.8,126.7,0.00111,none,0,0,0,500.0,0.01,met,VALID
2025-09-18 12:00:00,GOV-EMERG-001,central,portal-main,736.6,38,0.921,0.1473,normal,none,1.0,False,0.0,10,50,500,5000,12.24,8.74,861243.1,-6.67,600.0,23.1,57.7,126.7,0.00121,none,0,0,0,500.0,0.01,met,VALID
2025-09-18 14:00:00,GOV-EMERG-001,central,portal-main,759.3,30,0.949,0.1519,normal,none,1.0,False,0.0,10,50,500,5000,16.11,15.61,860443.1,-6.67,600.0,24.6,53.2,144.2,0.00151,none,0,0,0,500.0,0.01,met,VALID
2025-09-18 16:00:00,GOV-EMERG-001,central,portal-main,659.9,31,0.825,0.132,normal,none,1.0,False,0.0,10,50,500,5000,9.03,4.0,859643.1,-6.67,600.0,30.0,63.4,134.6,0.00139,none,0,0,0,500.0,0.01,met,VALID
2025-09-18 18:00:00,GOV-EMERG-001,central,portal-main,576.2,39,0.72,0.1152,normal,none,1.0,False,0.0,10,50,500,5000,10.05,4.0,858843.1,-6.67,600.0,31.8,80.2,132.3,0.00121,none,0,0,0,500.0,0.01,met,IMPUTED_MISSING
2025-09-18 20:00:00,GOV-EMERG-001,central,api-data,355.4,21,0.444,0.0711,normal,none,1.0,False,0.0,10,50,500,5000,9.11,4.0,858043.1,-6.67,600.0,25.2,58.5,104.8,0.00127,none,0,0,0,500.0,0.01,met,VALID
2025-09-18 22:00:00,GOV-EMERG-001,central,api-data,215.7,11,0.27,0.0431,normal,none,1.0,False,0.0,10,50,500,5000,1.0,5.11,857243.1,-6.67,600.0,31.0,73.4,128.4,0.00049,none,0,0,0,500.0,0.01,met,VALID
2025-09-19 00:00:00,GOV-EMERG-001,central,portal-main,120.6,9,0.151,0.0241,normal,none,1.0,False,0.0,10,50,500,5000,1.92,7.39,856443.1,-6.67,600.0,21.8,43.7,102.6,0.00098,none,0,0,0,500.0,0.01,met,VALID
2025-09-19 02:00:00,GOV-EMERG-001,central,api-data,72.4,3,0.091,0.0145,normal,none,1.0,False,0.0,10,50,500,5000,2.41,4.0,855643.1,-6.67,600.0,23.8,51.3,101.2,0.00056,none,0,0,0,500.0,0.01,met,VALID
2025-09-19 04:00:00,GOV-EMERG-001,central,portal-main,59.4,4,0.074,0.0119,normal,none,1.0,False,0.0,10,50,500,5000,1.02,4.0,854843.1,-6.67,600.0,24.1,51.9,115.8,0.00099,none,0,0,0,500.0,0.01,met,VALID
2025-09-19 06:00:00,GOV-EMERG-001,central,api-data,201.9,8,0.252,0.0404,normal,none,1.0,False,0.0,10,50,500,5000,1.61,4.0,854043.1,-6.67,600.0,32.2,79.0,177.2,0.00145,none,0,0,0,500.0,0.01,met,VALID
2025-09-19 08:00:00,GOV-EMERG-001,central,portal-main,533.1,26,0.666,0.1066,normal,none,1.0,False,0.0,10,50,500,5000,12.9,6.35,853243.1,-6.67,600.0,28.5,63.6,131.1,0.001,none,0,0,0,500.0,0.01,met,VALID
2025-09-19 10:00:00,GOV-EMERG-001,central,portal-main,700.7,27,0.876,0.1401,normal,none,1.0,False,0.0,10,50,500,5000,8.57,4.63,852443.1,-6.67,600.0,21.9,51.3,108.5,0.0,none,0,0,0,500.0,0.01,met,VALID
2025-09-19 12:00:00,GOV-EMERG-001,central,status-page,702.6,37,0.878,0.1405,normal,none,1.0,False,0.0,10,50,500,5000,10.48,4.0,851643.1,-6.67,600.0,32.9,84.2,140.0,0.00058,none,0,0,0,500.0,0.01,met,VALID
2025-09-19 14:00:00,GOV-EMERG-001,central,portal-main,744.9,38,0.931,0.149,normal,none,1.0,False,0.0,10,50,500,5000,12.62,14.83,850843.1,-6.67,600.0,36.8,95.2,198.4,0.00123,none,0,0,0,500.0,0.01,met,VALID
2025-09-19 16:00:00,GOV-EMERG-001,central,portal-main,611.95,33,0.765,0.1224,normal,none,1.0,False,0.0,10,50,500,5000,12.9,4.0,850043.1,-6.67,600.0,28.0,58.2,130.0,0.00078,none,0,0,0,500.0,0.01,met,IMPUTED_MISSING
2025-09-19 18:00:00,GOV-EMERG-001,central,portal-main,479.0,28,0.599,0.0958,normal,none,1.0,False,0.0,10,50,500,5000,9.755,10.32,849243.1,-6.67,600.0,24.1,56.1,102.7,0.00131,none,0,0,0,500.0,0.01,met,IMPUTED_MISSING
2025-09-19 20:00:00,GOV-EMERG-001,central,portal-main,360.0,16,0.45,0.072,normal,none,1.0,False,0.0,10,50,500,5000,6.61,4.0,848443.1,-6.67,600.0,30.4,73.5,179.6,0.00052,none,0,0,0,500.0,0.01,met,VALID
2025-09-19 22:00:00,GOV-EMERG-001,central,portal-main,231.7,10,0.29,0.0463,normal,none,1.0,False,0.0,10,50,500,5000,2.11,4.0,847643.1,-6.67,600.0,34.1,84.1,188.7,0.00115,none,0,0,0,500.0,0.01,met,IMPUTED_MISSING
2025-09-20 00:00:00,GOV-EMERG-001,central,portal-main,91.9,5,0.115,0.0184,normal,none,1.0,False,0.0,10,50,500,5000,1.89,4.0,846843.1,-6.67,600.0,28.9,73.7,153.1,0.00117,none,0,0,0,500.0,0.01,met,VALID
2025-09-20 02:00:00,GOV-EMERG-001,central,api-data,63.4,2,0.079,0.0127,normal,none,1.0,False,0.0,10,50,500,5000,1.96,4.0,846043.1,-6.67,600.0,18.8,45.9,102.5,0.00132,none,0,0,0,500.0,0.01,met,VALID
2025-09-20 04:00:00,GOV-EMERG-001,central,portal-main,52.2,2,0.065,0.0104,normal,none,1.0,False,0.0,10,50,500,5000,1.0,4.0,845243.1,-6.67,600.0,28.3,68.3,137.2,0.00074,none,0,0,0,500.0,0.01,met,VALID
2025-09-20 06:00:00,GOV-EMERG-001,central,portal-main,153.1,8,0.191,0.0306,normal,none,1.0,False,0.0,10,50,500,5000,4.45,4.0,844443.1,-6.67,600.0,27.4,55.7,126.0,0.00131,none,0,0,0,500.0,0.01,met,VALID
2025-09-20 08:00:00,GOV-EMERG-001,central,portal-main,454.1,25,0.568,0.0908,normal,none,1.0,False,0.0,10,50,500,5000,5.44,6.18,843643.1,-6.67,600.0,23.7,55.1,118.4,0.0016,none,0,0,0,500.0,0.01,met,VALID
2025-09-20 10:00:00,GOV-EMERG-001,central,api-data,632.8,39,0.791,0.1266,normal,none,1.0,False,0.0,10,50,500,5000,9.14,6.15,842843.1,-6.67,600.0,33.8,79.7,190.9,9e-05,none,0,0,0,500.0,0.01,met,VALID
2025-09-20 12:00:00,GOV-EMERG-001,central,portal-main,568.9,27,0.711,0.1138,normal,none,1.0,False,0.0,10,50,500,5000,7.27,6.16,842043.1,-6.67,600.0,30.0,72.4,177.6,0.00102,none,0,0,0,500.0,0.01,met,VALID
2025-09-20 14:00:00,GOV-EMERG-001,central,portal-main,641.6,30,0.802,0.1283,normal,none,1.0,False,0.0,10,50,500,5000,10.25,7.45,841243.1,-6.67,600.0,33.9,79.8,176.8,0.00028,none,0,0,0,500.0,0.01,met,VALID
2025-09-20 16:00:00,GOV-EMERG-001,central,portal-main,545.9,23,0.682,0.1092,normal,none,1.0,False,0.0,10,50,500,5000,7.765000000000001,4.0,840443.1,-6.67,600.0,23.8,53.5,113.2,0.00066,none,0,0,0,500.0,0.01,met,IMPUTED_MISSING
2025-09-20 18:00:00,GOV-EMERG-001,central,api-data,419.4,22,0.524,0.0839,normal,none,1.0,False,0.0,10,50,500,5000,5.28,4.0,839643.1,-6.67,600.0,28.9,66.2,157.0,0.00069,none,0,0,0,500.0,0.01,met,VALID
2025-09-20 20:00:00,GOV-EMERG-001,central,api-data,279.4,13,0.349,0.0559,normal,none,1.0,False,0.0,10,50,500,5000,3.21,4.0,838843.1,-6.67,600.0,22.9,59.1,123.5,0.00097,none,0,0,0,500.0,0.01,met,VALID
2025-09-20 22:00:00,GOV-EMERG-001,central,portal-main,174.2,8,0.218,0.0348,normal,none,1.0,False,0.0,10,50,500,5000,2.3,4.0,838043.1,-6.67,600.0,26.9,59.1,120.9,0.00115,none,0,0,0,500.0,0.01,met,VALID
2025-09-21 00:00:00,GOV-EMERG-001,central,api-data,89.5,4,0.112,0.0179,normal,none,1.0,False,0.0,10,50,500,5000,1.0,4.0,837243.1,-6.67,600.0,31.4,77.5,152.8,0.00136,none,0,0,0,500.0,0.01,met,VALID
2025-09-21 02:00:00,GOV-EMERG-001,central,portal-main,59.9,3,0.075,0.012,normal,none,1.0,False,0.0,10,50,500,5000,1.65,4.0,836443.1,-6.67,600.0,19.6,46.3,83.6,0.00111,none,0,0,0,500.0,0.01,met,VALID
2025-09-21 04:00:00,GOV-EMERG-001,central,portal-main,46.9,2,0.059,0.0094,normal,none,1.0,False,0.0,10,50,500,5000,1.0,4.0,835643.1,-6.67,600.0,19.8,44.8,94.9,0.00127,none,0,0,0,500.0,0.01,met,VALID
2025-09-21 06:00:00,GOV-EMERG-001,central,portal-main,152.4,7,0.19,0.0305,normal,none,1.0,False,0.0,10,50,500,5000,2.89,4.0,834843.1,-6.67,600.0,29.6,66.6,163.6,0.00057,none,0,0,0,500.0,0.01,met,VALID
2025-09-21 08:00:00,GOV-EMERG-001,central,portal-main,381.9,20,0.477,0.0764,normal,none,1.0,False,0.0,10,50,500,5000,7.99,4.22,834043.1,-6.67,600.0,27.0,62.7,125.0,0.00142,none,0,0,0,500.0,0.01,met,VALID
2025-09-21 10:00:00,GOV-EMERG-001,central,portal-main,578.1,14,0.723,0.1156,normal,none,1.0,False,0.0,10,50,500,5000,7.82,5.7,833243.1,-6.67,600.0,33.0,81.7,173.5,0.0,none,0,0,0,500.0,0.01,met,VALID
2025-09-21 12:00:00,GOV-EMERG-001,central,portal-main,532.4,24,0.666,0.1065,normal,none,1.0,False,0.0,10,50,500,5000,7.42,4.0,832443.1,-6.67,600.0,24.8,51.3,115.2,0.00161,none,0,0,0,500.0,0.01,met,VALID
2025-09-21 14:00:00,GOV-EMERG-001,central,portal-main,574.3,23,0.718,0.1149,normal,none,1.0,False,0.0,10,50,500,5000,11.97,12.62,831643.1,-6.67,600.0,28.5,72.4,122.2,0.00154,none,0,0,0,500.0,0.01,met,VALID
2025-09-21 16:00:00,GOV-EMERG-001,central,portal-main,551.5,33,0.689,0.1103,normal,none,1.0,False,0.0,10,50,500,5000,9.61,5.38,830843.1,-6.67,600.0,30.9,76.0,169.2,0.0013,none,0,0,0,500.0,0.01,met,VALID
2025-09-21 18:00:00,GOV-EMERG-001,central,portal-main,390.4,18,0.488,0.0781,normal,none,1.0,False,0.0,10,50,500,5000,2.67,4.0,830043.1,-6.67,600.0,28.0,61.8,144.8,0.00189,none,0,0,0,500.0,0.01,met,VALID
2025-09-21 20:00:00,GOV-EMERG-001,central,api-data,272.4,12,0.34,0.0545,normal,none,1.0,False,0.0,10,50,500,5000,5.81,4.0,829243.1,-6.67,600.0,19.3,38.7,109.0,0.00028,none,0,0,0,500.0,0.01,met,VALID
2025-09-21 22:00:00,GOV-EMERG-001,central,api-data,163.9,8,0.205,0.0328,normal,none,1.0,False,0.0,10,50,500,5000,1.0,4.0,828443.1,-6.67,600.0,37.1,76.6,199.0,0.00131,none,0,0,0,500.0,0.01,met,IMPUTED_MISSING
2025-09-22 00:00:00,GOV-EMERG-001,central,portal-main,119.9,5,0.15,0.024,normal,none,1.0,False,0.0,10,50,500,5000,1.0,4.0,827643.1,-6.67,600.0,26.5,55.2,149.1,0.00105,none,0,0,0,500.0,0.01,met,VALID
2025-09-22 02:00:00,GOV-EMERG-001,central,portal-main,75.1,4,0.094,0.015,normal,none,1.0,False,0.0,10,50,500,5000,1.56,4.0,826843.1,-6.67,600.0,20.0,41.3,86.3,0.0011,none,0,0,0,500.0,0.01,met,VALID
2025-09-22 04:00:00,GOV-EMERG-001,central,portal-main,63.5,3,0.079,0.0127,normal,none,1.0,False,0.0,10,50,500,5000,2.67,4.0,826043.1,-6.67,600.0,26.6,54.8,139.0,0.00053,none,0,0,0,500.0,0.01,met,VALID
2025-09-22 06:00:00,GOV-EMERG-001,central,portal-main,190.6,9,0.238,0.0381,normal,none,1.0,False,0.0,10,50,500,5000,5.73,4.0,825243.1,-6.67,600.0,27.7,71.4,131.2,0.00116,none,0,0,0,500.0,0.01,met,VALID
2025-09-22 08:00:00,GOV-EMERG-001,central,portal-main,552.2,26,0.69,0.1104,normal,none,1.0,False,0.0,10,50,500,5000,12.43,7.48,824443.1,-6.67,600.0,32.1,76.8,176.2,0.00114,none,0,0,0,500.0,0.01,met,VALID
2025-09-22 10:00:00,GOV-EMERG-001,central,portal-main,697.6,29,0.872,0.1395,normal,none,1.0,False,0.0,10,50,500,5000,14.26,8.95,823643.1,-6.67,600.0,32.8,81.7,169.1,0.00072,none,0,0,0,500.0,0.01,met,VALID
2025-09-22 12:00:00,GOV-EMERG-001,central,api-data,679.4,27,0.849,0.1359,normal,none,1.0,False,0.0,10,50,500,5000,10.48,10.22,822843.1,-6.67,600.0,28.1,65.6,115.3,0.00097,none,0,0,0,500.0,0.01,met,VALID
2025-09-22 14:00:00,GOV-EMERG-001,central,portal-main,858.6,43,1.073,0.1717,normal,none,1.0,False,0.0,10,50,500,5000,16.39,14.51,822043.1,-6.67,600.0,23.3,55.2,118.0,0.00047,none,0,0,0,500.0,0.01,met,VALID
2025-09-22 16:00:00,GOV-EMERG-001,central,portal-main,708.2,37,0.885,0.1416,normal,none,1.0,False,0.0,10,50,500,5000,12.47,6.35,821243.1,-6.67,600.0,31.0,78.3,170.0,0.00084,none,0,0,0,500.0,0.01,met,VALID
2025-09-22 18:00:00,GOV-EMERG-001,central,portal-main,554.3,21,0.693,0.1109,normal,none,1.0,False,0.0,10,50,500,5000,11.24,11.8,820443.1,-6.67,600.0,21.5,46.5,97.5,0.00138,none,0,0,0,500.0,0.01,met,VALID
2025-09-22 20:00:00,GOV-EMERG-001,central,api-data,385.0,22,0.481,0.077,normal,none,1.0,False,0.0,10,50,500,5000,6.86,9.36,819643.1,-6.67,600.0,31.9,77.2,169.6,0.00139,none,0,0,0,500.0,0.01,met,VALID
2025-09-22 22:00:00,GOV-EMERG-001,central,portal-main,231.5,13,0.289,0.0463,normal,none,1.0,False,0.0,10,50,500,5000,3.81,4.0,818843.1,-6.67,600.0,23.3,59.1,132.3,0.00131,none,0,0,0,500.0,0.01,met,VALID
2025-09-23 00:00:00,GOV-EMERG-001,central,api-data,117.3,7,0.147,0.0235,normal,none,1.0,False,0.0,10,50,500,5000,3.02,4.0,818043.1,-6.67,600.0,28.1,72.1,116.2,0.00138,none,0,0,0,500.0,0.01,met,VALID
2025-09-23 02:00:00,GOV-EMERG-001,central,portal-main,75.9,4,0.095,0.0152,normal,none,1.0,False,0.0,10,50,500,5000,1.0,4.0,817243.1,-6.67,600.0,22.8,51.6,117.4,0.00139,none,0,0,0,500.0,0.01,met,VALID
2025-09-23 04:00:00,GOV-EMERG-001,central,portal-main,67.7,4,0.085,0.0135,normal,none,1.0,False,0.0,10,50,500,5000,3.24,6.09,816443.1,-6.67,600.0,23.4,58.8,135.0,0.00074,none,0,0,0,500.0,0.01,met,VALID
2025-09-23 06:00:00,GOV-EMERG-001,central,portal-main,200.6,14,0.251,0.0401,normal,none,1.0,False,0.0,10,50,500,5000,3.97,4.5,815643.1,-6.67,600.0,22.8,52.6,97.1,0.00114,none,0,0,0,500.0,0.01,met,VALID
2025-09-23 08:00:00,GOV-EMERG-001,central,portal-main,629.8,30,0.787,0.126,normal,none,1.0,False,0.0,10,50,500,5000,10.1,12.4,814843.1,-6.67,600.0,31.5,67.8,142.8,0.00143,none,0,0,0,500.0,0.01,met,VALID
2025-09-23 10:00:00,GOV-EMERG-001,central,status-page,785.4,32,0.982,0.1571,normal,none,1.0,False,0.0,10,50,500,5000,15.2,13.74,814043.1,-6.67,600.0,27.2,58.4,142.7,0.00045,none,0,0,0,500.0,0.01,met,VALID
2025-09-23 12:00:00,GOV-EMERG-001,central,portal-main,791.0,29,0.989,0.1582,normal,none,1.0,False,0.0,10,50,500,5000,11.82,4.14,813243.1,-6.67,600.0,32.8,74.4,169.4,0.00045,none,0,0,0,500.0,0.01,met,VALID
2025-09-23 14:00:00,GOV-EMERG-001,central,status-page,793.7,51,0.992,0.1587,normal,none,1.0,False,0.0,10,50,500,5000,14.61,8.79,812443.1,-6.67,600.0,27.3,58.9,152.7,0.00042,none,0,0,0,500.0,0.01,met,VALID
2025-09-23 16:00:00,GOV-EMERG-001,central,portal-main,725.4,47,0.907,0.1451,normal,none,1.0,False,0.0,10,50,500,5000,5.66,4.0,811643.1,-6.67,600.0,28.3,57.1,148.9,0.00029,none,0,0,0,500.0,0.01,met,VALID
2025-09-23 18:00:00,GOV-EMERG-001,central,api-data,564.1,24,0.705,0.1128,normal,none,1.0,False,0.0,10,50,500,5000,7.44,4.0,810843.1,-6.67,600.0,28.3,58.4,145.9,0.00058,none,0,0,0,500.0,0.01,met,VALID
2025-09-23 20:00:00,GOV-EMERG-001,central,status-page,341.6,15,0.427,0.0683,normal,none,1.0,False,0.0,10,50,500,5000,3.27,4.73,810043.1,-6.67,600.0,27.4,68.9,134.6,0.00079,none,0,0,0,500.0,0.01,met,VALID
2025-09-23 22:00:00,GOV-EMERG-001,central,portal-main,218.6,10,0.273,0.0437,normal,none,1.0,False,0.0,10,50,500,5000,2.58,4.0,809243.1,-6.67,600.0,22.4,56.8,93.3,0.0016,none,0,0,0,500.0,0.01,met,VALID
2025-09-24 00:00:00,GOV-EMERG-001,central,portal-main,113.8,7,0.142,0.0228,normal,none,1.0,False,0.0,10,50,500,5000,1.0,4.0,808443.1,-6.67,600.0,28.4,71.7,147.2,0.00083,none,0,0,0,500.0,0.01,met,VALID
2025-09-24 02:00:00,GOV-EMERG-001,central,api-data,89.94999999999999,3,0.112,0.018,normal,none,1.0,False,0.0,10,50,500,5000,2.07,4.0,807643.1,-6.67,600.0,24.3,56.7,104.8,0.00039,none,0,0,0,500.0,0.01,met,IMPUTED_MISSING
2025-09-24 04:00:00,GOV-EMERG-001,central,portal-main,66.1,2,0.083,0.0132,normal,none,1.0,False,0.0,10,50,500,5000,2.03,4.54,806843.1,-6.67,600.0,27.5,70.5,164.8,0.00107,none,0,0,0,500.0,0.01,met,VALID
2025-09-24 06:00:00,GOV-EMERG-001,central,status-page,198.0,13,0.248,0.0396,normal,none,1.0,False,0.0,10,50,500,5000,5.44,4.5,806043.1,-6.67,600.0,26.0,59.7,107.9,0.00092,none,0,0,0,500.0,0.01,met,VALID
2025-09-24 08:00:00,GOV-EMERG-001,central,portal-main,561.5,30,0.702,0.1123,normal,none,1.0,False,0.0,10,50,500,5000,10.45,6.88,805243.1,-6.67,600.0,30.5,69.5,126.7,0.00069,none,0,0,0,500.0,0.01,met,VALID
2025-09-24 10:00:00,GOV-EMERG-001,central,portal-main,822.2,44,1.028,0.1644,normal,none,1.0,False,0.0,10,50,500,5000,10.36,9.295,804443.1,-6.67,600.0,28.3,64.6,157.6,0.00106,none,0,0,0,500.0,0.01,met,IMPUTED_MISSING
2025-09-24 12:00:00,GOV-EMERG-001,central,portal-main,653.1,32,0.816,0.1306,normal,none,1.0,False,0.0,10,50,500,5000,12.26,11.71,803643.1,-6.67,600.0,25.6,70.0,107.6,0.00143,none,0,0,0,500.0,0.01,met,IMPUTED_MISSING
2025-09-24 14:00:00,GOV-EMERG-001,central,api-data,851.5,46,1.064,0.1703,normal,none,1.0,False,0.0,10,50,500,5000,14.16,5.69,802843.1,-6.67,600.0,31.8,75.4,153.1,0.00044,none,0,0,0,500.0,0.01,met,VALID
2025-09-24 16:00:00,GOV-EMERG-001,central,status-page,668.1,25,0.835,0.1336,normal,none,1.0,False,0.0,10,50,500,5000,8.87,7.7,802043.1,-6.67,600.0,26.9,61.0,157.4,0.00033,none,0,0,0,500.0,0.01,met,VALID
2025-09-24 18:00:00,GOV-EMERG-001,central,portal-main,533.8,23,0.667,0.1068,normal,none,1.0,False,0.0,10,50,500,5000,11.12,9.8,801243.1,-6.67,600.0,33.8,59.2,188.6,0.00119,none,0,0,0,500.0,0.01,met,IMPUTED_MISSING
2025-09-24 20:00:00,GOV-EMERG-001,central,api-data,371.2,19,0.464,0.0742,normal,none,1.0,False,0.0,10,50,500,5000,6.27,4.0,800443.1,-6.67,600.0,27.299999999999997,57.4,121.8,0.00075,none,0,0,0,500.0,0.01,met,IMPUTED_MISSING
2025-09-24 22:00:00,GOV-EMERG-001,central,status-page,239.4,12,0.299,0.0479,normal,none,1.0,False,0.0,10,50,500,5000,2.11,4.0,799643.1,-6.67,600.0,20.8,42.5,93.5,0.00162,none,0,0,0,500.0,0.01,met,IMPUTED_MISSING
2025-09-25 00:00:00,GOV-EMERG-001,central,portal-main,119.4,6,0.149,0.0239,normal,none,1.0,False,0.0,10,50,500,5000,1.71,4.0,798843.1,-6.67,600.0,23.3,51.4,120.6,0.00094,none,0,0,0,500.0,0.01,met,VALID
2025-09-25 02:00:00,GOV-EMERG-001,central,portal-main,71.5,3,0.089,0.0143,normal,none,1.0,False,0.0,10,50,500,5000,3.58,4.0,798043.1,-6.67,600.0,21.4,45.5,106.2,0.00096,none,0,0,0,500.0,0.01,met,VALID
2025-09-25 04:00:00,GOV-EMERG-001,central,api-data,64.2,3,0.08,0.0128,normal,none,1.0,False,0.0,10,50,500,5000,1.0,4.0,797243.1,-6.67,600.0,29.6,76.9,125.4,0.00131,none,0,0,0,500.0,0.01,met,VALID
2025-09-25 06:00:00,GOV-EMERG-001,central,portal-main,202.0,9,0.252,0.0404,normal,none,1.0,False,0.0,10,50,500,5000,1.0,4.0,796443.1,-6.67,600.0,29.1,68.1,125.8,0.00033,none,0,0,0,500.0,0.01,met,VALID
2025-09-25 08:00:00,GOV-EMERG-001,central,portal-main,531.0,22,0.664,0.1062,normal,none,1.0,False,0.0,10,50,500,5000,8.48,7.53,795643.1,-6.67,600.0,27.7,61.4,155.4,0.00114,none,0,0,0,500.0,0.01,met,VALID
2025-09-25 10:00:00,GOV-EMERG-001,central,api-data,805.9,28,1.007,0.1612,normal,none,1.0,False,0.0,10,50,500,5000,13.96,8.11,794843.1,-6.67,600.0,31.0,73.9,145.2,0.00085,none,0,0,0,500.0,0.01,met,VALID
2025-09-25 12:00:00,GOV-EMERG-001,central,portal-main,707.0,36,0.884,0.1414,normal,none,1.0,False,0.0,10,50,500,5000,12.2,9.84,794043.1,-6.67,600.0,28.8,65.4,161.0,0.00141,none,0,0,0,500.0,0.01,met,VALID
2025-09-25 14:00:00,GOV-EMERG-001,central,status-page,746.3,35,0.933,0.1493,normal,none,1.0,False,0.0,10,50,500,5000,9.76,4.0,793243.1,-6.67,600.0,32.8,69.8,143.8,0.00074,none,0,0,0,500.0,0.01,met,VALID
2025-09-25 16:00:00,GOV-EMERG-001,central,api-data,702.8,27,0.878,0.1406,normal,none,1.0,False,0.0,10,50,500,5000,11.14,7.68,792443.1,-6.67,600.0,31.2,69.7,162.0,0.00107,none,0,0,0,500.0,0.01,met,VALID
2025-09-25 18:00:00,GOV-EMERG-001,central,api-data,505.3,26,0.632,0.1011,normal,none,1.0,False,0.0,10,50,500,5000,7.18,5.08,791643.1,-6.67,600.0,30.6,66.5,153.4,0.00086,none,0,0,0,500.0,0.01,met,VALID
2025-09-25 20:00:00,GOV-EMERG-001,central,portal-main,352.7,17,0.441,0.0705,normal,none,1.0,False,0.0,10,50,500,5000,5.95,4.0,790843.1,-6.67,600.0,26.1,62.3,121.6,0.00117,none,0,0,0,500.0,0.01,met,IMPUTED_MISSING
2025-09-25 22:00:00,GOV-EMERG-001,central,portal-main,218.8,10,0.274,0.0438,normal,none,1.0,False,0.0,10,50,500,5000,3.85,4.17,790043.1,-6.67,600.0,23.6,58.8,123.2,0.0011350000000000002,none,0,0,0,500.0,0.01,met,IMPUTED_MISSING
2025-09-26 00:00:00,GOV-EMERG-001,west,portal-main,121.0,4,0.151,0.0242,extreme_disaster,critical,1.0,True,1680.0,10,50,500,5000,1.0,4.0,789243.1,-6.67,600.0,28.3,61.0,120.2,0.0011,none,0,0,0,500.0,0.01,met,VALID
2025-09-26 00:30:00,GOV-EMERG-001,west,portal-main,4059.5,226,5.074,0.8119,extreme_disaster,critical,1.0,True,1680.0,10,50,500,5000,76.6,48.85,789043.1,-6.67,600.0,139.1,330.1,794.7,0.0017,scale_out,2,0,3600,500.0,0.01,met,VALID
2025-09-26 01:00:00,GOV-EMERG-001,west,api-data,3065.8,122,3.832,0.6132,extreme_disaster,critical,1.0,True,1680.0,10,50,500,5000,51.03,100.0,788843.1,-6.67,600.0,69.1,167.5,378.9,0.00089,none,0,0,0,500.0,0.01,met,REPAIRED_UTILISATION
2025-09-26 01:30:00,GOV-EMERG-001,west,portal-main,2729.3,138,3.412,0.4549,extreme_disaster,critical,1.0,True,1680.0,12,50,500,6000,39.53,23.54,788603.1,-8.0,600.0,52.2,116.0,238.7,0.00116,none,0,0,0,500.0,0.01,met,VALID
2025-09-26 02:00:00,GOV-EMERG-001,west,portal-main,3023.3,131,3.779,0.5039,extreme_disaster,critical,1.0,True,1680.0,12,50,500,6000,40.56,22.24,788363.1,-8.0,600.0,51.0,117.0,263.4,0.00191,none,0,0,0,500.0,0.01,met,VALID
2025-09-26 02:30:00,GOV-EMERG-001,west,portal-main,2661.0,124,3.326,0.4435,extreme_disaster,critical,1.0,True,1680.0,12,50,500,6000,36.3,28.99,788123.1,-8.0,600.0,41.0,90.9,238.2,0.00116,none,0,0,0,500.0,0.01,met,VALID
2025-09-26 03:00:00,GOV-EMERG-001,west,portal-main,3208.6,191,4.011,0.5348,extreme_disaster,critical,1.0,True,1680.0,12,50,500,6000,40.64,29.01,787883.1,-8.0,600.0,50.2,111.7,243.3,3e-05,none,0,0,0,500.0,0.01,met,VALID
2025-09-26 03:30:00,GOV-EMERG-001,west,portal-main,3008.9,164,3.761,0.5015,extreme_disaster,critical,1.0,True,1680.0,12,50,500,6000,41.86,29.55,787643.1,-8.0,600.0,55.7,126.2,263.1,0.00073,none,0,0,0,500.0,0.01,met,VALID
2025-09-26 04:00:00,GOV-EMERG-001,west,portal-main,3376.7,201,4.221,0.5628,extreme_disaster,critical,1.0,True,1680.0,12,50,500,6000,47.29,29.05,787403.1,-8.0,600.0,49.7,108.3,278.4,0.00052,none,0,0,0,500.0,0.01,met,VALID
2025-09-26 04:30:00,GOV-EMERG-001,west,api-data,3411.2,180,4.264,0.5685,extreme_disaster,critical,1.0,True,1680.0,12,50,500,6000,44.09,25.84,787163.1,-8.0,600.0,64.0,146.7,256.0,0.00137,none,0,0,0,500.0,0.01,met,VALID
2025-09-26 05:00:00,GOV-EMERG-001,west,portal-main,4071.6,217,5.09,0.6786,extreme_disaster,critical,1.0,True,1680.0,12,50,500,6000,55.37,34.47,786923.1,-8.0,600.0,74.6,183.0,401.0,0.00096,none,0,0,0,500.0,0.01,met,VALID
2025-09-26 05:30:00,GOV-EMERG-001,west,api-data,7614.5,268,9.518,1.2691,extreme_disaster,critical,1.0,True,1680.0,12,50,500,6000,97.46,55.89,835117.3,1606.47,600.0,2481.5,5550.0,10997.0,0.02882,scale_out,7,0,5400,500.0,0.01,breached,VALID
2025-09-26 06:00:00,GOV-EMERG-001,west,api-data,8936.4,423,11.17,1.4894,extreme_disaster,critical,1.0,True,1680.0,12,50,500,6000,99.39,72.88,922968.3,2928.37,600.0,2996.4,7692.4,16145.8,0.1667,none,0,0,0,500.0,0.01,breached,VALID
2025-09-26 06:30:00,GOV-EMERG-001,west,portal-main,11471.8,552,14.34,1.912,extreme_disaster,critical,1.0,True,1680.0,12,50,500,6000,99.8,60.5,1086882.2,5463.79,600.0,3994.4,8511.2,19475.7,0.5,none,0,0,0,500.0,0.01,breached,VALID
2025-09-26 07:00:00,GOV-EMERG-001,west,api-data,17666.6,1063,22.083,1.8596,extreme_disaster,critical,1.0,True,1680.0,19,50,500,9500,99.8,72.29,1331500.4,8153.94,600.0,3722.9,8449.8,15042.7,0.5,scale_out,23,0,5400,500.0,0.01,breached,VALID
2025-09-26 07:30:00,GOV-EMERG-001,west,portal-main,18721.3,857,23.402,1.9707,extreme_disaster,critical,1.0,True,1680.0,19,50,500,9500,99.8,48.8,1607758.8,9208.61,600.0,4199.4,9914.9,24140.6,0.5,none,0,0,0,500.0,0.01,breached,VALID
2025-09-26 08:00:00,GOV-EMERG-001,west,portal-main,22338.3,1166,27.923,2.3514,extreme_disaster,critical,1.0,True,1680.0,19,50,500,9500,99.8,67.15,1992527.7,12825.63,600.0,4863.3,11311.9,24769.4,0.5,none,0,0,0,500.0,0.01,breached,VALID
2025-09-26 08:30:00,GOV-EMERG-001,west,portal-main,22863.8,1186,28.58,1.0888,extreme_disaster,critical,1.0,True,1680.0,42,50,500,21000,99.76,59.35,2047602.3,1835.82,600.0,1865.3,4790.4,8631.1,0.00784,scale_out,8,0,1800,500.0,0.01,breached,VALID
2025-09-26 09:00:00,GOV-EMERG-001,west,portal-main,32560.1,1942,40.7,1.3024,extreme_disaster,critical,1.0,True,1680.0,50,50,500,25000,99.44,56.82,2273404.8,7526.75,600.0,2222.7,4877.9,12017.5,0.04023,none,0,0,0,500.0,0.01,breached,VALID
2025-09-26 09:30:00,GOV-EMERG-001,west,api-data,39461.5,1929,49.327,1.5785,extreme_disaster,critical,1.0,True,1680.0,50,50,500,25000,99.8,61.63,2706249.2,14428.15,600.0,3087.3,6874.1,15411.4,0.33766,none,0,0,0,500.0,0.01,breached,VALID
2025-09-26 10:00:00,GOV-EMERG-001,west,status-page,33153.5,1886,41.442,1.3261,extreme_disaster,critical,1.0,True,1680.0,50,50,500,25000,99.8,64.22,2949853.7,8120.15,600.0,2325.1,5481.3,9463.1,0.04617,none,0,0,0,500.0,0.01,breached,VALID
2025-09-26 10:30:00,GOV-EMERG-001,west,api-data,43441.6,1555,54.302,1.7377,extreme_disaster,critical,1.0,True,1680.0,50,50,500,25000,99.8,67.83,3502100.5,18408.23,600.0,3619.3,8533.6,19184.1,0.5,none,0,0,0,500.0,0.01,breached,VALID
2025-09-26 11:00:00,GOV-EMERG-001,west,portal-main,22559.2,825,28.199,0.9024,extreme_disaster,critical,1.0,True,1680.0,50,50,500,25000,83.52,52.24,3501100.5,-33.33,600.0,255.3,631.2,1516.3,0.0019,none,0,0,0,500.0,0.01,met,VALID
2025-09-26 11:30:00,GOV-EMERG-001,west,portal-main,32409.7,1004,40.512,1.2964,extreme_disaster,critical,1.0,True,1680.0,50,50,500,25000,98.09,67.56,3699270.6,7376.33,600.0,2474.4,6128.5,10996.3,0.03341,none,0,0,0,500.0,0.01,breached,IMPUTED_MISSING
2025-09-26 12:00:00,GOV-EMERG-001,west,status-page,30868.3,1746,38.585,1.2347,extreme_disaster,critical,1.0,True,1680.0,50,50,500,25000,99.8,67.13,3897440.7,5835.01,600.0,2164.2,4342.6,12392.2,0.02168,none,0,0,0,500.0,0.01,breached,VALID
2025-09-26 12:30:00,GOV-EMERG-001,west,portal-main,25567.8,1422,31.96,1.0227,extreme_disaster,critical,1.0,True,1680.0,50,50,500,25000,95.0,64.0,3913473.5,534.43,600.0,1886.3,4637.5,9888.0,0.00462,none,0,0,0,500.0,0.01,breached,VALID
2025-09-26 13:00:00,GOV-EMERG-001,west,portal-main,42045.5,2417,52.557,1.6818,extreme_disaster,critical,1.0,True,1680.0,50,50,500,25000,99.8,64.16,4423839.8,17012.21,600.0,3233.3,7859.4,13437.1,0.5,none,0,0,0,500.0,0.01,breached,VALID
2025-09-26 13:30:00,GOV-EMERG-001,west,portal-main,30912.2,1371,38.64,1.2365,extreme_disaster,critical,1.0,True,1680.0,50,50,500,25000,98.39,64.54,4600204.5,5878.82,600.0,2246.9,5283.6,12268.2,0.02492,none,0,0,0,500.0,0.01,breached,VALID
2025-09-26 14:00:00,GOV-EMERG-001,west,portal-main,38439.0,1741,48.049,1.5376,extreme_disaster,critical,1.0,True,1680.0,50,50,500,25000,99.08,62.26,5002375.6,13405.7,600.0,2926.2,6408.9,14288.4,0.2418,none,0,0,0,500.0,0.01,breached,VALID
2025-09-26 14:30:00,GOV-EMERG-001,west,portal-main,32247.7,1580,40.31,1.2899,extreme_disaster,critical,1.0,True,1680.0,50,50,500,25000,97.36,50.2,5218807.0,7214.38,600.0,2500.1,6360.8,13969.1,0.03483,none,0,0,0,500.0,0.01,breached,VALID
2025-09-26 15:00:00,GOV-EMERG-001,west,portal-main,31139.6,1932,38.924,1.2456,extreme_disaster,critical,1.0,True,1680.0,50,50,500,25000,97.8,68.53,5401996.1,6106.3,600.0,2378.0,5809.3,12535.5,0.01883,none,0,0,0,500.0,0.01,breached,VALID
2025-09-26 15:30:00,GOV-EMERG-001,west,portal-main,26150.4,1677,32.688,1.046,extreme_disaster,critical,1.0,True,1680.0,50,50,500,25000,94.01,64.73,5435506.8,1117.02,600.0,1982.1,4270.1,7939.3,0.00429,none,0,0,0,500.0,0.01,breached,VALID
2025-09-26 16:00:00,GOV-EMERG-001,west,portal-main,25628.1,1451,32.035,1.0251,extreme_disaster,critical,1.0,True,1680.0,50,50,500,25000,96.09,68.4,5453350.1,594.78,600.0,1748.2,3816.6,7434.4,0.00502,none,0,0,0,500.0,0.01,breached,VALID
2025-09-26 16:30:00,GOV-EMERG-001,west,portal-main,23955.1,1264,29.944,0.9582,extreme_disaster,critical,1.0,True,1680.0,50,50,500,25000,92.43,62.95,5452350.1,-33.33,600.0,600.0,1455.7,2822.8,0.0038,none,0,0,0,500.0,0.01,breached,VALID
2025-09-26 17:00:00,GOV-EMERG-001,west,portal-main,22025.8,1346,27.532,0.881,extreme_disaster,critical,1.0,True,1680.0,50,50,500,25000,80.16,50.66,5451350.1,-33.33,600.0,207.3,528.8,1029.0,0.00107,none,0,0,0,500.0,0.01,met,VALID
2025-09-26 17:30:00,GOV-EMERG-001,west,portal-main,18228.4,873,22.786,0.7291,extreme_disaster,critical,1.0,True,1680.0,50,50,500,25000,61.36,30.91,5450350.1,-33.33,600.0,89.2,204.5,522.8,0.00094,none,0,0,0,500.0,0.01,met,VALID
2025-09-26 18:00:00,GOV-EMERG-001,west,api-data,18832.1,880,23.54,0.7533,extreme_disaster,critical,1.0,True,1680.0,50,50,500,25000,63.21,36.43,5449350.1,-33.33,600.0,99.0,250.3,559.0,0.00081,none,0,0,0,500.0,0.01,met,VALID
2025-09-26 18:30:00,GOV-EMERG-001,west,portal-main,18582.8,909,23.228,0.7433,extreme_disaster,critical,1.0,True,1680.0,50,50,500,25000,61.97,38.93,5448350.1,-33.33,600.0,104.9,227.45,588.0,0.00143,none,0,0,0,500.0,0.01,met,IMPUTED_MISSING
2025-09-26 19:00:00,GOV-EMERG-001,west,api-data,18278.7,765,22.848,0.7311,extreme_disaster,critical,1.0,True,1680.0,50,50,500,25000,65.04,37.48,5447350.1,-33.33,600.0,91.4,204.6,464.4,0.00157,none,0,0,0,500.0,0.01,met,VALID
2025-09-26 19:30:00,GOV-EMERG-001,west,api-data,13469.6,654,16.837,0.5388,extreme_disaster,critical,1.0,True,1680.0,50,50,500,25000,44.1,30.78,5446350.1,-33.33,600.0,55.5,133.8,232.3,0.00081,none,0,0,0,500.0,0.01,met,VALID
2025-09-26 20:00:00,GOV-EMERG-001,west,portal-main,11009.8,448,13.762,0.4404,extreme_disaster,critical,1.0,True,1680.0,50,50,500,25000,34.63,20.72,5445350.1,-33.33,600.0,40.5,82.2,222.4,0.0,none,0,0,0,500.0,0.01,met,VALID
2025-09-26 20:30:00,GOV-EMERG-001,west,api-data,9647.0,565,12.059,0.3859,extreme_disaster,critical,1.0,True,1680.0,50,50,500,25000,30.83,14.51,5444350.1,-33.33,600.0,36.1,75.2,150.6,0.00146,none,0,0,0,500.0,0.01,met,VALID
2025-09-26 21:00:00,GOV-EMERG-001,west,api-data,6887.2,376,8.609,0.2755,extreme_disaster,critical,1.0,True,1680.0,50,50,500,25000,22.83,10.18,5443350.1,-33.33,600.0,34.6,84.4,144.8,0.00124,scale_in,0,32,3600,500.0,0.01,met,IMPUTED_MISSING
2025-09-26 21:30:00,GOV-EMERG-001,west,portal-main,5399.8,334,6.75,0.216,extreme_disaster,critical,1.0,True,1680.0,50,50,500,25000,16.84,13.98,5442350.1,-33.33,600.0,30.6,65.6,138.0,0.00102,none,0,0,0,500.0,0.01,met,VALID
2025-09-26 22:00:00,GOV-EMERG-001,west,portal-main,4869.9,177,6.087,0.5411,extreme_disaster,critical,1.0,True,1680.0,18,50,500,9000,43.02,28.18,5441990.1,-12.0,600.0,53.5,112.6,312.5,0.00139,none,0,0,0,500.0,0.01,met,VALID
2025-09-26 22:30:00,GOV-EMERG-001,west,portal-main,3472.7,229,4.341,0.3859,extreme_disaster,critical,1.0,True,1680.0,18,50,500,9000,30.07,25.83,5441630.1,-12.0,600.0,34.8,71.4,191.4,0.00085,none,0,0,0,500.0,0.01,met,VALID
2025-09-26 23:00:00,GOV-EMERG-001,west,status-page,3090.4,114,3.863,0.3434,extreme_disaster,critical,1.0,True,1680.0,18,50,500,9000,28.73,18.56,5441270.1,-12.0,600.0,37.8,80.7,156.9,0.00075,scale_in,0,8,3600,500.0,0.01,met,IMPUTED_MISSING
2025-09-26 23:30:00,GOV-EMERG-001,west,api-data,2502.1,11,3.128,0.278,extreme_disaster,critical,1.0,True,1680.0,18,50,500,9000,22.7,15.27,5440910.1,-12.0,600.0,40.8,87.8,238.3,0.00086,none,0,0,0,500.0,0.01,met,REPAIRED_NEGATIVE
2025-09-27 00:00:00,GOV-EMERG-001,west,status-page,1472.5,66,1.841,0.2945,extreme_disaster,critical,1.0,True,1680.0,10,50,500,5000,21.19,11.79,5440710.1,-6.67,600.0,32.0,70.6,178.3,0.0012,none,0,0,0,500.0,0.01,met,VALID
2025-09-27 00:30:00,GOV-EMERG-001,west,status-page,1186.4,72,1.483,0.2373,extreme_disaster,critical,1.0,True,1680.0,10,50,500,5000,20.65,8.1,5440510.1,-6.67,600.0,36.4,93.2,189.4,0.00135,none,0,0,0,500.0,0.01,met,VALID
2025-09-27 01:00:00,GOV-EMERG-001,west,portal-main,968.5,50,1.211,0.1937,extreme_disaster,critical,1.0,True,1680.0,10,50,500,5000,14.65,12.63,5440310.1,-6.67,600.0,17.1,40.9,72.9,0.00165,none,0,0,0,500.0,0.01,met,VALID
2025-09-27 01:30:00,GOV-EMERG-001,west,api-data,645.3,31,0.807,0.1291,extreme_disaster,critical,1.0,True,1680.0,10,50,500,5000,8.33,10.98,5440110.1,-6.67,600.0,25.5,61.6,118.3,0.00116,none,0,0,0,500.0,0.01,met,VALID
2025-09-27 02:00:00,GOV-EMERG-001,west,portal-main,480.3,22,0.6,0.0961,extreme_disaster,critical,1.0,True,1680.0,10,50,500,5000,7.85,4.0,5439910.1,-6.67,600.0,20.0,41.6,92.1,0.00094,none,0,0,0,500.0,0.01,met,IMPUTED_MISSING
2025-09-27 02:30:00,GOV-EMERG-001,west,api-data,343.2,13,0.429,0.0686,extreme_disaster,critical,1.0,True,1680.0,10,50,500,5000,6.17,4.84,5439710.1,-6.67,600.0,31.8,67.2,167.8,0.00135,none,0,0,0,500.0,0.01,met,VALID
2025-09-27 03:00:00,GOV-EMERG-001,west,portal-main,198.0,12,0.248,0.0396,extreme_disaster,critical,1.0,True,1680.0,10,50,500,5000,5.91,4.0,5439510.1,-6.67,600.0,29.5,75.0,152.9,0.00061,none,0,0,0,500.0,0.01,met,VALID
2025-09-27 03:30:00,GOV-EMERG-001,west,portal-main,101.3,6,0.127,0.0203,extreme_disaster,critical,1.0,True,1680.0,10,50,500,5000,1.0,4.0,5439310.1,-6.67,600.0,21.4,50.9,97.4,0.00157,none,0,0,0,500.0,0.01,met,VALID
2025-09-27 04:00:00,GOV-EMERG-001,central,api-data,48.0,3,0.06,0.0096,normal,none,1.0,False,0.0,10,50,500,5000,3.85,4.0,5439110.1,-6.67,600.0,26.4,65.6,122.0,0.00108,none,0,0,0,500.0,0.01,met,VALID
2025-09-27 06:00:00,GOV-EMERG-001,central,api-data,161.7,9,0.202,0.0323,normal,none,1.0,False,0.0,10,50,500,5000,1.0,4.0,5438310.1,-6.67,600.0,30.6,67.9,154.3,0.00091,none,0,0,0,500.0,0.01,met,VALID
2025-09-27 08:00:00,GOV-EMERG-001,central,portal-main,444.7,12,0.556,0.0889,normal,none,1.0,False,0.0,10,50,500,5000,4.46,4.0,5437510.1,-6.67,600.0,32.9,77.1,187.0,0.00061,none,0,0,0,500.0,0.01,met,VALID
2025-09-27 10:00:00,GOV-EMERG-001,central,portal-main,657.6,26,0.822,0.1315,normal,none,1.0,False,0.0,10,50,500,5000,10.04,8.41,5436710.1,-6.67,600.0,27.2,62.5,115.5,0.00125,none,0,0,0,500.0,0.01,met,VALID
2025-09-27 12:00:00,GOV-EMERG-001,central,portal-main,581.8,31,0.727,0.1164,normal,none,1.0,False,0.0,10,50,500,5000,9.95,5.01,5435910.1,-6.67,600.0,19.5,41.3,106.1,0.00089,none,0,0,0,500.0,0.01,met,VALID
2025-09-27 14:00:00,GOV-EMERG-001,central,status-page,646.6,30,0.808,0.1293,normal,none,1.0,False,0.0,10,50,500,5000,10.12,6.88,5435110.1,-6.67,600.0,25.1,62.7,150.5,0.00096,none,0,0,0,500.0,0.01,met,REPAIRED_CAPACITY
2025-09-27 16:00:00,GOV-EMERG-001,central,portal-main,504.7,23,0.631,0.1009,normal,none,1.0,False,0.0,10,50,500,5000,7.97,5.17,5434310.1,-6.67,600.0,30.9,67.9,169.8,0.00033,none,0,0,0,500.0,0.01,met,VALID
2025-09-27 18:00:00,GOV-EMERG-001,central,portal-main,426.2,17,0.533,0.0852,normal,none,1.0,False,0.0,10,50,500,5000,5.04,4.0,5433510.1,-6.67,600.0,35.7,81.5,174.4,0.00083,none,0,0,0,500.0,0.01,met,VALID
2025-09-27 20:00:00,GOV-EMERG-001,central,portal-main,283.2,16,0.354,0.0566,normal,none,1.0,False,0.0,10,50,500,5000,4.97,4.0,5432710.1,-6.67,600.0,26.3,54.7,143.6,0.00077,none,0,0,0,500.0,0.01,met,VALID
2025-09-27 22:00:00,GOV-EMERG-001,central,portal-main,177.7,10,0.222,0.0355,normal,none,1.0,False,0.0,10,50,500,5000,1.0,7.89,5431910.1,-6.67,600.0,23.5,56.0,134.4,0.00117,none,0,0,0,500.0,0.01,met,IMPUTED_MISSING
2025-09-28 00:00:00,GOV-EMERG-001,central,portal-main,94.7,5,0.118,0.0189,normal,none,1.0,False,0.0,10,50,500,5000,2.18,4.04,5431110.1,-6.67,600.0,35.1,86.8,194.2,0.00089,none,0,0,0,500.0,0.01,met,VALID
2025-09-28 02:00:00,GOV-EMERG-001,central,portal-main,57.8,3,0.072,0.0116,normal,none,1.0,False,0.0,10,50,500,5000,3.41,6.7,5430310.1,-6.67,600.0,26.9,60.5,108.4,0.0,none,0,0,0,500.0,0.01,met,VALID
2025-09-28 04:00:00,GOV-EMERG-001,central,api-data,51.2,3,0.064,0.0102,normal,none,1.0,False,0.0,10,50,500,5000,2.96,4.0,5429510.1,-6.67,600.0,20.3,52.6,86.7,0.00083,none,0,0,0,500.0,0.01,met,VALID
2025-09-28 06:00:00,GOV-EMERG-001,central,status-page,160.8,6,0.201,0.0322,normal,none,1.0,False,0.0,10,50,500,5000,2.3,4.0,5428710.1,-6.67,600.0,25.4,54.6,106.9,0.00042,none,0,0,0,500.0,0.01,met,VALID
2025-09-28 08:00:00,GOV-EMERG-001,central,status-page,435.8,21,0.545,0.0872,normal,none,1.0,False,0.0,10,50,500,5000,8.1,4.0,5427910.1,-6.67,600.0,31.4,79.2,127.5,0.00058,none,0,0,0,500.0,0.01,met,VALID
2025-09-28 10:00:00,GOV-EMERG-001,central,portal-main,570.6,17,0.713,0.1141,normal,none,1.0,False,0.0,10,50,500,5000,12.21,11.68,5427110.1,-6.67,600.0,27.9,68.0,151.7,0.0014,none,0,0,0,500.0,0.01,met,VALID
2025-09-28 12:00:00,GOV-EMERG-001,central,portal-main,481.0,18,0.601,0.0962,normal,none,1.0,False,0.0,10,50,500,5000,7.05,4.0,5426310.1,-6.67,600.0,30.8,78.8,139.8,0.00032,none,0,0,0,500.0,0.01,met,VALID
2025-09-28 14:00:00,GOV-EMERG-001,central,api-data,632.4,30,0.79,0.1265,normal,none,1.0,False,0.0,10,50,500,5000,6.04,4.0,5425510.1,-6.67,600.0,22.2,54.3,120.9,0.00112,none,0,0,0,500.0,0.01,met,VALID
2025-09-28 16:00:00,GOV-EMERG-001,central,api-data,512.8,36,0.641,0.1026,normal,none,1.0,False,0.0,10,50,500,5000,8.62,4.0,5424710.1,-6.67,600.0,22.1,50.8,118.0,0.0008,none,0,0,0,500.0,0.01,met,VALID
2025-09-28 18:00:00,GOV-EMERG-001,central,portal-main,375.5,13,0.469,0.0751,normal,none,1.0,False,0.0,10,50,500,5000,5.65,4.0,5423910.1,-6.67,600.0,24.1,54.2,121.6,0.00072,none,0,0,0,500.0,0.01,met,VALID
2025-09-28 20:00:00,GOV-EMERG-001,central,api-data,285.8,11,0.357,0.0572,normal,none,1.0,False,0.0,10,50,500,5000,4.6,4.0,5423110.1,-6.67,600.0,25.4,63.4,104.6,0.00061,none,0,0,0,500.0,0.01,met,VALID
2025-09-28 22:00:00,GOV-EMERG-001,central,api-data,160.8,8,0.201,0.0322,normal,none,1.0,False,0.0,10,50,500,5000,2.32,4.0,5422310.1,-6.67,600.0,27.2,68.0,125.3,0.00113,none,0,0,0,500.0,0.01,met,VALID
2025-09-29 00:00:00,GOV-EMERG-001,central,api-data,117.5,8,0.147,0.0235,normal,none,1.0,False,0.0,10,50,500,5000,3.1,4.0,5421510.1,-6.67,600.0,28.1,66.2,114.1,0.00117,none,0,0,0,500.0,0.01,met,VALID
2025-09-29 02:00:00,GOV-EMERG-001,central,api-data,82.1,4,0.103,0.0164,normal,none,1.0,False,0.0,10,50,500,5000,2.43,4.0,5420710.1,-6.67,600.0,35.3,85.4,205.3,0.00031,none,0,0,0,500.0,0.01,met,VALID
2025-09-29 04:00:00,GOV-EMERG-001,central,portal-main,60.4,3,0.076,0.0121,normal,none,1.0,False,0.0,10,50,500,5000,3.05,4.0,5419910.1,-6.67,600.0,22.4,50.9,103.2,0.00146,none,0,0,0,500.0,0.01,met,VALID
2025-09-29 06:00:00,GOV-EMERG-001,central,portal-main,198.9,9,0.249,0.0398,normal,none,1.0,False,0.0,10,50,500,5000,6.14,5.54,5419110.1,-6.67,600.0,24.8,52.8,103.8,0.00053,none,0,0,0,500.0,0.01,met,VALID
2025-09-29 08:00:00,GOV-EMERG-001,central,portal-main,590.5,27,0.738,0.1181,normal,none,1.0,False,0.0,10,50,500,5000,6.99,5.73,5418310.1,-6.67,600.0,25.5,51.8,102.1,0.00116,none,0,0,0,500.0,0.01,met,VALID
2025-09-29 10:00:00,GOV-EMERG-001,central,portal-main,808.4,41,1.01,0.1617,normal,none,1.0,False,0.0,10,50,500,5000,7.25,5.96,5417510.1,-6.67,600.0,34.1,81.7,178.3,0.00053,none,0,0,0,500.0,0.01,met,VALID
2025-09-29 12:00:00,GOV-EMERG-001,central,api-data,764.9,34,0.956,0.153,normal,none,1.0,False,0.0,10,50,500,5000,13.11,5.29,5416710.1,-6.67,600.0,34.1,81.8,178.5,0.00082,none,0,0,0,500.0,0.01,met,VALID
2025-09-29 14:00:00,GOV-EMERG-001,central,portal-main,845.3,47,1.057,0.1691,normal,none,1.0,False,0.0,10,50,500,5000,15.43,10.53,5415910.1,-6.67,600.0,28.3,67.9,169.5,0.00049,none,0,0,0,500.0,0.01,met,VALID
2025-09-29 16:00:00,GOV-EMERG-001,central,portal-main,680.3,25,0.85,0.1361,normal,none,1.0,False,0.0,10,50,500,5000,12.11,10.53,5415110.1,-6.67,600.0,37.2,87.0,170.3,0.00079,none,0,0,0,500.0,0.01,met,VALID
2025-09-29 18:00:00,GOV-EMERG-001,central,api-data,459.2,26,0.574,0.0918,normal,none,1.0,False,0.0,10,50,500,5000,6.05,7.92,5414310.1,-6.67,600.0,24.7,76.7,101.1,0.00092,none,0,0,0,500.0,0.01,met,IMPUTED_MISSING
2025-09-29 20:00:00,GOV-EMERG-001,central,api-data,340.1,17,0.425,0.068,normal,none,1.0,False,0.0,10,50,500,5000,8.2,12.78,5413510.1,-6.67,600.0,30.9,66.4,172.0,0.00054,none,0,0,0,500.0,0.01,met,VALID
2025-09-29 22:00:00,GOV-EMERG-001,central,api-data,232.5,11,0.291,0.0465,normal,none,1.0,False,0.0,10,50,500,5000,4.19,4.0,5412710.1,-6.67,600.0,32.0,65.3,147.7,0.00113,none,0,0,0,500.0,0.01,met,VALID
2025-09-30 00:00:00,GOV-EMERG-001,central,portal-main,110.7,4,0.138,0.0221,normal,none,1.0,False,0.0,10,50,500,5000,1.0,4.0,5411910.1,-6.67,600.0,20.1,42.0,93.8,0.00118,none,0,0,0,500.0,0.01,met,VALID
2025-09-30 02:00:00,GOV-EMERG-001,central,api-data,78.7,3,0.098,0.0157,normal,none,1.0,False,0.0,10,50,500,5000,3.59,4.24,5411110.1,-6.67,600.0,27.7,65.9,161.1,0.00208,none,0,0,0,500.0,0.01,met,VALID
2025-09-30 04:00:00,GOV-EMERG-001,central,portal-main,146.7,4,0.183,0.0293,normal,none,1.0,False,0.0,10,50,500,5000,1.0,4.0,5410310.1,-6.67,600.0,14.4,35.5,74.3,0.00137,none,0,0,0,500.0,0.01,met,IMPUTED_MISSING
2025-09-30 06:00:00,GOV-EMERG-001,central,portal-main,214.7,10,0.268,0.0429,normal,none,1.0,False,0.0,10,50,500,5000,3.23,4.0,5409510.1,-6.67,600.0,29.4,74.9,141.2,0.00147,none,0,0,0,500.0,0.01,met,VALID
2025-09-30 08:00:00,GOV-EMERG-001,central,portal-main,543.9,28,0.68,0.1088,normal,none,1.0,False,0.0,10,50,500,5000,7.44,8.27,5408710.1,-6.67,600.0,23.6,48.5,139.5,0.00029,none,0,0,0,500.0,0.01,met,VALID
2025-09-30 10:00:00,GOV-EMERG-001,central,portal-main,774.3,33,0.968,0.1549,normal,none,1.0,False,0.0,10,50,500,5000,12.56,6.87,5407910.1,-6.67,600.0,31.9,79.3,144.3,0.000585,none,0,0,0,500.0,0.01,met,IMPUTED_MISSING
2025-09-30 12:00:00,GOV-EMERG-001,central,api-data,718.1,36,0.898,0.1436,normal,none,1.0,False,0.0,10,50,500,5000,12.32,7.37,5407110.1,-6.67,600.0,32.2,76.0,130.2,0.00088,none,0,0,0,500.0,0.01,met,IMPUTED_MISSING
2025-09-30 14:00:00,GOV-EMERG-001,central,portal-main,814.0,31,1.018,0.1628,normal,none,1.0,False,0.0,10,50,500,5000,13.8,7.87,5406310.1,-6.67,600.0,34.3,74.9,153.2,0.00171,none,0,0,0,500.0,0.01,met,VALID
2025-09-30 16:00:00,GOV-EMERG-001,central,portal-main,674.8,34,0.843,0.135,normal,none,1.0,False,0.0,10,50,500,5000,14.88,11.74,5405510.1,-6.67,600.0,32.5,79.1,132.7,0.00199,none,0,0,0,500.0,0.01,met,VALID
2025-09-30 18:00:00,GOV-EMERG-001,central,api-data,547.3,29,0.684,0.1095,normal,none,1.0,False,0.0,10,50,500,5000,5.93,4.0,5404710.1,-6.67,600.0,28.3,73.4,136.3,0.00072,none,0,0,0,500.0,0.01,met,VALID
2025-09-30 20:00:00,GOV-EMERG-001,central,api-data,345.6,18,0.432,0.0691,normal,none,1.0,False,0.0,10,50,500,5000,6.18,4.0,5403910.1,-6.67,600.0,25.3,56.4,143.4,0.00077,none,0,0,0,500.0,0.01,met,IMPUTED_MISSING
2025-09-30 22:00:00,GOV-EMERG-001,central,portal-main,225.3,10,0.282,0.0451,normal,none,1.0,False,0.0,10,50,500,5000,6.43,4.0,5403110.1,-6.67,600.0,25.9,61.5,154.0,0.00122,none,0,0,0,500.0,0.01,met,VALID
2025-10-01 00:00:00,GOV-EMERG-001,central,status-page,122.7,6,0.153,0.0245,normal,none,1.0,False,0.0,10,50,500,5000,1.0,5.39,5402310.1,-6.67,600.0,21.2,45.6,114.3,0.00092,none,0,0,0,500.0,0.01,met,VALID
2025-10-01 02:00:00,GOV-EMERG-001,central,api-data,78.4,4,0.098,0.0157,normal,none,1.0,False,0.0,10,50,500,5000,1.0,4.695,5401510.1,-6.67,600.0,24.6,52.1,143.7,0.00093,none,0,0,0,500.0,0.01,met,IMPUTED_MISSING
2025-10-01 04:00:00,GOV-EMERG-001,central,status-page,66.7,3,0.083,0.0133,normal,none,1.0,False,0.0,10,50,500,5000,1.0,4.0,5400710.1,-6.67,600.0,24.2,50.5,116.4,0.00125,none,0,0,0,500.0,0.01,met,VALID
2025-10-01 06:00:00,GOV-EMERG-001,central,status-page,201.5,10,0.252,0.0403,normal,none,1.0,False,0.0,10,50,500,5000,3.63,4.0,5399910.1,-6.67,600.0,22.9,46.2,105.4,0.00209,none,0,0,0,500.0,0.01,met,VALID
2025-10-01 08:00:00,GOV-EMERG-001,central,status-page,582.1,38,0.728,0.1164,normal,none,1.0,False,0.0,10,50,500,5000,9.84,4.99,5399110.1,-6.67,600.0,21.3,51.9,91.9,0.00152,none,0,0,0,500.0,0.01,met,IMPUTED_MISSING
2025-10-01 10:00:00,GOV-EMERG-001,central,api-data,807.8,34,1.01,0.1616,normal,none,1.0,False,0.0,10,50,500,5000,12.29,8.45,5398310.1,-6.67,600.0,24.7,51.6,123.6,0.00175,none,0,0,0,500.0,0.01,met,VALID
2025-10-01 12:00:00,GOV-EMERG-001,central,portal-main,733.6,43,0.917,0.1467,normal,none,1.0,False,0.0,10,50,500,5000,12.79,11.83,5397510.1,-6.67,600.0,16.7,40.2,77.7,0.00026,none,0,0,0,500.0,0.01,met,VALID
2025-10-01 14:00:00,GOV-EMERG-001,central,portal-main,774.7,31,0.968,0.1549,normal,none,1.0,False,0.0,10,50,500,5000,9.7,9.04,5396710.1,-6.67,600.0,28.4,71.5,119.5,0.00143,none,0,0,0,500.0,0.01,met,VALID
2025-10-01 16:00:00,GOV-EMERG-001,central,portal-main,658.6,37,0.823,0.1317,normal,none,1.0,False,0.0,10,50,500,5000,8.44,4.0,5395910.1,-6.67,600.0,30.2,75.8,177.3,0.00062,none,0,0,0,500.0,0.01,met,VALID
2025-10-01 18:00:00,GOV-EMERG-001,central,api-data,551.8,31,0.69,0.1104,normal,none,1.0,False,0.0,10,50,500,5000,7.47,4.0,5395110.1,-6.67,600.0,17.4,37.9,73.8,0.00167,none,0,0,0,500.0,0.01,met,VALID
2025-10-01 20:00:00,GOV-EMERG-001,central,portal-main,371.4,17,0.464,0.0743,normal,none,1.0,False,0.0,10,50,500,5000,7.71,6.97,5394310.1,-6.67,600.0,28.0,58.0,153.2,0.00154,none,0,0,0,500.0,0.01,met,VALID
2025-10-01 22:00:00,GOV-EMERG-001,central,api-data,212.5,8,0.266,0.0425,normal,none,1.0,False,0.0,10,50,500,5000,2.25,4.0,5393510.1,-6.67,600.0,25.6,58.1,106.0,0.00124,none,0,0,0,500.0,0.01,met,VALID
2025-10-02 00:00:00,GOV-EMERG-001,central,portal-main,121.1,4,0.151,0.0242,normal,none,1.0,False,0.0,10,50,500,5000,4.24,4.0,5392710.1,-6.67,600.0,20.9,44.1,105.7,0.0007,none,0,0,0,500.0,0.01,met,VALID
2025-10-02 02:00:00,GOV-EMERG-001,central,portal-main,70.5,3,0.088,0.0141,normal,none,1.0,False,0.0,10,50,500,5000,1.95,4.0,5391910.1,-6.67,600.0,23.6,52.6,126.4,0.00081,none,0,0,0,500.0,0.01,met,VALID
2025-10-02 04:00:00,GOV-EMERG-001,central,portal-main,140.05,3,0.175,0.028,normal,none,1.0,False,0.0,10,50,500,5000,4.02,4.71,5391110.1,-6.67,600.0,29.5,69.1,131.9,0.00084,none,0,0,0,500.0,0.01,met,IMPUTED_MISSING
2025-10-02 06:00:00,GOV-EMERG-001,central,portal-main,209.6,9,0.262,0.0419,normal,none,1.0,False,0.0,10,50,500,5000,7.8,4.0,5390310.1,-6.67,600.0,22.2,53.0,92.1,0.0013,none,0,0,0,500.0,0.01,met,VALID
2025-10-02 08:00:00,GOV-EMERG-001,central,portal-main,556.5,28,0.696,0.1113,normal,none,1.0,False,0.0,10,50,500,5000,8.86,6.68,5389510.1,-6.67,600.0,28.4,60.6,147.5,0.00116,none,0,0,0,500.0,0.01,met,VALID
2025-10-02 10:00:00,GOV-EMERG-001,central,portal-main,804.7,30,1.006,0.1609,normal,none,1.0,False,0.0,10,50,500,5000,18.56,8.81,5388710.1,-6.67,600.0,31.2,66.6,162.3,0.00157,none,0,0,0,500.0,0.01,met,VALID
2025-10-02 12:00:00,GOV-EMERG-001,central,api-data,612.0,29,0.765,0.1224,normal,none,1.0,False,0.0,10,50,500,5000,8.58,4.0,5387910.1,-6.67,600.0,25.2,63.5,116.5,0.00164,none,0,0,0,500.0,0.01,met,VALID
2025-10-02 14:00:00,GOV-EMERG-001,central,portal-main,651.75,32,0.815,0.1304,normal,none,1.0,False,0.0,10,50,500,5000,11.68,7.86,5387110.1,-6.67,600.0,33.7,86.5,160.1,0.00066,none,0,0,0,500.0,0.01,met,IMPUTED_MISSING
2025-10-02 16:00:00,GOV-EMERG-001,central,portal-main,691.5,34,0.864,0.1383,normal,none,1.0,False,0.0,10,50,500,5000,16.2,4.25,5386310.1,-6.67,600.0,30.6,73.1,125.3,0.00119,none,0,0,0,500.0,0.01,met,VALID
2025-10-02 18:00:00,GOV-EMERG-001,central,portal-main,532.1,24,0.665,0.1064,normal,none,1.0,False,0.0,10,50,500,5000,6.44,4.42,5385510.1,-6.67,600.0,27.0,62.9,123.8,0.00119,none,0,0,0,500.0,0.01,met,VALID
2025-10-02 20:00:00,GOV-EMERG-001,central,portal-main,377.3,15,0.472,0.0755,normal,none,1.0,False,0.0,10,50,500,5000,10.25,9.29,5384710.1,-6.67,600.0,36.5,87.4,210.4,0.00096,none,0,0,0,500.0,0.01,met,VALID
2025-10-02 22:00:00,GOV-EMERG-001,central,portal-main,221.6,10,0.277,0.0443,normal,none,1.0,False,0.0,10,50,500,5000,3.09,4.0,5383910.1,-6.67,600.0,30.2,62.7,131.2,0.00138,none,0,0,0,500.0,0.01,met,VALID
2025-10-03 00:00:00,GOV-EMERG-001,central,api-data,113.1,5,0.141,0.0226,normal,none,1.0,False,0.0,10,50,500,5000,4.27,4.0,5383110.1,-6.67,600.0,18.8,56.650000000000006,93.0,0.0012,none,0,0,0,500.0,0.01,met,IMPUTED_MISSING
2025-10-03 02:00:00,GOV-EMERG-001,central,api-data,70.9,21,0.089,0.0142,normal,none,1.0,False,0.0,10,50,500,5000,2.65,4.0,5382310.1,-6.67,600.0,23.8,50.6,127.4,0.00077,none,0,0,0,500.0,0.01,met,REPAIRED_NEGATIVE
2025-10-03 04:00:00,GOV-EMERG-001,central,portal-main,60.2,4,0.075,0.012,normal,none,1.0,False,0.0,10,50,500,5000,4.89,4.0,5381510.1,-6.67,600.0,35.2,84.5,197.2,0.00094,none,0,0,0,500.0,0.01,met,VALID
2025-10-03 06:00:00,GOV-EMERG-001,central,portal-main,178.0,8,0.222,0.0356,normal,none,1.0,False,0.0,10,50,500,5000,2.55,4.0,5380710.1,-6.67,600.0,22.0,46.9,91.5,0.00086,none,0,0,0,500.0,0.01,met,VALID
2025-10-03 08:00:00,GOV-EMERG-001,central,portal-main,482.8,15,0.604,0.0966,normal,none,1.0,False,0.0,10,50,500,5000,8.25,4.46,5379910.1,-6.67,600.0,27.9,67.7,144.8,0.00071,none,0,0,0,500.0,0.01,met,VALID
2025-10-03 10:00:00,GOV-EMERG-001,central,portal-main,718.8,28,0.898,0.1438,normal,none,1.0,False,0.0,10,50,500,5000,12.48,8.62,5379110.1,-6.67,600.0,34.1,83.7,179.3,0.00097,none,0,0,0,500.0,0.01,met,IMPUTED_MISSING
2025-10-03 12:00:00,GOV-EMERG-001,central,api-data,735.6,42,0.92,0.1471,normal,none,1.0,False,0.0,10,50,500,5000,10.45,8.93,5378310.1,-6.67,600.0,31.9,78.0,140.3,0.00048,none,0,0,0,500.0,0.01,met,VALID
2025-10-03 14:00:00,GOV-EMERG-001,central,portal-main,749.7,33,0.937,0.1499,normal,none,1.0,False,0.0,10,50,500,5000,16.56,11.04,5377510.1,-6.67,600.0,32.6,73.6,132.4,0.00119,none,0,0,0,500.0,0.01,met,VALID
2025-10-03 16:00:00,GOV-EMERG-001,central,api-data,653.1,41,0.816,0.1306,normal,none,1.0,False,0.0,10,50,500,5000,9.11,9.76,5376710.1,-6.67,600.0,31.7,75.0,180.4,0.00156,none,0,0,0,500.0,0.01,met,VALID
2025-10-03 18:00:00,GOV-EMERG-001,central,portal-main,481.3,21,0.602,0.0963,normal,none,1.0,False,0.0,10,50,500,5000,2.19,4.0,5375910.1,-6.67,600.0,27.8,65.5,135.5,0.00102,none,0,0,0,500.0,0.01,met,VALID
2025-10-03 20:00:00,GOV-EMERG-001,central,portal-main,311.4,17,0.389,0.0623,normal,none,1.0,False,0.0,10,50,500,5000,2.26,4.0,5375110.1,-6.67,600.0,23.5,57.1,96.8,0.00138,none,0,0,0,500.0,0.01,met,VALID
2025-10-03 22:00:00,GOV-EMERG-001,central,portal-main,222.8,13,0.278,0.0446,normal,none,1.0,False,0.0,10,50,500,5000,1.0,4.0,5374310.1,-6.67,600.0,27.9,64.2,143.9,0.00106,none,0,0,0,500.0,0.01,met,VALID
2025-10-04 00:00:00,GOV-EMERG-001,central,portal-main,85.6,5,0.107,0.0171,normal,none,1.0,False,0.0,10,50,500,5000,3.08,4.0,5373510.1,-6.67,600.0,23.8,54.9,113.3,0.00059,none,0,0,0,500.0,0.01,met,VALID
2025-10-04 02:00:00,GOV-EMERG-001,central,status-page,62.2,2,0.078,0.0124,normal,none,1.0,False,0.0,10,50,500,5000,1.74,4.0,5372710.1,-6.67,600.0,23.4,56.4,97.3,0.0018,none,0,0,0,500.0,0.01,met,VALID
2025-10-04 04:00:00,GOV-EMERG-001,central,portal-main,51.1,2,0.064,0.0102,normal,none,1.0,False,0.0,10,50,500,5000,1.0,4.0,5371910.1,-6.67,600.0,31.2,65.6,142.7,3e-05,none,0,0,0,500.0,0.01,met,IMPUTED_MISSING
2025-10-04 06:00:00,GOV-EMERG-001,central,api-data,161.8,10,0.202,0.0324,normal,none,1.0,False,0.0,10,50,500,5000,4.36,4.0,5371110.1,-6.67,600.0,24.3,58.1,113.1,0.001,none,0,0,0,500.0,0.01,met,VALID
2025-10-04 08:00:00,GOV-EMERG-001,central,api-data,431.7,19,0.54,0.0863,normal,none,1.0,False,0.0,10,50,500,5000,5.71,4.0,5370310.1,-6.67,600.0,34.2,71.4,176.1,0.00069,none,0,0,0,500.0,0.01,met,VALID
2025-10-04 10:00:00,GOV-EMERG-001,central,portal-main,581.2,34,0.726,0.1162,normal,none,1.0,False,0.0,10,50,500,5000,5.72,4.0,5369510.1,-6.67,600.0,29.3,71.4,140.9,0.00163,none,0,0,0,500.0,0.01,met,VALID
2025-10-04 12:00:00,GOV-EMERG-001,central,portal-main,552.9,26,0.691,0.1106,normal,none,1.0,False,0.0,10,50,500,5000,6.38,4.0,5368710.1,-6.67,600.0,27.5,61.4,115.8,0.00109,none,0,0,0,500.0,0.01,met,VALID
2025-10-04 14:00:00,GOV-EMERG-001,central,portal-main,616.0,23,0.77,0.1232,normal,none,1.0,False,0.0,10,50,500,5000,12.32,6.06,5367910.1,-6.67,600.0,21.2,53.2,112.0,0.00202,none,0,0,0,500.0,0.01,met,IMPUTED_MISSING
2025-10-04 16:00:00,GOV-EMERG-001,central,portal-main,523.0,20,0.654,0.1046,normal,none,1.0,False,0.0,10,50,500,5000,11.01,4.0,5367110.1,-6.67,600.0,36.4,74.7,198.7,0.00101,none,0,0,0,500.0,0.01,met,VALID
2025-10-04 18:00:00,GOV-EMERG-001,central,api-data,436.2,20,0.545,0.0872,normal,none,1.0,False,0.0,10,50,500,5000,7.78,4.0,5366310.1,-6.67,600.0,27.4,62.3,137.2,0.0007,none,0,0,0,500.0,0.01,met,VALID
2025-10-04 20:00:00,GOV-EMERG-001,central,portal-main,270.5,12,0.338,0.0541,normal,none,1.0,False,0.0,10,50,500,5000,9.11,5.4,5365510.1,-6.67,600.0,17.3,36.4,71.6,0.00032,none,0,0,0,500.0,0.01,met,VALID
2025-10-04 22:00:00,GOV-EMERG-001,central,status-page,181.9,9,0.227,0.0364,normal,none,1.0,False,0.0,10,50,500,5000,3.2,4.0,5364710.1,-6.67,600.0,29.9,75.4,125.8,0.00144,none,0,0,0,500.0,0.01,met,VALID
2025-10-05 00:00:00,GOV-EMERG-001,central,portal-main,90.7,5,0.113,0.0181,normal,none,1.0,False,0.0,10,50,500,5000,1.0,4.0,5363910.1,-6.67,600.0,25.3,52.4,148.8,0.00067,none,0,0,0,500.0,0.01,met,VALID
2025-10-05 02:00:00,GOV-EMERG-001,central,portal-main,62.9,3,0.079,0.0126,normal,none,1.0,False,0.0,10,50,500,5000,3.51,4.0,5363110.1,-6.67,600.0,21.6,49.5,94.6,0.00083,none,0,0,0,500.0,0.01,met,VALID
2025-10-05 04:00:00,GOV-EMERG-001,central,api-data,47.7,2,0.06,0.0095,normal,none,1.0,False,0.0,10,50,500,5000,1.0,4.52,5362310.1,-6.67,600.0,29.0,59.8,133.7,0.00149,none,0,0,0,500.0,0.01,met,VALID
2025-10-05 06:00:00,GOV-EMERG-001,central,portal-main,155.9,7,0.195,0.0312,normal,none,1.0,False,0.0,10,50,500,5000,5.17,4.0,5361510.1,-6.67,600.0,15.6,38.7,83.9,0.00142,none,0,0,0,500.0,0.01,met,VALID
2025-10-05 08:00:00,GOV-EMERG-001,central,status-page,416.4,21,0.52,0.0833,normal,none,1.0,False,0.0,10,50,500,5000,4.2,4.85,5360710.1,-6.67,600.0,24.4,53.0,136.3,0.00076,none,0,0,0,500.0,0.01,met,VALID
2025-10-05 10:00:00,GOV-EMERG-001,central,portal-main,613.0,25,0.766,0.1226,normal,none,1.0,False,0.0,10,50,500,5000,8.05,4.0,5359910.1,-6.67,600.0,27.3,64.3,158.9,0.00082,none,0,0,0,500.0,0.01,met,VALID
2025-10-05 12:00:00,GOV-EMERG-001,central,status-page,499.4,29,0.624,0.0999,normal,none,1.0,False,0.0,10,50,500,5000,12.34,4.0,5359110.1,-6.67,600.0,31.2,65.6,149.4,0.0003,none,0,0,0,500.0,0.01,met,IMPUTED_MISSING
2025-10-05 14:00:00,GOV-EMERG-001,central,api-data,520.9,26,0.651,0.1042,normal,none,1.0,False,0.0,10,50,500,5000,8.75,4.0,5358310.1,-6.67,600.0,36.9,81.5,220.6,0.00018,none,0,0,0,500.0,0.01,met,VALID
2025-10-05 16:00:00,GOV-EMERG-001,central,api-data,519.6,25,0.65,0.1039,normal,none,1.0,False,0.0,10,50,500,5000,11.44,10.02,5357510.1,-6.67,600.0,26.9,55.7,113.3,0.00131,none,0,0,0,500.0,0.01,met,VALID
2025-10-05 18:00:00,GOV-EMERG-001,central,portal-main,398.4,21,0.498,0.0797,normal,none,1.0,False,0.0,10,50,500,5000,2.25,6.17,5356710.1,-6.67,600.0,29.0,67.6,164.0,0.00135,none,0,0,0,500.0,0.01,met,VALID
2025-10-05 20:00:00,GOV-EMERG-001,central,api-data,276.4,14,0.346,0.0553,normal,none,1.0,False,0.0,10,50,500,5000,6.28,4.0,5355910.1,-6.67,600.0,37.5,75.0,170.2,0.00114,none,0,0,0,500.0,0.01,met,VALID
2025-10-05 22:00:00,GOV-EMERG-001,central,portal-main,163.6,6,0.204,0.0327,normal,none,1.0,False,0.0,10,50,500,5000,1.0,4.0,5355110.1,-6.67,600.0,25.9,67.1,151.9,0.00107,none,0,0,0,500.0,0.01,met,VALID
2025-10-06 00:00:00,GOV-EMERG-001,midwest,api-data,128.9,5,0.161,0.0258,breaking_news,high,1.0,False,480.0,10,50,500,5000,4.34,4.0,5354310.1,-6.67,600.0,27.5,61.9,158.0,0.00072,none,0,0,0,500.0,0.01,met,VALID
2025-10-06 02:00:00,GOV-EMERG-001,midwest,portal-main,408.8,24,0.511,0.0818,breaking_news,high,1.0,False,480.0,10,50,500,5000,8.62,4.44,5353510.1,-6.67,600.0,22.3,53.0,123.1,0.00159,none,0,0,0,500.0,0.01,met,VALID
2025-10-06 04:00:00,GOV-EMERG-001,midwest,portal-main,360.5,18,0.451,0.0721,breaking_news,high,1.0,False,480.0,10,50,500,5000,2.38,4.0,5352710.1,-6.67,600.0,34.8,75.5,181.1,0.00029,none,0,0,0,500.0,0.01,met,VALID
2025-10-06 06:00:00,GOV-EMERG-001,midwest,portal-main,1052.0,38,1.315,0.2104,breaking_news,high,1.0,False,480.0,10,50,500,5000,15.74,9.66,5351910.1,-6.67,600.0,28.8,62.0,127.6,0.00081,none,0,0,0,500.0,0.01,met,VALID
2025-10-06 08:00:00,GOV-EMERG-001,central,portal-main,608.1,32,0.76,0.1216,normal,none,1.0,False,0.0,10,50,500,5000,10.63,8.28,5351110.1,-6.67,600.0,29.5,74.1,145.4,0.00106,none,0,0,0,500.0,0.01,met,VALID
2025-10-06 10:00:00,GOV-EMERG-001,central,portal-main,787.3,36,0.984,0.1575,normal,none,1.0,False,0.0,10,50,500,5000,13.65,14.73,5350310.1,-6.67,600.0,30.6,75.2,124.7,0.001,none,0,0,0,500.0,0.01,met,VALID
2025-10-06 12:00:00,GOV-EMERG-001,central,api-data,696.5,30,0.871,0.1393,normal,none,1.0,False,0.0,10,50,500,5000,9.59,6.25,5349510.1,-6.67,600.0,29.4,70.1,159.2,0.000895,none,0,0,0,500.0,0.01,met,IMPUTED_MISSING
2025-10-06 14:00:00,GOV-EMERG-001,central,portal-main,740.1,30,0.925,0.148,normal,none,1.0,False,0.0,10,50,500,5000,13.27,6.49,5348710.1,-6.67,600.0,27.6,67.7,116.8,0.00079,none,0,0,0,500.0,0.01,met,VALID
2025-10-06 16:00:00,GOV-EMERG-001,central,api-data,732.8,43,0.916,0.1466,normal,none,1.0,False,0.0,10,50,500,5000,13.52,6.8,5347910.1,-6.67,600.0,30.3,63.7,136.7,0.00122,none,0,0,0,500.0,0.01,met,VALID
2025-10-06 18:00:00,GOV-EMERG-001,central,portal-main,531.0,18,0.664,0.1062,normal,none,1.0,False,0.0,10,50,500,5000,11.85,5.95,5347110.1,-6.67,600.0,35.0,89.6,157.2,0.00051,none,0,0,0,500.0,0.01,met,VALID
2025-10-06 20:00:00,GOV-EMERG-001,central,api-data,368.2,16,0.46,0.0736,normal,none,1.0,False,0.0,10,50,500,5000,8.8,4.82,5346310.1,-6.67,600.0,36.1,82.1,201.3,0.00094,none,0,0,0,500.0,0.01,met,VALID
2025-10-06 22:00:00,GOV-EMERG-001,central,api-data,257.6,13,0.322,0.0515,normal,none,1.0,False,0.0,10,50,500,5000,3.15,4.0,5345510.1,-6.67,600.0,25.7,64.7,123.2,0.00117,none,0,0,0,500.0,0.01,met,VALID
2025-10-07 00:00:00,GOV-EMERG-001,central,portal-main,122.0,8,0.152,0.0244,normal,none,1.0,False,0.0,10,50,500,5000,3.9,4.0,5344710.1,-6.67,600.0,23.8,58.2,120.8,0.00087,none,0,0,0,500.0,0.01,met,VALID
2025-10-07 02:00:00,GOV-EMERG-001,central,api-data,74.8,4,0.094,0.015,normal,none,1.0,False,0.0,10,50,500,5000,3.54,4.0,5343910.1,-6.67,600.0,29.950000000000003,48.1,97.8,0.001,none,0,0,0,500.0,0.01,met,IMPUTED_MISSING
2025-10-07 04:00:00,GOV-EMERG-001,central,status-page,63.4,3,0.079,0.0127,normal,none,1.0,False,0.0,10,50,500,5000,3.18,6.7,5343110.1,-6.67,600.0,36.1,84.5,168.4,0.00109,none,0,0,0,500.0,0.01,met,IMPUTED_MISSING
2025-10-07 06:00:00,GOV-EMERG-001,central,api-data,190.3,12,0.238,0.0381,normal,none,1.0,False,0.0,10,50,500,5000,3.37,4.0,5342310.1,-6.67,600.0,26.5,68.4,133.2,0.0003,none,0,0,0,500.0,0.01,met,VALID
2025-10-07 08:00:00,GOV-EMERG-001,central,portal-main,548.9,21,0.686,0.1098,normal,none,1.0,False,0.0,10,50,500,5000,4.92,4.0,5341510.1,-6.67,600.0,32.5,65.8,142.8,0.00033,none,0,0,0,500.0,0.01,met,VALID
2025-10-07 10:00:00,GOV-EMERG-001,central,portal-main,783.9,41,0.98,0.1568,normal,none,1.0,False,0.0,10,50,500,5000,14.11,7.66,5340710.1,-6.67,600.0,32.4,73.2,174.5,0.00105,none,0,0,0,500.0,0.01,met,VALID
2025-10-07 12:00:00,GOV-EMERG-001,central,api-data,698.9,38,0.874,0.1398,normal,none,1.0,False,0.0,10,50,500,5000,12.73,10.81,5339910.1,-6.67,600.0,37.9,89.9,185.6,0.00076,none,0,0,0,500.0,0.01,met,VALID
2025-10-07 14:00:00,GOV-EMERG-001,central,portal-main,744.3,32,0.93,0.1489,normal,none,1.0,False,0.0,10,50,500,5000,10.62,4.9,5339110.1,-6.67,600.0,28.4,62.6,169.4,0.00078,none,0,0,0,500.0,0.01,met,VALID
2025-10-07 16:00:00,GOV-EMERG-001,central,api-data,734.1,41,0.918,0.1468,normal,none,1.0,False,0.0,10,50,500,5000,12.45,6.57,5338310.1,-6.67,600.0,24.9,54.5,111.8,0.00123,none,0,0,0,500.0,0.01,met,VALID
2025-10-07 18:00:00,GOV-EMERG-001,central,portal-main,527.8,24,0.66,0.1056,normal,none,1.0,False,0.0,10,50,500,5000,7.61,5.08,5337510.1,-6.67,600.0,35.4,86.7,169.6,0.0006,none,0,0,0,500.0,0.01,met,VALID
2025-10-07 20:00:00,GOV-EMERG-001,central,api-data,355.9,20,0.445,0.0712,normal,none,1.0,False,0.0,10,50,500,5000,7.1,4.0,5336710.1,-6.67,600.0,30.5,77.8,178.6,3e-05,none,0,0,0,500.0,0.01,met,VALID
2025-10-07 22:00:00,GOV-EMERG-001,central,portal-main,232.5,8,0.291,0.0465,normal,none,1.0,False,0.0,10,50,500,5000,4.29,4.14,5335910.1,-6.67,600.0,28.0,65.1,161.9,0.00166,none,0,0,0,500.0,0.01,met,VALID
2025-10-08 00:00:00,GOV-EMERG-001,central,portal-main,122.8,6,0.154,0.0246,normal,none,1.0,False,0.0,10,50,500,5000,1.3,4.0,5335110.1,-6.67,600.0,31.8,60.849999999999994,157.9,0.00148,none,0,0,0,500.0,0.01,met,IMPUTED_MISSING
2025-10-08 02:00:00,GOV-EMERG-001,central,status-page,81.1,4,0.101,0.0162,normal,none,1.0,False,0.0,10,50,500,5000,5.33,4.02,5334310.1,-6.67,600.0,27.5,56.6,116.6,0.00148,none,0,0,0,500.0,0.01,met,VALID
2025-10-08 04:00:00,GOV-EMERG-001,central,api-data,66.2,4,0.083,0.0132,normal,none,1.0,False,0.0,10,50,500,5000,1.0,4.0,5333510.1,-6.67,600.0,31.6,67.5,152.3,0.00055,none,0,0,0,500.0,0.01,met,VALID
2025-10-08 06:00:00,GOV-EMERG-001,central,api-data,201.3,10,0.252,0.0403,normal,none,1.0,False,0.0,10,50,500,5000,1.0,4.0,5332710.1,-6.67,600.0,27.0,55.5,139.9,0.00097,none,0,0,0,500.0,0.01,met,VALID
2025-10-08 08:00:00,GOV-EMERG-001,central,status-page,578.8,35,0.723,0.1158,normal,none,1.0,False,0.0,10,50,500,5000,7.45,4.0,5331910.1,-6.67,600.0,31.9,72.1,143.7,0.00049,none,0,0,0,500.0,0.01,met,VALID
2025-10-08 10:00:00,GOV-EMERG-001,central,portal-main,830.1,45,1.038,0.166,normal,none,1.0,False,0.0,10,50,500,5000,13.47,5.53,5331110.1,-6.67,600.0,32.1,76.2,140.6,0.00098,none,0,0,0,500.0,0.01,met,VALID
2025-10-08 12:00:00,GOV-EMERG-001,central,portal-main,725.9,36,0.907,0.1452,normal,none,1.0,False,0.0,10,50,500,5000,16.99,13.77,5330310.1,-6.67,600.0,27.9,59.3,141.5,0.00086,none,0,0,0,500.0,0.01,met,VALID
2025-10-08 14:00:00,GOV-EMERG-001,central,portal-main,791.2,45,0.989,0.1582,normal,none,1.0,False,0.0,10,50,500,5000,13.3,4.43,5329510.1,-6.67,600.0,28.9,65.5,125.7,0.00057,none,0,0,0,500.0,0.01,met,VALID
2025-10-08 16:00:00,GOV-EMERG-001,central,portal-main,732.0,41,0.915,0.1464,normal,none,1.0,False,0.0,10,50,500,5000,10.69,4.0,5328710.1,-6.67,600.0,27.7,66.8,159.3,0.0012,none,0,0,0,500.0,0.01,met,VALID
2025-10-08 18:00:00,GOV-EMERG-001,central,portal-main,507.6,27,0.635,0.1015,normal,none,1.0,False,0.0,10,50,500,5000,6.18,5.84,5327910.1,-6.67,600.0,28.9,68.9,119.8,0.0009,none,0,0,0,500.0,0.01,met,VALID
2025-10-08 20:00:00,GOV-EMERG-001,central,status-page,367.0,11,0.459,0.0734,normal,none,1.0,False,0.0,10,50,500,5000,5.64,4.0,5327110.1,-6.67,600.0,25.2,59.8,150.3,0.00169,none,0,0,0,500.0,0.01,met,IMPUTED_MISSING
2025-10-08 22:00:00,GOV-EMERG-001,central,portal-main,228.6,10,0.286,0.0457,normal,none,1.0,False,0.0,10,50,500,5000,5.1,4.0,5326310.1,-6.67,600.0,27.9,66.0,141.8,0.00103,none,0,0,0,500.0,0.01,met,VALID
2025-10-09 00:00:00,GOV-EMERG-001,central,portal-main,116.3,7,0.145,0.0233,normal,none,1.0,False,0.0,10,50,500,5000,1.0,4.0,5325510.1,-6.67,600.0,27.2,70.5,162.3,0.0,none,0,0,0,500.0,0.01,met,VALID
2025-10-09 02:00:00,GOV-EMERG-001,central,portal-main,76.8,3,0.096,0.0154,normal,none,1.0,False,0.0,10,50,500,5000,1.0,4.0,5324710.1,-6.67,600.0,26.2,63.7,144.2,0.00028,none,0,0,0,500.0,0.01,met,VALID
2025-10-09 04:00:00,GOV-EMERG-001,central,portal-main,62.9,4,0.079,0.0126,normal,none,1.0,False,0.0,10,50,500,5000,1.49,4.0,5323910.1,-6.67,600.0,26.2,66.7,112.9,0.00184,none,0,0,0,500.0,0.01,met,VALID
2025-10-09 06:00:00,GOV-EMERG-001,central,portal-main,195.1,11,0.244,0.039,normal,none,1.0,False,0.0,10,50,500,5000,1.83,4.0,5323110.1,-6.67,600.0,23.7,61.1,105.8,0.00086,none,0,0,0,500.0,0.01,met,VALID
2025-10-09 08:00:00,GOV-EMERG-001,central,api-data,519.2,23,0.649,0.1038,normal,none,1.0,False,0.0,10,50,500,5000,9.04,8.96,5322310.1,-6.67,600.0,26.8,67.3,112.8,0.0011,none,0,0,0,500.0,0.01,met,IMPUTED_MISSING
2025-10-09 10:00:00,GOV-EMERG-001,central,portal-main,773.9,26,0.967,0.1548,normal,none,1.0,False,0.0,10,50,500,5000,12.73,9.61,5321510.1,-6.67,600.0,22.9,47.1,125.0,0.001,none,0,0,0,500.0,0.01,met,VALID
2025-10-09 12:00:00,GOV-EMERG-001,central,portal-main,729.6,33,0.912,0.1459,normal,none,1.0,False,0.0,10,50,500,5000,10.05,6.84,5320710.1,-6.67,600.0,28.8,66.7,124.9,0.00157,none,0,0,0,500.0,0.01,met,VALID
2025-10-09 14:00:00,GOV-EMERG-001,central,api-data,850.6,57,1.063,0.1701,normal,none,1.0,False,0.0,10,50,500,5000,17.73,15.48,5319910.1,-6.67,600.0,26.2,58.4,142.1,0.00024,none,0,0,0,500.0,0.01,met,VALID
2025-10-09 16:00:00,GOV-EMERG-001,central,portal-main,698.8,30,0.874,0.1398,normal,none,1.0,False,0.0,10,50,500,5000,9.2,4.0,5319110.1,-6.67,600.0,29.5,60.6,168.5,0.00153,none,0,0,0,500.0,0.01,met,VALID
2025-10-09 18:00:00,GOV-EMERG-001,central,api-data,452.4,20,0.566,0.0905,normal,none,1.0,False,0.0,10,50,500,5000,10.06,9.32,5318310.1,-6.67,600.0,24.6,57.6,118.8,0.0015,none,0,0,0,500.0,0.01,met,VALID
2025-10-09 20:00:00,GOV-EMERG-001,central,portal-main,371.5,15,0.464,0.0743,normal,none,1.0,False,0.0,10,50,500,5000,5.99,4.0,5317510.1,-6.67,600.0,18.8,40.0,100.1,0.001,none,0,0,0,500.0,0.01,met,VALID
2025-10-09 22:00:00,GOV-EMERG-001,central,portal-main,217.7,13,0.272,0.0435,normal,none,1.0,False,0.0,10,50,500,5000,9.84,4.0,5316710.1,-6.67,600.0,35.1,82.6,203.5,0.00117,none,0,0,0,500.0,0.01,met,VALID
2025-10-10 00:00:00,GOV-EMERG-001,central,portal-main,116.6,6,0.146,0.0233,normal,none,1.0,False,0.0,10,50,500,5000,2.67,4.0,5315910.1,-6.67,600.0,24.7,61.4,135.8,0.00085,none,0,0,0,500.0,0.01,met,VALID
2025-10-10 02:00:00,GOV-EMERG-001,central,status-page,75.9,3,0.095,0.0152,normal,none,1.0,False,0.0,10,50,500,5000,1.0,4.18,5315110.1,-6.67,600.0,31.2,69.7,132.8,0.00033,none,0,0,0,500.0,0.01,met,VALID
2025-10-10 04:00:00,GOV-EMERG-001,central,portal-main,60.2,4,0.075,0.012,normal,none,1.0,False,0.0,10,50,500,5000,1.24,4.2,5314310.1,-6.67,600.0,23.2,59.6,106.4,0.00123,none,0,0,0,500.0,0.01,met,VALID
2025-10-10 06:00:00,GOV-EMERG-001,central,portal-main,189.0,10,0.236,0.0378,normal,none,1.0,False,0.0,10,50,500,5000,2.53,4.0,5313510.1,-6.67,600.0,32.8,80.6,166.2,0.0011,none,0,0,0,500.0,0.01,met,VALID
2025-10-10 08:00:00,GOV-EMERG-001,central,portal-main,531.4,22,0.664,0.1063,normal,none,1.0,False,0.0,10,50,500,5000,10.03,8.56,5312710.1,-6.67,600.0,23.4,58.0,105.8,0.00111,none,0,0,0,500.0,0.01,met,VALID
2025-10-10 10:00:00,GOV-EMERG-001,central,api-data,811.1,32,1.014,0.1622,normal,none,1.0,False,0.0,10,50,500,5000,15.46,8.67,5311910.1,-6.67,600.0,30.5,60.55,153.1,0.00119,none,0,0,0,500.0,0.01,met,IMPUTED_MISSING
2025-10-10 12:00:00,GOV-EMERG-001,central,api-data,683.3,41,0.854,0.1367,normal,none,1.0,False,0.0,10,50,500,5000,12.51,4.63,5311110.1,-6.67,600.0,24.6,63.1,145.2,0.00076,none,0,0,0,500.0,0.01,met,VALID
2025-10-10 14:00:00,GOV-EMERG-001,central,portal-main,801.3,40,1.002,0.1603,normal,none,1.0,False,0.0,10,50,500,5000,14.36,4.3149999999999995,5310310.1,-6.67,600.0,40.2,81.2,197.1,0.0016,none,0,0,0,500.0,0.01,met,IMPUTED_MISSING
2025-10-10 16:00:00,GOV-EMERG-001,central,api-data,676.4,25,0.845,0.1353,normal,none,1.0,False,0.0,10,50,500,5000,13.6,4.0,5309510.1,-6.67,600.0,27.9,70.0,126.3,0.001,none,0,0,0,500.0,0.01,met,VALID
2025-10-10 18:00:00,GOV-EMERG-001,central,api-data,510.5,18,0.638,0.1021,normal,none,1.0,False,0.0,10,50,500,5000,10.15,5.54,5308710.1,-6.67,600.0,31.2,62.9,133.8,0.00122,none,0,0,0,500.0,0.01,met,VALID
2025-10-10 20:00:00,GOV-EMERG-001,central,portal-main,311.4,13,0.389,0.0623,normal,none,1.0,False,0.0,10,50,500,5000,4.3,4.0,5307910.1,-6.67,600.0,28.5,59.7,165.1,0.00089,none,0,0,0,500.0,0.01,met,VALID
2025-10-10 22:00:00,GOV-EMERG-001,central,portal-main,224.7,9,0.281,0.0449,normal,none,1.0,False,0.0,10,50,500,5000,2.53,4.0,5307110.1,-6.67,600.0,26.1,57.1,116.3,0.00142,none,0,0,0,500.0,0.01,met,VALID
2025-10-11 00:00:00,GOV-EMERG-001,central,portal-main,93.8,3,0.117,0.0188,normal,none,1.0,False,0.0,10,50,500,5000,1.0,4.0,5306310.1,-6.67,600.0,27.5,67.3,120.9,0.00104,none,0,0,0,500.0,0.01,met,VALID
2025-10-11 02:00:00,GOV-EMERG-001,central,status-page,66.3,3,0.083,0.0133,normal,none,1.0,False,0.0,10,50,500,5000,2.1,4.0,5305510.1,-6.67,600.0,30.8,78.2,157.0,0.00097,none,0,0,0,500.0,0.01,met,VALID
2025-10-11 04:00:00,GOV-EMERG-001,central,portal-main,48.7,2,0.061,0.0097,normal,none,1.0,False,0.0,10,50,500,5000,1.0,4.0,5304710.1,-6.67,600.0,27.9,67.0,137.5,0.00148,none,0,0,0,500.0,0.01,met,VALID
2025-10-11 06:00:00,GOV-EMERG-001,central,portal-main,150.5,7,0.188,0.0301,normal,none,1.0,False,0.0,10,50,500,5000,2.18,4.0,5303910.1,-6.67,600.0,26.4,64.4,126.1,0.00031,none,0,0,0,500.0,0.01,met,VALID
2025-10-11 08:00:00,GOV-EMERG-001,central,portal-main,492.3,32,0.615,0.0985,normal,none,1.0,False,0.0,10,50,500,5000,9.37,5.51,5303110.1,-6.67,600.0,29.8,64.8,153.7,0.00089,none,0,0,0,500.0,0.01,met,VALID
2025-10-11 10:00:00,GOV-EMERG-001,central,portal-main,609.4,29,0.762,0.1219,normal,none,1.0,False,0.0,10,50,500,5000,7.99,7.06,5302310.1,-6.67,600.0,36.1,93.4,185.7,0.00075,none,0,0,0,500.0,0.01,met,VALID
2025-10-11 12:00:00,GOV-EMERG-001,central,api-data,609.0,30,0.761,0.1218,normal,none,1.0,False,0.0,10,50,500,5000,8.93,8.96,5301510.1,-6.67,600.0,26.8,60.2,110.9,0.00115,none,0,0,0,500.0,0.01,met,VALID
2025-10-11 14:00:00,GOV-EMERG-001,central,portal-main,643.8,35,0.805,0.1288,normal,none,1.0,False,0.0,10,50,500,5000,8.2,6.19,5300710.1,-6.67,600.0,21.3,54.2,102.8,0.00113,none,0,0,0,500.0,0.01,met,VALID
2025-10-11 16:00:00,GOV-EMERG-001,central,api-data,532.6,26,0.666,0.1065,normal,none,1.0,False,0.0,10,50,500,5000,8.74,8.38,5299910.1,-6.67,600.0,23.6,58.2,128.4,0.001,none,0,0,0,500.0,0.01,met,VALID
2025-10-11 18:00:00,GOV-EMERG-001,central,portal-main,415.1,22,0.519,0.083,normal,none,1.0,False,0.0,10,50,500,5000,7.78,7.98,5299110.1,-6.67,600.0,23.2,51.5,110.4,0.00071,none,0,0,0,500.0,0.01,met,VALID
2025-10-11 20:00:00,GOV-EMERG-001,central,portal-main,269.3,14,0.337,0.0539,normal,none,1.0,False,0.0,10,50,500,5000,1.0,4.0,5298310.1,-6.67,600.0,22.9,50.5,137.3,0.00099,none,0,0,0,500.0,0.01,met,VALID
2025-10-11 22:00:00,GOV-EMERG-001,central,portal-main,179.1,9,0.224,0.0358,normal,none,1.0,False,0.0,10,50,500,5000,1.0,4.0,5297510.1,-6.67,600.0,22.5,54.3,100.8,0.00113,none,0,0,0,500.0,0.01,met,VALID
2025-10-12 00:00:00,GOV-EMERG-001,central,api-data,85.1,6,0.106,0.017,normal,none,1.0,False,0.0,10,50,500,5000,1.6,4.95,5296710.1,-6.67,600.0,25.3,65.0,126.5,0.00093,none,0,0,0,500.0,0.01,met,VALID
2025-10-12 02:00:00,GOV-EMERG-001,central,portal-main,58.8,3,0.074,0.0118,normal,none,1.0,False,0.0,10,50,500,5000,1.0,4.37,5295910.1,-6.67,600.0,26.3,63.2,140.6,0.00144,none,0,0,0,500.0,0.01,met,VALID
2025-10-12 04:00:00,GOV-EMERG-001,central,portal-main,50.2,2,0.063,0.01,normal,none,1.0,False,0.0,10,50,500,5000,1.37,4.0,5295110.1,-6.67,600.0,26.2,65.9,133.5,0.00124,none,0,0,0,500.0,0.01,met,VALID
2025-10-12 06:00:00,GOV-EMERG-001,central,api-data,151.9,8,0.19,0.0304,normal,none,1.0,False,0.0,10,50,500,5000,8.47,4.92,5294310.1,-6.67,600.0,22.9,59.0,93.2,0.00101,none,0,0,0,500.0,0.01,met,VALID
2025-10-12 08:00:00,GOV-EMERG-001,central,portal-main,388.9,17,0.486,0.0778,normal,none,1.0,False,0.0,10,50,500,5000,8.18,7.61,5293510.1,-6.67,600.0,31.1,68.3,156.3,6e-05,none,0,0,0,500.0,0.01,met,IMPUTED_MISSING
2025-10-12 10:00:00,GOV-EMERG-001,central,portal-main,625.5,34,0.782,0.1251,normal,none,1.0,False,0.0,10,50,500,5000,2.89,4.0,5292710.1,-6.67,600.0,30.7,71.3,182.2,0.00091,none,0,0,0,500.0,0.01,met,VALID
2025-10-12 12:00:00,GOV-EMERG-001,central,portal-main,539.8,21,0.675,0.108,normal,none,1.0,False,0.0,10,50,500,5000,8.5,8.06,5291910.1,-6.67,600.0,34.4,81.3,165.3,0.00125,none,0,0,0,500.0,0.01,met,VALID
2025-10-12 14:00:00,GOV-EMERG-001,central,api-data,583.7,24,0.73,0.1167,normal,none,1.0,False,0.0,10,50,500,5000,8.31,5.07,5291110.1,-6.67,600.0,31.7,67.5,134.1,0.00089,none,0,0,0,500.0,0.01,met,VALID
2025-10-12 16:00:00,GOV-EMERG-001,central,portal-main,529.0,28,0.661,0.1058,normal,none,1.0,False,0.0,10,50,500,5000,9.93,7.58,5290310.1,-6.67,600.0,26.6,65.8,107.4,0.00112,none,0,0,0,500.0,0.01,met,VALID
2025-10-12 18:00:00,GOV-EMERG-001,central,portal-main,386.7,23,0.483,0.0773,normal,none,1.0,False,0.0,10,50,500,5000,8.45,4.0,5289510.1,-6.67,600.0,32.3,69.7,155.9,0.00091,none,0,0,0,500.0,0.01,met,VALID
2025-10-12 20:00:00,GOV-EMERG-001,central,portal-main,254.3,14,0.318,0.0509,normal,none,1.0,False,0.0,10,50,500,5000,3.82,4.07,5288710.1,-6.67,600.0,27.4,66.5,119.9,0.00109,none,0,0,0,500.0,0.01,met,VALID
2025-10-12 22:00:00,GOV-EMERG-001,central,portal-main,183.5,10,0.229,0.0367,normal,none,1.0,False,0.0,10,50,500,5000,3.28,4.0,5287910.1,-6.67,600.0,29.1,67.4,165.2,0.00156,none,0,0,0,500.0,0.01,met,VALID
2025-10-13 00:00:00,GOV-EMERG-001,central,portal-main,119.9,6,0.15,0.024,normal,none,1.0,False,0.0,10,50,500,5000,1.0,4.0,5287110.1,-6.67,600.0,28.5,71.3,168.3,0.00131,none,0,0,0,500.0,0.01,met,VALID
2025-10-13 02:00:00,GOV-EMERG-001,central,portal-main,79.7,4,0.1,0.0159,normal,none,1.0,False,0.0,10,50,500,5000,5.83,4.0,5286310.1,-6.67,600.0,24.9,57.5,146.5,0.00048,none,0,0,0,500.0,0.01,met,VALID
2025-10-13 04:00:00,GOV-EMERG-001,central,portal-main,62.7,3,0.078,0.0125,normal,none,1.0,False,0.0,10,50,500,5000,1.53,4.0,5285510.1,-6.67,600.0,25.7,60.5,122.2,0.00034,none,0,0,0,500.0,0.01,met,VALID
2025-10-13 06:00:00,GOV-EMERG-001,central,portal-main,211.8,12,0.265,0.0424,normal,none,1.0,False,0.0,10,50,500,5000,3.06,7.32,5284710.1,-6.67,600.0,25.6,53.9,125.6,0.00118,none,0,0,0,500.0,0.01,met,VALID
2025-10-13 08:00:00,GOV-EMERG-001,central,api-data,545.3,32,0.682,0.1091,normal,none,1.0,False,0.0,10,50,500,5000,7.9,4.0,5283910.1,-6.67,600.0,24.6,61.3,114.1,0.00147,none,0,0,0,500.0,0.01,met,VALID
2025-10-13 10:00:00,GOV-EMERG-001,central,portal-main,738.2,37,0.923,0.1476,normal,none,1.0,False,0.0,10,50,500,5000,9.015,5.48,5283110.1,-6.67,600.0,20.8,46.5,88.4,0.00034,none,0,0,0,500.0,0.01,met,IMPUTED_MISSING
2025-10-13 12:00:00,GOV-EMERG-001,central,portal-main,695.6,34,0.87,0.1391,normal,none,1.0,False,0.0,10,50,500,5000,10.13,6.15,5282310.1,-6.67,600.0,26.3,61.7,134.4,0.00092,none,0,0,0,500.0,0.01,met,VALID
2025-10-13 14:00:00,GOV-EMERG-001,central,status-page,853.1,54,1.066,0.1706,normal,none,1.0,False,0.0,10,50,500,5000,15.16,7.98,5281510.1,-6.67,600.0,30.9,77.6,135.3,0.00195,none,0,0,0,500.0,0.01,met,VALID
2025-10-13 16:00:00,GOV-EMERG-001,central,api-data,708.3,35,0.885,0.1417,normal,none,1.0,False,0.0,10,50,500,5000,10.9,4.67,5280710.1,-6.67,600.0,33.5,76.6,137.9,0.00089,none,0,0,0,500.0,0.01,met,VALID
2025-10-13 18:00:00,GOV-EMERG-001,central,api-data,513.4,26,0.642,0.1027,normal,none,1.0,False,0.0,10,50,500,5000,15.15,11.71,5279910.1,-6.67,600.0,29.75,67.2,176.9,0.00201,none,0,0,0,500.0,0.01,met,IMPUTED_MISSING
2025-10-13 20:00:00,GOV-EMERG-001,central,portal-main,384.7,21,0.481,0.0769,normal,none,1.0,False,0.0,10,50,500,5000,3.71,4.0,5279110.1,-6.67,600.0,26.0,56.1,145.3,0.00067,none,0,0,0,500.0,0.01,met,VALID
2025-10-13 22:00:00,GOV-EMERG-001,central,portal-main,232.4,11,0.29,0.0465,normal,none,1.0,False,0.0,10,50,500,5000,1.0,4.0,5278310.1,-6.67,600.0,23.5,55.0,137.5,0.00074,none,0,0,0,500.0,0.01,met,VALID
2025-10-14 00:00:00,GOV-EMERG-001,central,portal-main,118.4,5,0.148,0.0237,normal,none,1.0,False,0.0,10,50,500,5000,1.61,4.28,5277510.1,-6.67,600.0,24.9,54.1,115.8,0.00072,none,0,0,0,500.0,0.01,met,VALID
2025-10-14 02:00:00,GOV-EMERG-001,central,portal-main,79.3,4,0.099,0.0159,normal,none,1.0,False,0.0,10,50,500,5000,1.0,4.0,5276710.1,-6.67,600.0,21.5,47.4,123.5,0.00049,none,0,0,0,500.0,0.01,met,VALID
2025-10-14 04:00:00,GOV-EMERG-001,central,portal-main,65.1,3,0.081,0.013,normal,none,1.0,False,0.0,10,50,500,5000,2.34,4.0,5275910.1,-6.67,600.0,16.9,36.1,80.9,0.00032,none,0,0,0,500.0,0.01,met,VALID
2025-10-14 06:00:00,GOV-EMERG-001,central,portal-main,191.7,13,0.24,0.0383,normal,none,1.0,False,0.0,10,50,500,5000,1.0,4.0,5275110.1,-6.67,600.0,19.8,44.9,82.1,0.00091,none,0,0,0,500.0,0.01,met,VALID
2025-10-14 08:00:00,GOV-EMERG-001,central,portal-main,560.1,32,0.7,0.112,normal,none,1.0,False,0.0,10,50,500,5000,11.04,9.32,5274310.1,-6.67,600.0,33.7,76.7,165.4,0.00106,none,0,0,0,500.0,0.01,met,VALID
2025-10-14 10:00:00,GOV-EMERG-001,central,portal-main,812.3,37,1.015,0.1625,normal,none,1.0,False,0.0,10,50,500,5000,12.86,8.98,5273510.1,-6.67,600.0,37.3,86.3,190.4,0.00071,none,0,0,0,500.0,0.01,met,VALID
2025-10-14 12:00:00,GOV-EMERG-001,central,portal-main,659.3,37,0.824,0.1319,normal,none,1.0,False,0.0,10,50,500,5000,3.38,4.0,5272710.1,-6.67,600.0,31.8,74.9,154.8,0.00081,none,0,0,0,500.0,0.01,met,VALID
2025-10-14 14:00:00,GOV-EMERG-001,central,portal-main,792.4,42,0.99,0.1585,normal,none,1.0,False,0.0,10,50,500,5000,12.31,4.0,5271910.1,-6.67,600.0,29.5,69.4,164.2,0.00158,none,0,0,0,500.0,0.01,met,VALID
2025-10-14 16:00:00,GOV-EMERG-001,central,api-data,669.7,41,0.837,0.1339,normal,none,1.0,False,0.0,10,50,500,5000,11.17,7.83,5271110.1,-6.67,600.0,23.3,51.7,109.6,0.00139,none,0,0,0,500.0,0.01,met,VALID
2025-10-14 18:00:00,GOV-EMERG-001,central,api-data,546.7,25,0.683,0.1093,normal,none,1.0,False,0.0,10,50,500,5000,7.47,4.0,5270310.1,-6.67,600.0,27.4,69.7,160.2,0.0009,none,0,0,0,500.0,0.01,met,VALID
2025-10-14 20:00:00,GOV-EMERG-001,central,portal-main,326.8,17,0.409,0.0654,normal,none,1.0,False,0.0,10,50,500,5000,3.8,4.0,5269510.1,-6.67,600.0,29.2,67.4,121.1,0.00117,none,0,0,0,500.0,0.01,met,VALID
2025-10-14 22:00:00,GOV-EMERG-001,central,portal-main,219.7,11,0.275,0.0439,normal,none,1.0,False,0.0,10,50,500,5000,2.79,4.0,5268710.1,-6.67,600.0,29.5,73.6,160.3,0.00035,none,0,0,0,500.0,0.01,met,VALID
2025-10-15 00:00:00,GOV-EMERG-001,central,portal-main,117.1,6,0.146,0.0234,normal,none,1.0,False,0.0,10,50,500,5000,2.385,4.0,5267910.1,-6.67,600.0,28.4,66.2,166.1,0.00111,none,0,0,0,500.0,0.01,met,IMPUTED_MISSING
2025-10-15 02:00:00,GOV-EMERG-001,central,portal-main,83.8,4,0.105,0.0168,normal,none,1.0,False,0.0,10,50,500,5000,1.98,4.62,5267110.1,-6.67,600.0,30.3,67.3,154.5,0.00098,none,0,0,0,500.0,0.01,met,VALID
2025-10-15 04:00:00,GOV-EMERG-001,central,api-data,63.9,3,0.08,0.0128,normal,none,1.0,False,0.0,10,50,500,5000,1.35,4.0,5266310.1,-6.67,600.0,27.4,80.9,190.5,0.00085,none,0,0,0,500.0,0.01,met,IMPUTED_MISSING
2025-10-15 06:00:00,GOV-EMERG-001,central,portal-main,218.0,12,0.272,0.0436,normal,none,1.0,False,0.0,10,50,500,5000,1.0,4.0,5265510.1,-6.67,600.0,24.5,51.6,132.0,0.00101,none,0,0,0,500.0,0.01,met,VALID
2025-10-15 08:00:00,GOV-EMERG-001,central,portal-main,578.5,35,0.723,0.1157,normal,none,1.0,False,0.0,10,50,500,5000,10.78,8.71,5264710.1,-6.67,600.0,39.5,102.0,159.1,0.00095,none,0,0,0,500.0,0.01,met,VALID
2025-10-15 10:00:00,GOV-EMERG-001,central,portal-main,783.6,39,0.98,0.1567,normal,none,1.0,False,0.0,10,50,500,5000,10.22,9.91,5263910.1,-6.67,600.0,21.6,50.5,115.2,0.00047,none,0,0,0,500.0,0.01,met,VALID
2025-10-15 12:00:00,GOV-EMERG-001,central,portal-main,728.6,34,0.911,0.1457,normal,none,1.0,False,0.0,10,50,500,5000,8.67,11.76,5263110.1,-6.67,600.0,26.2,53.9,138.9,0.00167,none,0,0,0,500.0,0.01,met,VALID
2025-10-15 14:00:00,GOV-EMERG-001,central,portal-main,785.8,44,0.982,0.1572,normal,none,1.0,False,0.0,10,50,500,5000,18.22,11.66,5262310.1,-6.67,600.0,30.5,68.6,121.9,0.00138,none,0,0,0,500.0,0.01,met,VALID
2025-10-15 16:00:00,GOV-EMERG-001,central,portal-main,709.2,31,0.887,0.1418,normal,none,1.0,False,0.0,10,50,500,5000,12.52,5.71,5261510.1,-6.67,600.0,31.3,76.0,150.9,0.00084,none,0,0,0,500.0,0.01,met,VALID
2025-10-15 18:00:00,GOV-EMERG-001,central,status-page,485.4,29,0.607,0.0971,normal,none,1.0,False,0.0,10,50,500,5000,5.21,4.0,5260710.1,-6.67,600.0,27.0,55.0,109.9,0.0003,none,0,0,0,500.0,0.01,met,VALID
2025-10-15 20:00:00,GOV-EMERG-001,central,portal-main,345.2,20,0.432,0.069,normal,none,1.0,False,0.0,10,50,500,5000,8.76,6.61,5259910.1,-6.67,600.0,24.9,53.6,114.1,2e-05,none,0,0,0,500.0,0.01,met,VALID
2025-10-15 22:00:00,GOV-EMERG-001,central,portal-main,229.1,14,0.286,0.0458,normal,none,1.0,False,0.0,10,50,500,5000,6.21,4.94,5259110.1,-6.67,600.0,35.0,89.4,209.1,0.0018,none,0,0,0,500.0,0.01,met,VALID
2025-10-16 00:00:00,GOV-EMERG-001,central,portal-main,127.4,7,0.159,0.0255,normal,none,1.0,False,0.0,10,50,500,5000,3.05,4.85,5258310.1,-6.67,600.0,28.15,52.0,138.1,0.00093,none,0,0,0,500.0,0.01,met,IMPUTED_MISSING
2025-10-16 02:00:00,GOV-EMERG-001,central,portal-main,71.2,3,0.089,0.0142,normal,none,1.0,False,0.0,10,50,500,5000,4.33,8.32,5257510.1,-6.67,600.0,21.3,44.6,114.3,0.00131,none,0,0,0,500.0,0.01,met,VALID
2025-10-16 04:00:00,GOV-EMERG-001,central,portal-main,68.4,3,0.086,0.0137,normal,none,1.0,False,0.0,10,50,500,5000,1.0,4.0,5256710.1,-6.67,600.0,32.1,66.1,152.0,0.00062,none,0,0,0,500.0,0.01,met,VALID
2025-10-16 06:00:00,GOV-EMERG-001,central,portal-main,198.6,11,0.248,0.0397,normal,none,1.0,False,0.0,10,50,500,5000,3.11,4.0,5255910.1,-6.67,600.0,29.4,69.8,141.1,0.00088,none,0,0,0,500.0,0.01,met,VALID
2025-10-16 08:00:00,GOV-EMERG-001,central,api-data,507.3,23,0.634,0.1015,normal,none,1.0,False,0.0,10,50,500,5000,9.63,4.0,5255110.1,-6.67,600.0,32.2,75.2,131.3,0.0009,none,0,0,0,500.0,0.01,met,VALID
2025-10-16 10:00:00,GOV-EMERG-001,central,portal-main,680.0,42,0.85,0.136,normal,none,1.0,False,0.0,10,50,500,5000,8.56,4.0,5254310.1,-6.67,600.0,29.7,71.0,139.0,0.0011,none,0,0,0,500.0,0.01,met,VALID
2025-10-16 12:00:00,GOV-EMERG-001,central,portal-main,664.9,36,0.831,0.133,normal,none,1.0,False,0.0,10,50,500,5000,12.12,10.35,5253510.1,-6.67,600.0,23.3,60.1,129.9,0.00104,none,0,0,0,500.0,0.01,met,VALID
2025-10-16 14:00:00,GOV-EMERG-001,central,portal-main,799.2,34,0.999,0.1598,normal,none,1.0,False,0.0,10,50,500,5000,12.81,8.0,5252710.1,-6.67,600.0,30.1,61.3,151.6,0.00063,none,0,0,0,500.0,0.01,met,VALID
2025-10-16 16:00:00,GOV-EMERG-001,central,portal-main,677.8,45,0.847,0.1356,normal,none,1.0,False,0.0,10,50,500,5000,14.6,15.55,5251910.1,-6.67,600.0,22.9,48.4,113.3,0.00063,none,0,0,0,500.0,0.01,met,VALID
2025-10-16 18:00:00,GOV-EMERG-001,central,portal-main,536.5,27,0.671,0.1073,normal,none,1.0,False,0.0,10,50,500,5000,11.2,10.22,5251110.1,-6.67,600.0,29.0,62.0,121.2,0.00097,none,0,0,0,500.0,0.01,met,VALID
2025-10-16 20:00:00,GOV-EMERG-001,central,api-data,350.1,14,0.438,0.07,normal,none,1.0,False,0.0,10,50,500,5000,4.94,4.0,5250310.1,-6.67,600.0,29.5,66.5,172.2,0.0003,none,0,0,0,500.0,0.01,met,VALID
2025-10-16 22:00:00,GOV-EMERG-001,central,portal-main,211.6,9,0.264,0.0423,normal,none,1.0,False,0.0,10,50,500,5000,5.89,4.11,5249510.1,-6.67,600.0,30.4,63.0,138.8,0.0006199999999999999,none,0,0,0,500.0,0.01,met,IMPUTED_MISSING
2025-10-17 00:00:00,GOV-EMERG-001,central,portal-main,111.6,7,0.139,0.0223,normal,none,1.0,False,0.0,10,50,500,5000,3.53,4.0,5248710.1,-6.67,600.0,25.2,56.6,120.1,0.00094,none,0,0,0,500.0,0.01,met,VALID
2025-10-17 02:00:00,GOV-EMERG-001,central,api-data,76.1,5,0.095,0.0152,normal,none,1.0,False,0.0,10,50,500,5000,3.13,4.0,5247910.1,-6.67,600.0,28.4,70.7,132.3,0.00116,none,0,0,0,500.0,0.01,met,VALID
2025-10-17 04:00:00,GOV-EMERG-001,central,portal-main,61.5,4,0.077,0.0123,normal,none,1.0,False,0.0,10,50,500,5000,1.0,4.0,5247110.1,-6.67,600.0,21.7,45.5,101.0,0.0016,none,0,0,0,500.0,0.01,met,IMPUTED_MISSING
2025-10-17 06:00:00,GOV-EMERG-001,central,portal-main,182.5,18,0.228,0.0365,normal,none,1.0,False,0.0,10,50,500,5000,1.66,4.0,5246310.1,-6.67,600.0,29.8,76.0,155.0,0.00081,none,0,0,0,500.0,0.01,met,IMPUTED_MISSING
2025-10-17 08:00:00,GOV-EMERG-001,central,portal-main,556.0,33,0.695,0.1112,normal,none,1.0,False,0.0,10,50,500,5000,10.67,6.69,5245510.1,-6.67,600.0,30.8,78.5,162.0,0.00053,none,0,0,0,500.0,0.01,met,IMPUTED_MISSING
2025-10-17 10:00:00,GOV-EMERG-001,central,api-data,736.4,40,0.92,0.1473,normal,none,1.0,False,0.0,10,50,500,5000,12.39,4.9,5244710.1,-6.67,600.0,26.1,60.3,135.7,0.00025,none,0,0,0,500.0,0.01,met,VALID
2025-10-17 12:00:00,GOV-EMERG-001,central,portal-main,654.3,35,0.818,0.1309,normal,none,1.0,False,0.0,10,50,500,5000,9.82,6.98,5243910.1,-6.67,600.0,30.9,77.7,127.8,0.00113,none,0,0,0,500.0,0.01,met,VALID
2025-10-17 14:00:00,GOV-EMERG-001,central,api-data,739.4,40,0.924,0.1479,normal,none,1.0,False,0.0,10,50,500,5000,10.74,6.02,5243110.1,-6.67,600.0,33.7,81.8,200.1,0.00064,none,0,0,0,500.0,0.01,met,VALID
2025-10-17 16:00:00,GOV-EMERG-001,central,api-data,680.7,38,0.851,0.1361,normal,none,1.0,False,0.0,10,50,500,5000,11.91,4.0,5242310.1,-6.67,600.0,29.05,64.8,158.8,0.00088,none,0,0,0,500.0,0.01,met,IMPUTED_MISSING
2025-10-17 18:00:00,GOV-EMERG-001,central,api-data,490.7,22,0.613,0.0981,normal,none,1.0,False,0.0,10,50,500,5000,9.61,8.19,5241510.1,-6.67,600.0,24.4,57.1,140.8,0.00119,none,0,0,0,500.0,0.01,met,VALID
2025-10-17 20:00:00,GOV-EMERG-001,central,status-page,330.1,19,0.413,0.066,normal,none,1.0,False,0.0,10,50,500,5000,8.38,7.52,5240710.1,-6.67,600.0,27.5,56.9,118.7,0.00121,none,0,0,0,500.0,0.01,met,VALID
2025-10-17 22:00:00,GOV-EMERG-001,central,api-data,222.7,14,0.278,0.0445,normal,none,1.0,False,0.0,10,50,500,5000,1.0,4.0,5239910.1,-6.67,600.0,28.4,65.2,166.4,0.00042,none,0,0,0,500.0,0.01,met,VALID
2025-10-18 00:00:00,GOV-EMERG-001,central,api-data,106.3,5,0.133,0.0213,normal,none,1.0,False,0.0,10,50,500,5000,1.86,4.0,5239110.1,-6.67,600.0,24.85,55.5,121.0,0.00132,none,0,0,0,500.0,0.01,met,IMPUTED_MISSING
2025-10-18 02:00:00,GOV-EMERG-001,central,api-data,64.7,3,0.081,0.0129,normal,none,1.0,False,0.0,10,50,500,5000,5.03,4.0,5238310.1,-6.67,600.0,21.3,50.1,106.5,0.00098,none,0,0,0,500.0,0.01,met,VALID
2025-10-18 04:00:00,GOV-EMERG-001,central,api-data,54.4,3,0.068,0.0109,normal,none,1.0,False,0.0,10,50,500,5000,3.03,5.75,5237510.1,-6.67,600.0,27.4,61.0,110.7,0.00151,none,0,0,0,500.0,0.01,met,VALID
2025-10-18 06:00:00,GOV-EMERG-001,central,api-data,168.3,8,0.21,0.0337,normal,none,1.0,False,0.0,10,50,500,5000,1.69,4.0,5236710.1,-6.67,600.0,29.2,69.9,131.4,0.00158,none,0,0,0,500.0,0.01,met,VALID
2025-10-18 08:00:00,GOV-EMERG-001,central,status-page,434.4,17,0.543,0.0869,normal,none,1.0,False,0.0,10,50,500,5000,7.44,6.5,5235910.1,-6.67,600.0,36.0,93.0,204.3,0.00164,none,0,0,0,500.0,0.01,met,VALID
2025-10-18 10:00:00,GOV-EMERG-001,central,portal-main,640.9,38,0.801,0.1282,normal,none,1.0,False,0.0,10,50,500,5000,8.92,7.55,5235110.1,-6.67,600.0,31.3,63.9,149.1,0.00043,none,0,0,0,500.0,0.01,met,VALID
2025-10-18 12:00:00,GOV-EMERG-001,central,portal-main,539.1,25,0.674,0.1078,normal,none,1.0,False,0.0,10,50,500,5000,12.33,14.17,5234310.1,-6.67,600.0,23.2,51.0,124.2,0.00116,none,0,0,0,500.0,0.01,met,VALID
2025-10-18 14:00:00,GOV-EMERG-001,central,portal-main,633.4,32,0.792,0.1267,normal,none,1.0,False,0.0,10,50,500,5000,11.78,9.405,5233510.1,-6.67,600.0,36.8,77.0,200.9,0.00037,none,0,0,0,500.0,0.01,met,IMPUTED_MISSING
2025-10-18 16:00:00,GOV-EMERG-001,central,api-data,527.0,24,0.659,0.1054,normal,none,1.0,False,0.0,10,50,500,5000,12.36,4.64,5232710.1,-6.67,600.0,32.2,82.8,178.6,0.00152,none,0,0,0,500.0,0.01,met,VALID
2025-10-18 18:00:00,GOV-EMERG-001,central,portal-main,407.6,25,0.51,0.0815,normal,none,1.0,False,0.0,10,50,500,5000,8.69,5.04,5231910.1,-6.67,600.0,19.2,44.7,91.5,0.0014550000000000001,none,0,0,0,500.0,0.01,met,IMPUTED_MISSING
2025-10-18 20:00:00,GOV-EMERG-001,central,api-data,277.2,16,0.346,0.0554,normal,none,1.0,False,0.0,10,50,500,5000,1.0,4.0,5231110.1,-6.67,600.0,22.3,46.4,130.0,0.00139,none,0,0,0,500.0,0.01,met,VALID
2025-10-18 22:00:00,GOV-EMERG-001,central,api-data,176.6,8,0.221,0.0353,normal,none,1.0,False,0.0,10,50,500,5000,1.0,4.0,5230310.1,-6.67,600.0,23.9,56.349999999999994,109.8,0.00083,none,0,0,0,500.0,0.01,met,IMPUTED_MISSING
2025-10-19 00:00:00,GOV-EMERG-001,central,status-page,92.4,4,0.116,0.0185,normal,none,1.0,False,0.0,10,50,500,5000,1.0,4.0,5229510.1,-6.67,600.0,28.8,66.3,163.5,0.00122,none,0,0,0,500.0,0.01,met,VALID
2025-10-19 02:00:00,GOV-EMERG-001,central,portal-main,59.6,3,0.074,0.0119,normal,none,1.0,False,0.0,10,50,500,5000,1.73,4.0,5228710.1,-6.67,600.0,15.8,32.1,76.5,0.00078,none,0,0,0,500.0,0.01,met,VALID
2025-10-19 04:00:00,GOV-EMERG-001,central,api-data,43.5,2,0.054,0.0087,normal,none,1.0,False,0.0,10,50,500,5000,1.0,4.0,5227910.1,-6.67,600.0,24.7,62.3,110.6,0.00101,none,0,0,0,500.0,0.01,met,VALID
2025-10-19 06:00:00,GOV-EMERG-001,central,api-data,144.4,7,0.18,0.0289,normal,none,1.0,False,0.0,10,50,500,5000,2.78,4.0,5227110.1,-6.67,600.0,28.9,70.0,135.3,0.00096,none,0,0,0,500.0,0.01,met,VALID
2025-10-19 08:00:00,GOV-EMERG-001,central,status-page,388.1,20,0.485,0.0776,normal,none,1.0,False,0.0,10,50,500,5000,7.17,4.0,5226310.1,-6.67,600.0,15.8,31.6,88.3,0.0002,none,0,0,0,500.0,0.01,met,VALID
2025-10-19 10:00:00,GOV-EMERG-001,central,status-page,607.3,31,0.759,0.1215,normal,none,1.0,False,0.0,10,50,500,5000,8.37,4.61,5225510.1,-6.67,600.0,31.4,81.0,164.4,0.00068,none,0,0,0,500.0,0.01,met,VALID
2025-10-19 12:00:00,GOV-EMERG-001,central,portal-main,553.6,31,0.692,0.1107,normal,none,1.0,False,0.0,10,50,500,5000,14.23,10.97,5224710.1,-6.67,600.0,31.6,66.2,135.0,0.00191,none,0,0,0,500.0,0.01,met,VALID
2025-10-19 14:00:00,GOV-EMERG-001,central,portal-main,607.7,30,0.76,0.1215,normal,none,1.0,False,0.0,10,50,500,5000,11.13,4.41,5223910.1,-6.67,600.0,25.1,50.1,106.5,0.00097,none,0,0,0,500.0,0.01,met,VALID
2025-10-19 16:00:00,GOV-EMERG-001,central,portal-main,489.9,26,0.612,0.098,normal,none,1.0,False,0.0,10,50,500,5000,11.38,14.56,5223110.1,-6.67,600.0,23.1,52.1,124.2,0.00106,none,0,0,0,500.0,0.01,met,VALID
2025-10-19 18:00:00,GOV-EMERG-001,central,status-page,394.8,16,0.494,0.079,normal,none,1.0,False,0.0,10,50,500,5000,7.38,4.59,5222310.1,-6.67,600.0,23.7,49.4,106.1,0.001,none,0,0,0,500.0,0.01,met,VALID
2025-10-19 20:00:00,GOV-EMERG-001,central,portal-main,263.7,19,0.33,0.0527,normal,none,1.0,False,0.0,10,50,500,5000,7.66,4.58,5221510.1,-6.67,600.0,15.7,36.8,69.4,0.00084,none,0,0,0,500.0,0.01,met,VALID
2025-10-19 22:00:00,GOV-EMERG-001,central,api-data,158.4,8,0.198,0.0317,normal,none,1.0,False,0.0,10,50,500,5000,4.4,4.0,5220710.1,-6.67,600.0,24.5,53.6,134.8,0.00101,none,0,0,0,500.0,0.01,met,VALID
2025-10-20 00:00:00,GOV-EMERG-001,central,api-data,124.5,6,0.156,0.0249,normal,none,1.0,False,0.0,10,50,500,5000,1.0,4.0,5219910.1,-6.67,600.0,26.5,56.0,123.2,0.00084,none,0,0,0,500.0,0.01,met,VALID
2025-10-20 02:00:00,GOV-EMERG-001,central,portal-main,83.3,5,0.104,0.0167,normal,none,1.0,False,0.0,10,50,500,5000,1.79,4.0,5219110.1,-6.67,600.0,20.5,53.2,85.0,9e-05,none,0,0,0,500.0,0.01,met,VALID
2025-10-20 04:00:00,GOV-EMERG-001,central,portal-main,67.0,3,0.084,0.0134,normal,none,1.0,False,0.0,10,50,500,5000,1.0,4.0,5218310.1,-6.67,600.0,29.2,64.3,141.7,0.00131,none,0,0,0,500.0,0.01,met,VALID
2025-10-20 06:00:00,GOV-EMERG-001,central,portal-main,193.9,10,0.242,0.0388,normal,none,1.0,False,0.0,10,50,500,5000,1.23,4.0,5217510.1,-6.67,600.0,29.299999999999997,59.4,135.8,0.00165,none,0,0,0,500.0,0.01,met,IMPUTED_MISSING
2025-10-20 08:00:00,GOV-EMERG-001,central,api-data,593.0,30,0.741,0.1186,normal,none,1.0,False,0.0,10,50,500,5000,7.54,4.79,5216710.1,-6.67,600.0,29.4,64.0,153.0,0.00053,none,0,0,0,500.0,0.01,met,VALID
2025-10-20 10:00:00,GOV-EMERG-001,central,portal-main,780.3,33,0.975,0.1561,normal,none,1.0,False,0.0,10,50,500,5000,12.17,4.0,5215910.1,-6.67,600.0,28.0,70.1,115.3,0.00083,none,0,0,0,500.0,0.01,met,VALID
2025-10-20 12:00:00,GOV-EMERG-001,central,portal-main,743.5,40,0.929,0.1487,normal,none,1.0,False,0.0,10,50,500,5000,10.13,4.0,5215110.1,-6.67,600.0,32.3,68.5,158.7,0.0016,none,0,0,0,500.0,0.01,met,VALID
2025-10-20 14:00:00,GOV-EMERG-001,central,api-data,707.95,28,0.885,0.1416,normal,none,1.0,False,0.0,10,50,500,5000,14.57,4.38,5214310.1,-6.67,600.0,34.8,72.2,164.1,0.00069,none,0,0,0,500.0,0.01,met,IMPUTED_MISSING
2025-10-20 16:00:00,GOV-EMERG-001,central,portal-main,672.4,43,0.84,0.1345,normal,none,1.0,False,0.0,10,50,500,5000,9.63,4.2,5213510.1,-6.67,600.0,27.3,68.9,133.5,0.00116,none,0,0,0,500.0,0.01,met,VALID
2025-10-20 18:00:00,GOV-EMERG-001,central,api-data,457.0,26,0.571,0.0914,normal,none,1.0,False,0.0,10,50,500,5000,8.5,12.52,5212710.1,-6.67,600.0,30.6,64.5,124.8,0.00273,none,0,0,0,500.0,0.01,met,VALID
2025-10-20 20:00:00,GOV-EMERG-001,central,portal-main,354.6,20,0.443,0.0709,normal,none,1.0,False,0.0,10,50,500,5000,8.69,4.79,5211910.1,-6.67,600.0,30.0,75.4,137.7,0.00125,none,0,0,0,500.0,0.01,met,VALID
2025-10-20 22:00:00,GOV-EMERG-001,central,portal-main,225.0,8,0.281,0.045,normal,none,1.0,False,0.0,10,50,500,5000,3.02,4.0,5211110.1,-6.67,600.0,27.8,65.4,147.2,0.00103,none,0,0,0,500.0,0.01,met,VALID
2025-10-21 00:00:00,GOV-EMERG-001,central,portal-main,117.5,5,0.147,0.0235,normal,none,1.0,False,0.0,10,50,500,5000,1.0,4.0,5210310.1,-6.67,600.0,32.3,80.6,137.4,0.00135,none,0,0,0,500.0,0.01,met,VALID
2025-10-21 02:00:00,GOV-EMERG-001,central,portal-main,87.0,5,0.109,0.0174,normal,none,1.0,False,0.0,10,50,500,5000,2.2199999999999998,4.0,5209510.1,-6.67,600.0,22.5,46.0,133.4,0.00131,none,0,0,0,500.0,0.01,met,IMPUTED_MISSING
2025-10-21 04:00:00,GOV-EMERG-001,central,portal-main,60.3,5,0.075,0.0121,normal,none,1.0,False,0.0,10,50,500,5000,3.44,4.0,5208710.1,-6.67,600.0,23.6,60.9,141.4,0.00074,none,0,0,0,500.0,0.01,met,VALID
2025-10-21 06:00:00,GOV-EMERG-001,central,api-data,194.4,12,0.243,0.0389,normal,none,1.0,False,0.0,10,50,500,5000,3.25,6.31,5207910.1,-6.67,600.0,22.9,49.9,108.1,0.00031,none,0,0,0,500.0,0.01,met,VALID
2025-10-21 08:00:00,GOV-EMERG-001,central,portal-main,534.7,27,0.668,0.1069,normal,none,1.0,False,0.0,10,50,500,5000,12.8,6.22,5207110.1,-6.67,600.0,30.9,62.9,165.6,0.00124,none,0,0,0,500.0,0.01,met,IMPUTED_MISSING
2025-10-21 10:00:00,GOV-EMERG-001,central,portal-main,777.4,42,0.972,0.1555,normal,none,1.0,False,0.0,10,50,500,5000,11.09,7.63,5206310.1,-6.67,600.0,28.5,70.1,150.3,0.0013,none,0,0,0,500.0,0.01,met,VALID
2025-10-21 12:00:00,GOV-EMERG-001,central,portal-main,757.1,33,0.946,0.1514,normal,none,1.0,False,0.0,10,50,500,5000,15.84,11.93,5205510.1,-6.67,600.0,32.65,56.2,115.6,0.00088,none,0,0,0,500.0,0.01,met,IMPUTED_MISSING
2025-10-21 14:00:00,GOV-EMERG-001,central,portal-main,859.1,50,1.074,0.1718,normal,none,1.0,False,0.0,10,50,500,5000,14.52,7.86,5204710.1,-6.67,600.0,36.8,81.4,176.0,0.00166,none,0,0,0,500.0,0.01,met,VALID
2025-10-21 16:00:00,GOV-EMERG-001,central,status-page,656.2,27,0.82,0.1312,normal,none,1.0,False,0.0,10,50,500,5000,10.91,8.82,5203910.1,-6.67,600.0,36.0,84.9,214.7,0.00158,none,0,0,0,500.0,0.01,met,VALID
2025-10-21 18:00:00,GOV-EMERG-001,central,portal-main,501.2,20,0.626,0.1002,normal,none,1.0,False,0.0,10,50,500,5000,10.23,8.12,5203110.1,-6.67,600.0,26.5,54.0,112.6,0.00131,none,0,0,0,500.0,0.01,met,VALID
2025-10-21 20:00:00,GOV-EMERG-001,central,status-page,339.2,13,0.424,0.0678,normal,none,1.0,False,0.0,10,50,500,5000,1.0,4.0,5202310.1,-6.67,600.0,21.3,45.3,110.0,0.00089,none,0,0,0,500.0,0.01,met,VALID
2025-10-21 22:00:00,GOV-EMERG-001,central,portal-main,238.6,14,0.298,0.0477,normal,none,1.0,False,0.0,10,50,500,5000,3.53,4.0,5201510.1,-6.67,600.0,33.7,77.3,175.2,0.00016,none,0,0,0,500.0,0.01,met,VALID
2025-10-22 00:00:00,GOV-EMERG-001,central,portal-main,126.7,6,0.158,0.0253,normal,none,1.0,False,0.0,10,50,500,5000,1.0,4.0,5200710.1,-6.67,600.0,27.5,62.0,119.4,0.00093,none,0,0,0,500.0,0.01,met,VALID
2025-10-22 02:00:00,GOV-EMERG-001,central,portal-main,79.6,4,0.099,0.0159,normal,none,1.0,False,0.0,10,50,500,5000,2.58,4.0,5199910.1,-6.67,600.0,27.1,63.2,137.3,0.00027,none,0,0,0,500.0,0.01,met,VALID
2025-10-22 04:00:00,GOV-EMERG-001,central,portal-main,59.5,3,0.074,0.0119,normal,none,1.0,False,0.0,10,50,500,5000,1.0,4.0,5199110.1,-6.67,600.0,25.7,62.7,150.1,6e-05,none,0,0,0,500.0,0.01,met,VALID
2025-10-22 06:00:00,GOV-EMERG-001,central,api-data,186.9,8,0.234,0.0374,normal,none,1.0,False,0.0,10,50,500,5000,3.27,5.51,5198310.1,-6.67,600.0,22.8,50.4,96.3,0.00126,none,0,0,0,500.0,0.01,met,VALID
2025-10-22 08:00:00,GOV-EMERG-001,central,portal-main,564.8,25,0.706,0.113,normal,none,1.0,False,0.0,10,50,500,5000,9.87,7.82,5197510.1,-6.67,600.0,26.5,59.5,116.2,0.00147,none,0,0,0,500.0,0.01,met,VALID
2025-10-22 10:00:00,GOV-EMERG-001,central,portal-main,822.0,37,1.028,0.1644,normal,none,1.0,False,0.0,10,50,500,5000,18.84,13.05,5196710.1,-6.67,600.0,32.6,70.6,147.2,0.00022,none,0,0,0,500.0,0.01,met,VALID
2025-10-22 12:00:00,GOV-EMERG-001,central,api-data,645.6,25,0.807,0.1291,normal,none,1.0,False,0.0,10,50,500,5000,8.5,7.42,5195910.1,-6.67,600.0,26.9,59.3,148.1,0.0009,none,0,0,0,500.0,0.01,met,VALID
2025-10-22 14:00:00,GOV-EMERG-001,central,portal-main,787.1,36,0.984,0.1574,normal,none,1.0,False,0.0,10,50,500,5000,10.69,10.2,5195110.1,-6.67,600.0,31.4,63.8,161.9,0.00099,none,0,0,0,500.0,0.01,met,VALID
2025-10-22 16:00:00,GOV-EMERG-001,central,status-page,735.0,30,0.919,0.147,normal,none,1.0,False,0.0,10,50,500,5000,12.43,14.34,5194310.1,-6.67,600.0,29.4,68.9,147.0,0.00088,none,0,0,0,500.0,0.01,met,VALID
2025-10-22 18:00:00,GOV-EMERG-001,central,status-page,514.3,28,0.643,0.1029,normal,none,1.0,False,0.0,10,50,500,5000,12.84,12.17,5193510.1,-6.67,600.0,23.6,49.7,132.0,0.00045,none,0,0,0,500.0,0.01,met,VALID
2025-10-22 20:00:00,GOV-EMERG-001,central,api-data,386.8,21,0.484,0.0774,normal,none,1.0,False,0.0,10,50,500,5000,5.68,4.0,5192710.1,-6.67,600.0,33.6,81.6,200.0,0.00153,none,0,0,0,500.0,0.01,met,VALID
2025-10-22 22:00:00,GOV-EMERG-001,central,api-data,231.3,9,0.289,0.0463,normal,none,1.0,False,0.0,10,50,500,5000,1.0,4.0,5191910.1,-6.67,600.0,28.6,57.9,125.6,0.00046,none,0,0,0,500.0,0.01,met,VALID
2025-10-23 00:00:00,GOV-EMERG-001,central,api-data,113.5,5,0.142,0.0227,normal,none,1.0,False,0.0,10,50,500,5000,2.61,4.0,5191110.1,-6.67,600.0,26.9,54.8,151.3,0.00022,none,0,0,0,500.0,0.01,met,VALID
2025-10-23 02:00:00,GOV-EMERG-001,central,portal-main,78.8,5,0.098,0.0158,normal,none,1.0,False,0.0,10,50,500,5000,1.07,4.0,5190310.1,-6.67,600.0,27.6,60.0,130.9,0.00045,none,0,0,0,500.0,0.01,met,VALID
2025-10-23 04:00:00,GOV-EMERG-001,central,api-data,63.6,3,0.08,0.0127,normal,none,1.0,False,0.0,10,50,500,5000,2.24,4.0,5189510.1,-6.67,600.0,18.2,41.1,77.9,0.00119,none,0,0,0,500.0,0.01,met,VALID
2025-10-23 06:00:00,GOV-EMERG-001,central,portal-main,190.5,10,0.238,0.0381,normal,none,1.0,False,0.0,10,50,500,5000,1.0,4.0,5188710.1,-6.67,600.0,24.0,58.0,108.4,0.00089,none,0,0,0,500.0,0.01,met,VALID
2025-10-23 08:00:00,GOV-EMERG-001,central,api-data,532.8,27,0.666,0.1066,normal,none,1.0,False,0.0,10,50,500,5000,9.26,4.0,5187910.1,-6.67,600.0,21.9,52.8,105.0,0.00069,none,0,0,0,500.0,0.01,met,VALID
2025-10-23 10:00:00,GOV-EMERG-001,central,status-page,860.3,51,1.075,0.1721,normal,none,1.0,False,0.0,10,50,500,5000,16.26,11.21,5187110.1,-6.67,600.0,30.7,79.3,178.0,0.00121,none,0,0,0,500.0,0.01,met,VALID
2025-10-23 12:00:00,GOV-EMERG-001,central,portal-main,684.8,36,0.856,0.137,normal,none,1.0,False,0.0,10,50,500,5000,14.940000000000001,7.49,5186310.1,-6.67,600.0,30.3,70.85,150.1,0.00113,none,0,0,0,500.0,0.01,met,IMPUTED_MISSING
2025-10-23 14:00:00,GOV-EMERG-001,central,api-data,843.1,39,1.054,0.1686,normal,none,1.0,False,0.0,10,50,500,5000,13.62,10.06,5185510.1,-6.67,600.0,30.6,62.4,160.2,8e-05,none,0,0,0,500.0,0.01,met,VALID
2025-10-23 16:00:00,GOV-EMERG-001,central,status-page,665.2,34,0.832,0.133,normal,none,1.0,False,0.0,10,50,500,5000,7.57,6.93,5184710.1,-6.67,600.0,33.5,84.4,136.4,0.00121,none,0,0,0,500.0,0.01,met,VALID
2025-10-23 18:00:00,GOV-EMERG-001,central,portal-main,519.3,26,0.649,0.1039,normal,none,1.0,False,0.0,10,50,500,5000,6.76,6.75,5183910.1,-6.67,600.0,21.9,53.4,90.4,0.00147,none,0,0,0,500.0,0.01,met,VALID
2025-10-23 20:00:00,GOV-EMERG-001,central,portal-main,370.1,18,0.463,0.074,normal,none,1.0,False,0.0,10,50,500,5000,6.6,4.68,5183110.1,-6.67,600.0,23.8,48.6,139.9,0.00095,none,0,0,0,500.0,0.01,met,VALID
2025-10-23 22:00:00,GOV-EMERG-001,central,status-page,217.3,8,0.272,0.0435,normal,none,1.0,False,0.0,10,50,500,5000,1.06,4.0,5182310.1,-6.67,600.0,27.8,57.0,157.8,0.00091,none,0,0,0,500.0,0.01,met,VALID
2025-10-24 00:00:00,GOV-EMERG-001,central,status-page,117.2,7,0.146,0.0234,normal,none,1.0,False,0.0,10,50,500,5000,1.87,4.0,5181510.1,-6.67,600.0,26.7,60.9,132.7,0.00176,none,0,0,0,500.0,0.01,met,IMPUTED_MISSING
2025-10-24 02:00:00,GOV-EMERG-001,central,portal-main,68.2,4,0.085,0.0136,normal,none,1.0,False,0.0,10,50,500,5000,3.44,4.0,5180710.1,-6.67,600.0,28.4,44.3,88.4,0.00072,none,0,0,0,500.0,0.01,met,IMPUTED_MISSING
2025-10-24 04:00:00,GOV-EMERG-001,central,portal-main,62.1,3,0.078,0.0124,normal,none,1.0,False,0.0,10,50,500,5000,2.2199999999999998,4.0,5179910.1,-6.67,600.0,30.1,71.0,122.8,0.00093,none,0,0,0,500.0,0.01,met,IMPUTED_MISSING
2025-10-24 06:00:00,GOV-EMERG-001,central,api-data,166.5,8,0.208,0.0333,normal,none,1.0,False,0.0,10,50,500,5000,1.0,4.0,5179110.1,-6.67,600.0,32.0,68.3,190.6,0.00113,none,0,0,0,500.0,0.01,met,VALID
2025-10-24 08:00:00,GOV-EMERG-001,central,portal-main,526.0,25,0.658,0.1052,normal,none,1.0,False,0.0,10,50,500,5000,10.88,7.35,5178310.1,-6.67,600.0,29.6,76.3,118.9,0.00102,none,0,0,0,500.0,0.01,met,VALID
2025-10-24 10:00:00,GOV-EMERG-001,central,portal-main,792.5,32,0.991,0.1585,normal,none,1.0,False,0.0,10,50,500,5000,12.89,11.5,5177510.1,-6.67,600.0,23.7,54.6,105.9,0.00089,none,0,0,0,500.0,0.01,met,VALID
2025-10-24 12:00:00,GOV-EMERG-001,central,portal-main,705.3,24,0.882,0.1411,normal,none,1.0,False,0.0,10,50,500,5000,11.49,10.26,5176710.1,-6.67,600.0,29.7,72.9,159.7,0.00104,none,0,0,0,500.0,0.01,met,VALID
2025-10-24 14:00:00,GOV-EMERG-001,central,portal-main,710.7,32,0.888,0.1421,normal,none,1.0,False,0.0,10,50,500,5000,9.22,6.96,5175910.1,-6.67,600.0,30.5,63.3,179.2,0.00163,none,0,0,0,500.0,0.01,met,VALID
2025-10-24 16:00:00,GOV-EMERG-001,central,portal-main,608.2,29,0.76,0.1216,normal,none,1.0,False,0.0,10,50,500,5000,13.02,9.91,5175110.1,-6.67,600.0,27.4,64.9,115.9,0.00132,none,0,0,0,500.0,0.01,met,VALID
2025-10-24 18:00:00,GOV-EMERG-001,central,api-data,477.0,18,0.596,0.0954,normal,none,1.0,False,0.0,10,50,500,5000,6.78,8.01,5174310.1,-6.67,600.0,33.0,83.2,183.2,0.00097,none,0,0,0,500.0,0.01,met,VALID
2025-10-24 20:00:00,GOV-EMERG-001,central,portal-main,345.2,18,0.432,0.069,normal,none,1.0,False,0.0,10,50,500,5000,5.0,4.0,5173510.1,-6.67,600.0,26.4,53.1,123.1,0.00065,none,0,0,0,500.0,0.01,met,IMPUTED_MISSING
2025-10-24 22:00:00,GOV-EMERG-001,central,api-data,191.2,11,0.239,0.0382,normal,none,1.0,False,0.0,10,50,500,5000,5.45,5.04,5172710.1,-6.67,600.0,34.4,80.0,184.4,0.00071,none,0,0,0,500.0,0.01,met,VALID
2025-10-25 00:00:00,GOV-EMERG-001,central,portal-main,95.9,5,0.12,0.0192,normal,none,1.0,False,0.0,10,50,500,5000,3.52,4.0,5171910.1,-6.67,600.0,28.6,61.5,120.0,0.00138,none,0,0,0,500.0,0.01,met,VALID
2025-10-25 02:00:00,GOV-EMERG-001,central,portal-main,65.0,3,0.081,0.013,normal,none,1.0,False,0.0,10,50,500,5000,3.56,4.0,5171110.1,-6.67,600.0,26.4,60.5,151.5,0.00036,none,0,0,0,500.0,0.01,met,VALID
2025-10-25 04:00:00,GOV-EMERG-001,central,portal-main,50.5,2,0.063,0.0101,normal,none,1.0,False,0.0,10,50,500,5000,1.0,5.55,5170310.1,-6.67,600.0,28.9,72.0,156.7,0.00196,none,0,0,0,500.0,0.01,met,VALID
2025-10-25 06:00:00,GOV-EMERG-001,central,portal-main,164.2,9,0.205,0.0328,normal,none,1.0,False,0.0,10,50,500,5000,2.45,4.91,5169510.1,-6.67,600.0,30.0,77.2,189.0,0.00099,none,0,0,0,500.0,0.01,met,IMPUTED_MISSING
2025-10-25 08:00:00,GOV-EMERG-001,central,portal-main,453.0,23,0.566,0.0906,normal,none,1.0,False,0.0,10,50,500,5000,3.26,4.0,5168710.1,-6.67,600.0,31.1,76.2,155.6,0.00045,none,0,0,0,500.0,0.01,met,VALID
2025-10-25 10:00:00,GOV-EMERG-001,central,portal-main,622.7,33,0.778,0.1245,normal,none,1.0,False,0.0,10,50,500,5000,13.45,6.36,5167910.1,-6.67,600.0,28.3,60.1,163.2,0.00107,none,0,0,0,500.0,0.01,met,VALID
2025-10-25 12:00:00,GOV-EMERG-001,central,portal-main,520.2,34,0.65,0.104,normal,none,1.0,False,0.0,10,50,500,5000,8.95,4.49,5167110.1,-6.67,600.0,25.3,63.1,128.4,0.00068,none,0,0,0,500.0,0.01,met,VALID
2025-10-25 14:00:00,GOV-EMERG-001,central,portal-main,644.3,28,0.805,0.1289,normal,none,1.0,False,0.0,10,50,500,5000,12.11,9.18,5166310.1,-6.67,600.0,24.2,57.3,121.7,0.00083,none,0,0,0,500.0,0.01,met,VALID
2025-10-25 16:00:00,GOV-EMERG-001,central,api-data,518.1,13,0.648,0.1036,normal,none,1.0,False,0.0,10,50,500,5000,10.89,7.49,5165510.1,-6.67,600.0,18.1,37.0,75.9,0.0004,none,0,0,0,500.0,0.01,met,VALID
2025-10-25 18:00:00,GOV-EMERG-001,central,portal-main,404.0,17,0.505,0.0808,normal,none,1.0,False,0.0,10,50,500,5000,6.92,9.46,5164710.1,-6.67,600.0,27.9,70.2,157.0,0.0009,none,0,0,0,500.0,0.01,met,VALID
2025-10-25 20:00:00,GOV-EMERG-001,central,status-page,294.9,16,0.369,0.059,normal,none,1.0,False,0.0,10,50,500,5000,6.08,4.0,5163910.1,-6.67,600.0,25.0,50.9,120.7,0.00015,none,0,0,0,500.0,0.01,met,IMPUTED_MISSING
2025-10-25 22:00:00,GOV-EMERG-001,central,api-data,191.9,10,0.24,0.0384,normal,none,1.0,False,0.0,10,50,500,5000,4.05,5.43,5163110.1,-6.67,600.0,24.7,49.7,128.2,0.00076,none,0,0,0,500.0,0.01,met,VALID
2025-10-26 00:00:00,GOV-EMERG-001,central,portal-main,89.8,4,0.112,0.018,normal,none,1.0,False,0.0,10,50,500,5000,5.5,8.32,5162310.1,-6.67,600.0,29.6,73.9,156.8,0.00067,none,0,0,0,500.0,0.01,met,VALID
2025-10-26 02:00:00,GOV-EMERG-001,central,portal-main,61.7,2,0.077,0.0123,normal,none,1.0,False,0.0,10,50,500,5000,3.66,4.0,5161510.1,-6.67,600.0,24.9,49.9,138.0,0.0008,none,0,0,0,500.0,0.01,met,VALID
2025-10-26 04:00:00,GOV-EMERG-001,central,portal-main,44.5,2,0.056,0.0089,normal,none,1.0,False,0.0,10,50,500,5000,1.0,4.0,5160710.1,-6.67,600.0,32.8,67.4,169.0,0.00069,none,0,0,0,500.0,0.01,met,VALID
2025-10-26 06:00:00,GOV-EMERG-001,central,portal-main,151.8,6,0.19,0.0304,normal,none,1.0,False,0.0,10,50,500,5000,2.7,4.31,5159910.1,-6.67,600.0,23.5,47.2,123.1,0.00101,none,0,0,0,500.0,0.01,met,VALID
2025-10-26 08:00:00,GOV-EMERG-001,central,portal-main,418.7,23,0.523,0.0837,normal,none,1.0,False,0.0,10,50,500,5000,5.9,4.76,5159110.1,-6.67,600.0,23.4,59.2,118.0,0.00136,none,0,0,0,500.0,0.01,met,VALID
2025-10-26 10:00:00,GOV-EMERG-001,central,portal-main,636.9,30,0.796,0.1274,normal,none,1.0,False,0.0,10,50,500,5000,8.27,4.0,5158310.1,-6.67,600.0,23.6,47.9,123.5,0.00114,none,0,0,0,500.0,0.01,met,VALID
2025-10-26 12:00:00,GOV-EMERG-001,central,portal-main,525.4,24,0.657,0.1051,normal,none,1.0,False,0.0,10,50,500,5000,4.03,5.42,5157510.1,-6.67,600.0,30.8,68.5,150.7,0.00152,none,0,0,0,500.0,0.01,met,VALID
2025-10-26 14:00:00,GOV-EMERG-001,central,portal-main,592.8,26,0.741,0.1186,normal,none,1.0,False,0.0,10,50,500,5000,14.43,11.75,5156710.1,-6.67,600.0,33.0,70.2,183.1,0.0008,none,0,0,0,500.0,0.01,met,VALID
2025-10-26 16:00:00,GOV-EMERG-001,central,api-data,537.0,28,0.671,0.1074,normal,none,1.0,False,0.0,10,50,500,5000,9.705,7.83,5155910.1,-6.67,600.0,25.6,56.5,144.1,0.00113,none,0,0,0,500.0,0.01,met,IMPUTED_MISSING
2025-10-26 18:00:00,GOV-EMERG-001,central,api-data,388.2,20,0.485,0.0776,normal,none,1.0,False,0.0,10,50,500,5000,4.98,4.0,5155110.1,-6.67,600.0,22.8,49.7,115.0,0.00115,none,0,0,0,500.0,0.01,met,VALID
2025-10-26 20:00:00,GOV-EMERG-001,central,api-data,255.0,13,0.319,0.051,normal,none,1.0,False,0.0,10,50,500,5000,7.41,4.0,5154310.1,-6.67,600.0,32.5,82.2,139.4,0.00146,none,0,0,0,500.0,0.01,met,VALID
2025-10-26 22:00:00,GOV-EMERG-001,central,portal-main,189.4,10,0.237,0.0379,normal,none,1.0,False,0.0,10,50,500,5000,4.58,4.41,5153510.1,-6.67,600.0,20.2,49.7,95.8,0.00071,none,0,0,0,500.0,0.01,met,VALID
2025-10-27 00:00:00,GOV-EMERG-001,central,portal-main,113.5,6,0.142,0.0227,normal,none,1.0,False,0.0,10,50,500,5000,4.34,4.0,5152710.1,-6.67,600.0,29.6,52.95,168.2,0.00132,none,0,0,0,500.0,0.01,met,IMPUTED_MISSING
2025-10-27 02:00:00,GOV-EMERG-001,central,portal-main,79.7,3,0.1,0.0159,normal,none,1.0,False,0.0,10,50,500,5000,4.52,4.0,5151910.1,-6.67,600.0,23.1,56.2,134.9,0.00066,none,0,0,0,500.0,0.01,met,VALID
2025-10-27 04:00:00,GOV-EMERG-001,central,api-data,65.1,3,0.081,0.013,normal,none,1.0,False,0.0,10,50,500,5000,1.01,4.0,5151110.1,-6.67,600.0,26.9,59.2,122.0,0.00077,none,0,0,0,500.0,0.01,met,VALID
2025-10-27 06:00:00,GOV-EMERG-001,central,portal-main,202.7,9,0.253,0.0405,normal,none,1.0,False,0.0,10,50,500,5000,1.0,4.0,5150310.1,-6.67,600.0,30.4,64.1,178.6,0.00086,none,0,0,0,500.0,0.01,met,VALID
2025-10-27 08:00:00,GOV-EMERG-001,central,portal-main,554.7,37,0.693,0.1109,normal,none,1.0,False,0.0,10,50,500,5000,3.34,7.36,5149510.1,-6.67,600.0,30.0,69.6,136.7,0.00118,none,0,0,0,500.0,0.01,met,VALID
2025-10-27 10:00:00,GOV-EMERG-001,central,portal-main,792.6,31,0.991,0.1585,normal,none,1.0,False,0.0,10,50,500,5000,10.18,5.31,5148710.1,-6.67,600.0,28.5,63.2,166.5,0.00057,none,0,0,0,500.0,0.01,met,VALID
2025-10-27 12:00:00,GOV-EMERG-001,central,status-page,711.5,33,0.889,0.1423,normal,none,1.0,False,0.0,10,50,500,5000,11.71,7.68,5147910.1,-6.67,600.0,34.7,82.9,203.9,0.00062,none,0,0,0,500.0,0.01,met,IMPUTED_MISSING
2025-10-27 14:00:00,GOV-EMERG-001,central,portal-main,755.4,38,0.944,0.1511,normal,none,1.0,False,0.0,10,50,500,5000,13.24,6.28,5147110.1,-6.67,600.0,30.6,61.9,153.3,0.00074,none,0,0,0,500.0,0.01,met,VALID
2025-10-27 16:00:00,GOV-EMERG-001,central,portal-main,753.1,36,0.941,0.1506,normal,none,1.0,False,0.0,10,50,500,5000,12.32,5.495,5146310.1,-6.67,600.0,44.2,107.2,260.6,0.00102,none,0,0,0,500.0,0.01,met,IMPUTED_MISSING
2025-10-27 18:00:00,GOV-EMERG-001,central,portal-main,514.3,30,0.643,0.1029,normal,none,1.0,False,0.0,10,50,500,5000,12.84,4.71,5145510.1,-6.67,600.0,21.0,45.9,107.3,0.00063,none,0,0,0,500.0,0.01,met,VALID
2025-10-27 20:00:00,GOV-EMERG-001,central,portal-main,370.7,18,0.463,0.0741,normal,none,1.0,False,0.0,10,50,500,5000,4.77,4.0,5144710.1,-6.67,600.0,20.1,45.8,95.7,0.00111,none,0,0,0,500.0,0.01,met,VALID
2025-10-27 22:00:00,GOV-EMERG-001,central,portal-main,220.3,11,0.275,0.0441,normal,none,1.0,False,0.0,10,50,500,5000,4.37,4.0,5143910.1,-6.67,600.0,30.1,78.0,169.3,0.00086,none,0,0,0,500.0,0.01,met,VALID
2025-10-28 00:00:00,GOV-EMERG-001,central,portal-main,117.9,7,0.147,0.0236,normal,none,1.0,False,0.0,10,50,500,5000,1.0,4.0,5143110.1,-6.67,600.0,25.5,54.2,107.4,0.00126,none,0,0,0,500.0,0.01,met,VALID
2025-10-28 02:00:00,GOV-EMERG-001,central,portal-main,78.2,5,0.098,0.0156,normal,none,1.0,False,0.0,10,50,500,5000,1.0,4.0,5142310.1,-6.67,600.0,28.6,59.1,126.6,0.00103,none,0,0,0,500.0,0.01,met,VALID
2025-10-28 04:00:00,GOV-EMERG-001,central,api-data,59.0,4,0.074,0.0118,normal,none,1.0,False,0.0,10,50,500,5000,2.79,4.0,5141510.1,-6.67,600.0,20.9,44.4,92.5,0.0017,none,0,0,0,500.0,0.01,met,VALID
2025-10-28 06:00:00,GOV-EMERG-001,central,portal-main,198.4,10,0.248,0.0397,normal,none,1.0,False,0.0,10,50,500,5000,4.45,4.84,5140710.1,-6.67,600.0,26.3,58.0,137.7,0.00105,none,0,0,0,500.0,0.01,met,IMPUTED_MISSING
2025-10-28 08:00:00,GOV-EMERG-001,central,api-data,548.6,27,0.686,0.1097,normal,none,1.0,False,0.0,10,50,500,5000,10.18,5.68,5139910.1,-6.67,600.0,29.9,69.4,162.0,0.00051,none,0,0,0,500.0,0.01,met,VALID
2025-10-28 10:00:00,GOV-EMERG-001,central,portal-main,846.9,43,1.059,0.1694,normal,none,1.0,False,0.0,10,50,500,5000,13.54,4.51,5139110.1,-6.67,600.0,27.9,72.3,158.5,0.00091,none,0,0,0,500.0,0.01,met,VALID
2025-10-28 12:00:00,GOV-EMERG-001,central,api-data,676.9,35,0.846,0.1354,normal,none,1.0,False,0.0,10,50,500,5000,9.96,9.12,5138310.1,-6.67,600.0,29.8,75.3,173.1,0.00101,none,0,0,0,500.0,0.01,met,VALID
2025-10-28 14:00:00,GOV-EMERG-001,central,portal-main,776.9,33,0.971,0.1554,normal,none,1.0,False,0.0,10,50,500,5000,13.48,7.61,5137510.1,-6.67,600.0,24.2,58.7,138.9,0.00064,none,0,0,0,500.0,0.01,met,VALID
2025-10-28 16:00:00,GOV-EMERG-001,central,api-data,649.5,38,0.812,0.1299,normal,none,1.0,False,0.0,10,50,500,5000,8.36,4.0,5136710.1,-6.67,600.0,30.3,73.7,162.6,0.00161,none,0,0,0,500.0,0.01,met,VALID
2025-10-28 18:00:00,GOV-EMERG-001,central,portal-main,557.5,29,0.697,0.1115,normal,none,1.0,False,0.0,10,50,500,5000,12.54,4.0,5135910.1,-6.67,600.0,33.9,73.6,197.7,0.00088,none,0,0,0,500.0,0.01,met,VALID
2025-10-28 20:00:00,GOV-EMERG-001,central,status-page,344.4,17,0.43,0.0689,normal,none,1.0,False,0.0,10,50,500,5000,6.37,4.73,5135110.1,-6.67,600.0,21.9,56.0,99.7,0.00074,none,0,0,0,500.0,0.01,met,VALID
2025-10-28 22:00:00,GOV-EMERG-001,central,portal-main,230.3,9,0.288,0.0461,normal,none,1.0,False,0.0,10,50,500,5000,2.3,4.0,5134310.1,-6.67,600.0,21.0,48.8,114.6,0.00107,none,0,0,0,500.0,0.01,met,VALID
2025-10-29 00:00:00,GOV-EMERG-001,central,api-data,125.8,6,0.157,0.0252,normal,none,1.0,False,0.0,10,50,500,5000,4.65,4.0,5133510.1,-6.67,600.0,30.4,63.8,126.3,0.00123,none,0,0,0,500.0,0.01,met,IMPUTED_MISSING
2025-10-29 02:00:00,GOV-EMERG-001,central,api-data,79.4,4,0.099,0.0159,normal,none,1.0,False,0.0,10,50,500,5000,2.39,4.67,5132710.1,-6.67,600.0,20.1,51.8,85.6,0.00139,none,0,0,0,500.0,0.01,met,IMPUTED_MISSING
2025-10-29 04:00:00,GOV-EMERG-001,central,portal-main,59.6,3,0.074,0.0119,normal,none,1.0,False,0.0,10,50,500,5000,1.0,4.0,5131910.1,-6.67,600.0,28.7,66.0,127.6,0.00131,none,0,0,0,500.0,0.01,met,VALID
2025-10-29 06:00:00,GOV-EMERG-001,central,portal-main,186.4,8,0.233,0.0373,normal,none,1.0,False,0.0,10,50,500,5000,2.23,4.0,5131110.1,-6.67,600.0,26.2,54.8,110.1,0.00105,none,0,0,0,500.0,0.01,met,VALID
2025-10-29 08:00:00,GOV-EMERG-001,central,portal-main,584.1,31,0.73,0.1168,normal,none,1.0,False,0.0,10,50,500,5000,11.18,6.81,5130310.1,-6.67,600.0,26.6,65.0,158.0,0.00124,none,0,0,0,500.0,0.01,met,VALID
2025-10-29 10:00:00,GOV-EMERG-001,central,portal-main,749.6,49,0.937,0.1499,normal,none,1.0,False,0.0,10,50,500,5000,17.56,11.34,5129510.1,-6.67,600.0,35.3,75.5,174.0,0.0008,none,0,0,0,500.0,0.01,met,VALID
2025-10-29 12:00:00,GOV-EMERG-001,central,portal-main,777.1,40,0.971,0.1554,normal,none,1.0,False,0.0,10,50,500,5000,11.7,8.38,5128710.1,-6.67,600.0,33.0,69.7,191.9,0.0004,none,0,0,0,500.0,0.01,met,IMPUTED_MISSING
2025-10-29 14:00:00,GOV-EMERG-001,central,portal-main,804.6,50,1.006,0.1609,normal,none,1.0,False,0.0,10,50,500,5000,10.77,4.0,5127910.1,-6.67,600.0,30.9,66.8,153.1,0.00087,none,0,0,0,500.0,0.01,met,VALID
2025-10-29 16:00:00,GOV-EMERG-001,central,portal-main,692.8,38,0.866,0.1386,normal,none,1.0,False,0.0,10,50,500,5000,10.37,5.38,5127110.1,-6.67,600.0,20.4,47.9,110.2,0.0008,none,0,0,0,500.0,0.01,met,VALID
2025-10-29 18:00:00,GOV-EMERG-001,central,portal-main,532.3,32,0.665,0.1065,normal,none,1.0,False,0.0,10,50,500,5000,8.49,4.0,5126310.1,-6.67,600.0,30.8,67.1,143.2,0.0006900000000000001,none,0,0,0,500.0,0.01,met,IMPUTED_MISSING
2025-10-29 20:00:00,GOV-EMERG-001,central,api-data,343.2,22,0.429,0.0686,normal,none,1.0,False,0.0,10,50,500,5000,7.215,4.77,5125510.1,-6.67,600.0,22.6,45.7,133.1,0.00058,none,0,0,0,500.0,0.01,met,IMPUTED_MISSING
2025-10-29 22:00:00,GOV-EMERG-001,central,portal-main,213.1,9,0.266,0.0426,normal,none,1.0,False,0.0,10,50,500,5000,5.94,6.32,5124710.1,-6.67,600.0,25.2,56.3,102.7,0.00051,none,0,0,0,500.0,0.01,met,VALID
2025-10-30 00:00:00,GOV-EMERG-001,central,api-data,124.3,5,0.155,0.0249,normal,none,1.0,False,0.0,10,50,500,5000,1.0,6.44,5123910.1,-6.67,600.0,25.7,54.9,138.5,0.00058,none,0,0,0,500.0,0.01,met,VALID
2025-10-30 02:00:00,GOV-EMERG-001,central,portal-main,77.5,4,0.097,0.0155,normal,none,1.0,False,0.0,10,50,500,5000,2.06,4.0,5123110.1,-6.67,600.0,33.0,76.1,194.6,0.00153,none,0,0,0,500.0,0.01,met,VALID
2025-10-30 04:00:00,GOV-EMERG-001,central,portal-main,55.2,3,0.069,0.011,normal,none,1.0,False,0.0,10,50,500,5000,1.0,4.0,5122310.1,-6.67,600.0,24.3,55.2,135.3,0.0012,none,0,0,0,500.0,0.01,met,VALID
2025-10-30 06:00:00,GOV-EMERG-001,central,portal-main,206.5,11,0.258,0.0413,normal,none,1.0,False,0.0,10,50,500,5000,2.09,4.97,5121510.1,-6.67,600.0,20.4,41.7,115.3,0.00139,none,0,0,0,500.0,0.01,met,VALID
2025-10-30 08:00:00,GOV-EMERG-001,central,api-data,531.0,25,0.664,0.1062,normal,none,1.0,False,0.0,10,50,500,5000,10.38,7.32,5120710.1,-6.67,600.0,33.8,72.7,155.6,0.0012,none,0,0,0,500.0,0.01,met,VALID
2025-10-30 10:00:00,GOV-EMERG-001,central,portal-main,818.7,37,1.023,0.1637,normal,none,1.0,False,0.0,10,50,500,5000,10.47,9.01,5119910.1,-6.67,600.0,32.8,71.1,160.8,0.00143,none,0,0,0,500.0,0.01,met,IMPUTED_MISSING
2025-10-30 12:00:00,GOV-EMERG-001,central,status-page,809.7,49,1.012,0.1619,normal,none,1.0,False,0.0,10,50,500,5000,12.835,8.97,5119110.1,-6.67,600.0,32.6,74.7,139.3,0.00101,none,0,0,0,500.0,0.01,met,IMPUTED_MISSING
2025-10-30 14:00:00,GOV-EMERG-001,central,portal-main,800.7,33,1.001,0.1601,normal,none,1.0,False,0.0,10,50,500,5000,15.2,12.07,5118310.1,-6.67,600.0,35.7,89.1,169.8,0.00161,none,0,0,0,500.0,0.01,met,VALID
2025-10-30 16:00:00,GOV-EMERG-001,central,portal-main,713.9,40,0.892,0.1428,normal,none,1.0,False,0.0,10,50,500,5000,8.05,6.75,5117510.1,-6.67,600.0,36.1,76.8,144.8,0.00051,none,0,0,0,500.0,0.01,met,VALID
2025-10-30 18:00:00,GOV-EMERG-001,central,portal-main,524.0,28,0.655,0.1048,normal,none,1.0,False,0.0,10,50,500,5000,9.33,5.27,5116710.1,-6.67,600.0,24.4,51.0,135.4,0.00097,none,0,0,0,500.0,0.01,met,VALID
2025-10-30 20:00:00,GOV-EMERG-001,central,portal-main,388.6,14,0.486,0.0777,normal,none,1.0,False,0.0,10,50,500,5000,5.0,4.0,5115910.1,-6.67,600.0,21.5,43.1,127.2,0.00059,none,0,0,0,500.0,0.01,met,VALID
2025-10-30 22:00:00,GOV-EMERG-001,central,portal-main,212.1,9,0.265,0.0424,normal,none,1.0,False,0.0,10,50,500,5000,4.77,4.0,5115110.1,-6.67,600.0,29.5,69.7,159.2,0.0015,none,0,0,0,500.0,0.01,met,VALID
2025-10-31 00:00:00,GOV-EMERG-001,central,portal-main,114.0,5,0.142,0.0228,normal,none,1.0,False,0.0,10,50,500,5000,4.81,4.0,5114310.1,-6.67,600.0,24.5,53.9,137.9,0.00117,none,0,0,0,500.0,0.01,met,VALID
2025-10-31 02:00:00,GOV-EMERG-001,central,portal-main,78.6,4,0.098,0.0157,normal,none,1.0,False,0.0,10,50,500,5000,1.0,4.0,5113510.1,-6.67,600.0,24.7,59.4,124.2,0.00147,none,0,0,0,500.0,0.01,met,VALID
2025-10-31 04:00:00,GOV-EMERG-001,central,portal-main,60.2,3,0.075,0.012,normal,none,1.0,False,0.0,10,50,500,5000,2.68,4.0,5112710.1,-6.67,600.0,20.8,58.45,91.2,0.00044,none,0,0,0,500.0,0.01,met,IMPUTED_MISSING
2025-10-31 06:00:00,GOV-EMERG-001,central,portal-main,200.9,10,0.251,0.0402,normal,none,1.0,False,0.0,10,50,500,5000,1.85,7.0,5111910.1,-6.67,600.0,28.4,57.5,154.4,0.00076,none,0,0,0,500.0,0.01,met,VALID
2025-10-31 08:00:00,GOV-EMERG-001,central,status-page,520.5,20,0.651,0.1041,normal,none,1.0,False,0.0,10,50,500,5000,10.18,4.0,5111110.1,-6.67,600.0,29.5,66.4,135.7,0.00029,none,0,0,0,500.0,0.01,met,VALID
2025-10-31 10:00:00,GOV-EMERG-001,central,portal-main,838.6,58,1.048,0.1677,normal,none,1.0,False,0.0,10,50,500,5000,14.72,8.13,5110310.1,-6.67,600.0,29.4,75.9,144.7,0.00114,none,0,0,0,500.0,0.01,met,VALID
2025-10-31 12:00:00,GOV-EMERG-001,central,portal-main,756.6,38,0.946,0.1513,normal,none,1.0,False,0.0,10,50,500,5000,12.35,6.61,5109510.1,-6.67,600.0,23.9,51.8,138.7,0.00083,none,0,0,0,500.0,0.01,met,VALID
2025-10-31 14:00:00,GOV-EMERG-001,central,status-page,770.7,42,0.963,0.1541,normal,none,1.0,False,0.0,10,50,500,5000,13.11,11.42,5108710.1,-6.67,600.0,34.4,79.7,163.2,0.0013,none,0,0,0,500.0,0.01,met,VALID
2025-10-31 16:00:00,GOV-EMERG-001,central,portal-main,663.8,30,0.83,0.1328,normal,none,1.0,False,0.0,10,50,500,5000,11.46,9.31,5107910.1,-6.67,600.0,29.9,69.3,136.7,0.00101,none,0,0,0,500.0,0.01,met,VALID
2025-10-31 18:00:00,GOV-EMERG-001,central,portal-main,523.4,23,0.654,0.1047,normal,none,1.0,False,0.0,10,50,500,5000,9.97,4.0,5107110.1,-6.67,600.0,32.4,69.9,131.6,0.00015,none,0,0,0,500.0,0.01,met,VALID
2025-10-31 20:00:00,GOV-EMERG-001,central,api-data,321.7,21,0.402,0.0643,normal,none,1.0,False,0.0,10,50,500,5000,6.56,4.0,5106310.1,-6.67,600.0,18.3,45.2,98.9,0.00034,none,0,0,0,500.0,0.01,met,VALID
2025-10-31 22:00:00,GOV-EMERG-001,central,status-page,198.8,7,0.249,0.0398,normal,none,1.0,False,0.0,10,50,500,5000,4.19,8.19,5105510.1,-6.67,600.0,26.3,52.6,116.4,0.00103,none,0,0,0,500.0,0.01,met,VALID
